/*
SQLyog Community v13.1.6 (64 bit)
MySQL - 8.0.23 : Database - epidemic
*********************************************************************
*/

/*!40101 SET NAMES utf8 */;

/*!40101 SET SQL_MODE=''*/;

/*!40014 SET @OLD_UNIQUE_CHECKS=@@UNIQUE_CHECKS, UNIQUE_CHECKS=0 */;
/*!40014 SET @OLD_FOREIGN_KEY_CHECKS=@@FOREIGN_KEY_CHECKS, FOREIGN_KEY_CHECKS=0 */;
/*!40101 SET @OLD_SQL_MODE=@@SQL_MODE, SQL_MODE='NO_AUTO_VALUE_ON_ZERO' */;
/*!40111 SET @OLD_SQL_NOTES=@@SQL_NOTES, SQL_NOTES=0 */;
CREATE DATABASE /*!32312 IF NOT EXISTS*/`epidemic` /*!40100 DEFAULT CHARACTER SET utf8mb4 COLLATE utf8mb4_0900_ai_ci */ /*!80016 DEFAULT ENCRYPTION='N' */;

USE `epidemic`;

/*Table structure for table `epidemic_case` */

DROP TABLE IF EXISTS `epidemic_case`;

CREATE TABLE `epidemic_case` (
  `case_id` bigint NOT NULL AUTO_INCREMENT COMMENT '病例id',
  `patient_id` bigint NOT NULL COMMENT '患者id',
  `illness_id` bigint NOT NULL COMMENT '病id',
  `infected_region_id` bigint NOT NULL DEFAULT '0' COMMENT '感染地区id',
  `infected_address` varchar(255) CHARACTER SET utf8mb4 COLLATE utf8mb4_general_ci NOT NULL DEFAULT '' COMMENT '感染详细地址',
  `is_cure` tinyint NOT NULL DEFAULT '0' COMMENT '是否治愈（0否 1是）',
  `is_hosp` tinyint NOT NULL DEFAULT '0' COMMENT '是否住院（0否 1是）',
  `is_die` tinyint NOT NULL DEFAULT '0' COMMENT '是否死亡（0否 1是）',
  `infect_time` datetime DEFAULT NULL COMMENT '感染时间',
  `cure_time` datetime DEFAULT NULL COMMENT '治愈时间',
  `is_delete` tinyint unsigned NOT NULL DEFAULT '0' COMMENT '删除标志（0代表存在 1代表删除）',
  `create_by` varchar(30) CHARACTER SET utf8mb4 COLLATE utf8mb4_general_ci NOT NULL DEFAULT '' COMMENT '创建者',
  `create_time` datetime DEFAULT NULL COMMENT '创建时间',
  `update_by` varchar(30) CHARACTER SET utf8mb4 COLLATE utf8mb4_general_ci NOT NULL DEFAULT '' COMMENT '更新者',
  `update_time` datetime DEFAULT NULL COMMENT '更新时间',
  `remark` varchar(255) CHARACTER SET utf8mb4 COLLATE utf8mb4_general_ci NOT NULL DEFAULT '' COMMENT '备注',
  PRIMARY KEY (`case_id`) USING BTREE,
  KEY `patient` (`patient_id`),
  KEY `illness` (`illness_id`)
) ENGINE=InnoDB AUTO_INCREMENT=19 DEFAULT CHARSET=utf8mb4 COLLATE=utf8mb4_general_ci;

/*Data for the table `epidemic_case` */

insert  into `epidemic_case`(`case_id`,`patient_id`,`illness_id`,`infected_region_id`,`infected_address`,`is_cure`,`is_hosp`,`is_die`,`infect_time`,`cure_time`,`is_delete`,`create_by`,`create_time`,`update_by`,`update_time`,`remark`) values 
(1,1,1,1,'aaaaaa',0,1,1,'2022-05-02 10:07:52',NULL,0,'',NULL,'',NULL,''),
(2,2,2,2,'dadadad',1,1,0,'2022-05-11 10:08:06','2022-05-20 10:08:27',0,'',NULL,'',NULL,''),
(3,3,1,4,'dada',1,1,0,'2022-05-09 10:08:44','2022-05-12 10:08:56',0,'',NULL,'',NULL,''),
(4,4,1,2,'fafa',0,0,0,'2022-05-09 10:09:00',NULL,0,'',NULL,'',NULL,''),
(5,5,1,5,'faf',1,0,0,'2022-05-12 10:09:07','2022-05-20 10:09:11',0,'',NULL,'',NULL,''),
(6,6,1,2,'afaf',1,1,0,'2022-05-10 10:09:14','2022-05-17 10:09:18',0,'',NULL,'',NULL,''),
(7,7,1,7,'afaf',1,0,0,'2022-05-07 10:09:22','2022-05-16 10:09:27',0,'',NULL,'',NULL,''),
(8,8,1,9,'eqwr',0,1,1,'2022-05-09 10:09:32',NULL,0,'',NULL,'',NULL,''),
(9,9,1,1,'fwqf',0,1,0,'2022-05-09 10:09:38',NULL,0,'',NULL,'',NULL,''),
(10,10,2,4,'gqgwgr',0,0,0,'2022-05-02 10:09:43',NULL,0,'',NULL,'',NULL,''),
(11,11,2,10,'qfqygq',1,0,0,'2022-05-19 10:09:47','2022-05-23 10:09:52',0,'',NULL,'',NULL,''),
(12,12,2,11,'grhet',1,1,0,'2022-05-09 10:09:57','2022-05-17 10:10:00',0,'',NULL,'',NULL,''),
(13,13,2,9,'grg',1,0,0,'2022-05-20 10:10:04','2022-05-23 10:10:06',0,'',NULL,'',NULL,''),
(14,14,1,10,'fwefew',0,0,1,'2022-05-12 10:10:13',NULL,0,'',NULL,'',NULL,''),
(15,15,1,2,'gege',0,1,1,'2022-05-17 10:10:16',NULL,0,'',NULL,'',NULL,''),
(16,16,1,6,'dqfqw',1,0,0,'2022-05-16 10:10:20','2022-05-18 10:10:22',0,'',NULL,'',NULL,''),
(17,17,1,6,'geaga',1,1,0,'2022-05-11 10:10:25','2022-05-18 10:10:28',0,'',NULL,'',NULL,'');

/*Table structure for table `epidemic_case_hospital` */

DROP TABLE IF EXISTS `epidemic_case_hospital`;

CREATE TABLE `epidemic_case_hospital` (
  `case_hospital_id` bigint NOT NULL AUTO_INCREMENT COMMENT '病例医院id',
  `case_id` bigint NOT NULL COMMENT '病例id',
  `hospital_id` bigint NOT NULL COMMENT '医院id',
  `visit_time` int NOT NULL DEFAULT '0' COMMENT '看病次数',
  `number` int NOT NULL DEFAULT '0' COMMENT '第几个去的医院',
  `is_delete` tinyint NOT NULL DEFAULT '0' COMMENT '删除标志（0代表存在 1代表删除）',
  `create_by` varchar(30) CHARACTER SET utf8mb4 COLLATE utf8mb4_general_ci NOT NULL DEFAULT '' COMMENT '创见者',
  `create_time` datetime DEFAULT NULL COMMENT '创建时间',
  `update_by` varchar(30) CHARACTER SET utf8mb4 COLLATE utf8mb4_general_ci NOT NULL DEFAULT '' COMMENT '更新者',
  `update_time` datetime DEFAULT NULL COMMENT '更新时间',
  `remark` varchar(255) CHARACTER SET utf8mb4 COLLATE utf8mb4_general_ci NOT NULL DEFAULT '' COMMENT '备注',
  PRIMARY KEY (`case_hospital_id`) USING BTREE,
  KEY `case` (`case_id`),
  KEY `hospital` (`hospital_id`)
) ENGINE=InnoDB AUTO_INCREMENT=10 DEFAULT CHARSET=utf8mb4 COLLATE=utf8mb4_general_ci;

/*Data for the table `epidemic_case_hospital` */

insert  into `epidemic_case_hospital`(`case_hospital_id`,`case_id`,`hospital_id`,`visit_time`,`number`,`is_delete`,`create_by`,`create_time`,`update_by`,`update_time`,`remark`) values 
(1,1,1,2,1,0,'',NULL,'',NULL,''),
(2,2,1,3,1,0,'',NULL,'',NULL,''),
(3,3,2,1,1,0,'',NULL,'',NULL,''),
(4,6,1,1,1,0,'',NULL,'',NULL,''),
(5,8,1,1,1,0,'',NULL,'',NULL,''),
(6,9,2,1,1,0,'',NULL,'',NULL,''),
(7,12,2,1,1,0,'',NULL,'',NULL,''),
(8,15,1,1,1,0,'',NULL,'',NULL,''),
(9,17,1,2,1,0,'',NULL,'',NULL,'');

/*Table structure for table `epidemic_category` */

DROP TABLE IF EXISTS `epidemic_category`;

CREATE TABLE `epidemic_category` (
  `category_id` bigint NOT NULL AUTO_INCREMENT COMMENT '类型id',
  `parent_id` bigint NOT NULL DEFAULT '0' COMMENT '上级类id',
  `category_name` varchar(30) CHARACTER SET utf8mb4 COLLATE utf8mb4_general_ci NOT NULL DEFAULT '' COMMENT '类名',
  `is_delete` tinyint DEFAULT '0' COMMENT '删除标志（0代表存在 1代表删除）',
  `create_by` varchar(30) CHARACTER SET utf8mb4 COLLATE utf8mb4_general_ci NOT NULL DEFAULT '' COMMENT '创建者',
  `create_time` decimal(10,0) DEFAULT NULL COMMENT '创建时间',
  `update_by` varchar(30) CHARACTER SET utf8mb4 COLLATE utf8mb4_general_ci NOT NULL DEFAULT '' COMMENT '更新者',
  `update_time` datetime DEFAULT NULL COMMENT '更新时间',
  `remark` varchar(255) CHARACTER SET utf8mb4 COLLATE utf8mb4_general_ci NOT NULL DEFAULT '' COMMENT '备注',
  PRIMARY KEY (`category_id`),
  KEY `parent` (`parent_id`)
) ENGINE=InnoDB AUTO_INCREMENT=10 DEFAULT CHARSET=utf8mb4 COLLATE=utf8mb4_general_ci;

/*Data for the table `epidemic_category` */

insert  into `epidemic_category`(`category_id`,`parent_id`,`category_name`,`is_delete`,`create_by`,`create_time`,`update_by`,`update_time`,`remark`) values 
(1,0,'传染病',0,'',NULL,'',NULL,''),
(2,0,'非传染病',0,'',NULL,'',NULL,''),
(3,1,'传_A',0,'',NULL,'',NULL,''),
(4,1,'传_B',0,'',NULL,'',NULL,''),
(5,3,'传_A_a',0,'',NULL,'',NULL,''),
(6,3,'传_A_b',0,'',NULL,'',NULL,''),
(7,2,'非_C',0,'',NULL,'',NULL,''),
(8,7,'非_C_a',0,'',NULL,'',NULL,''),
(9,7,'非_C_b',0,'',NULL,'',NULL,'');

/*Table structure for table `epidemic_company` */

DROP TABLE IF EXISTS `epidemic_company`;

CREATE TABLE `epidemic_company` (
  `company_id` bigint NOT NULL AUTO_INCREMENT COMMENT '公司id',
  `company_name` varchar(255) CHARACTER SET utf8mb4 COLLATE utf8mb4_0900_ai_ci DEFAULT NULL COMMENT '公司名',
  `company_address` varchar(255) CHARACTER SET utf8mb4 COLLATE utf8mb4_0900_ai_ci DEFAULT NULL COMMENT '公司详细地址',
  `company_region_id` bigint DEFAULT NULL COMMENT '公司地址id',
  `postal_code` varchar(255) CHARACTER SET utf8mb4 COLLATE utf8mb4_0900_ai_ci DEFAULT NULL COMMENT '邮政编码',
  `phone_number` varchar(255) CHARACTER SET utf8mb4 COLLATE utf8mb4_0900_ai_ci DEFAULT NULL COMMENT '电话号码',
  `fax_number` varchar(255) CHARACTER SET utf8mb4 COLLATE utf8mb4_0900_ai_ci DEFAULT NULL COMMENT '邮编号码',
  `site_url` varchar(255) CHARACTER SET utf8mb4 COLLATE utf8mb4_0900_ai_ci DEFAULT NULL COMMENT '网址',
  `is_delete` tinyint DEFAULT '0' COMMENT '删除标志（0代表存在 1代表删除）',
  `create_by` varchar(30) CHARACTER SET utf8mb4 COLLATE utf8mb4_general_ci NOT NULL DEFAULT '' COMMENT '创建者',
  `create_time` decimal(10,0) DEFAULT NULL COMMENT '创建时间',
  `update_by` varchar(30) CHARACTER SET utf8mb4 COLLATE utf8mb4_general_ci NOT NULL DEFAULT '' COMMENT '更新者',
  `update_time` datetime DEFAULT NULL COMMENT '更新时间',
  `remark` varchar(255) CHARACTER SET utf8mb4 COLLATE utf8mb4_general_ci NOT NULL DEFAULT '' COMMENT '备注',
  PRIMARY KEY (`company_id`) USING BTREE
) ENGINE=InnoDB AUTO_INCREMENT=3 DEFAULT CHARSET=utf8mb4 COLLATE=utf8mb4_0900_ai_ci;

/*Data for the table `epidemic_company` */

insert  into `epidemic_company`(`company_id`,`company_name`,`company_address`,`company_region_id`,`postal_code`,`phone_number`,`fax_number`,`site_url`,`is_delete`,`create_by`,`create_time`,`update_by`,`update_time`,`remark`) values 
(1,'A','A_company_address',1,'A_postal_code','A_phone','A_fax','A_site',0,'',NULL,'',NULL,''),
(2,'B','B_company_address',2,'B_postal_code','B_phone','B_fax','B_site',0,'',NULL,'',NULL,'');

/*Table structure for table `epidemic_complication` */

DROP TABLE IF EXISTS `epidemic_complication`;

CREATE TABLE `epidemic_complication` (
  `infect_comp_id` bigint NOT NULL AUTO_INCREMENT COMMENT '传染病并发症关联id',
  `infectious_id` bigint NOT NULL DEFAULT '0' COMMENT '传染病id',
  `comp_id` bigint NOT NULL DEFAULT '0' COMMENT '并发症id',
  PRIMARY KEY (`infect_comp_id`),
  KEY `illness_comp` (`infectious_id`)
) ENGINE=InnoDB AUTO_INCREMENT=3 DEFAULT CHARSET=utf8mb4 COLLATE=utf8mb4_general_ci;

/*Data for the table `epidemic_complication` */

insert  into `epidemic_complication`(`infect_comp_id`,`infectious_id`,`comp_id`) values 
(1,1,5),
(2,2,5);

/*Table structure for table `epidemic_drug` */

DROP TABLE IF EXISTS `epidemic_drug`;

CREATE TABLE `epidemic_drug` (
  `drug_id` bigint NOT NULL AUTO_INCREMENT COMMENT '序号',
  `drug_name` varchar(255) CHARACTER SET utf8mb4 COLLATE utf8mb4_0900_ai_ci NOT NULL DEFAULT '' COMMENT '药品名称',
  `ingredient` varchar(255) CHARACTER SET utf8mb4 COLLATE utf8mb4_0900_ai_ci NOT NULL DEFAULT '' COMMENT '成分',
  `appearance` varchar(255) CHARACTER SET utf8mb4 COLLATE utf8mb4_0900_ai_ci NOT NULL DEFAULT '' COMMENT '药品特征',
  `specification` varchar(255) CHARACTER SET utf8mb4 COLLATE utf8mb4_0900_ai_ci NOT NULL DEFAULT '' COMMENT '规格',
  `instructions` varchar(255) CHARACTER SET utf8mb4 COLLATE utf8mb4_0900_ai_ci NOT NULL DEFAULT '' COMMENT '用法',
  `tabu` varchar(255) CHARACTER SET utf8mb4 COLLATE utf8mb4_0900_ai_ci NOT NULL DEFAULT '' COMMENT '禁忌',
  `adverse_reaction` varchar(255) CHARACTER SET utf8mb4 COLLATE utf8mb4_0900_ai_ci NOT NULL DEFAULT '' COMMENT '不良反应',
  `approval_number` int NOT NULL COMMENT '批准文号',
  `storage_method` varchar(255) CHARACTER SET utf8mb4 COLLATE utf8mb4_0900_ai_ci NOT NULL DEFAULT '' COMMENT '贮藏方法',
  `packaging` varchar(255) CHARACTER SET utf8mb4 COLLATE utf8mb4_0900_ai_ci NOT NULL DEFAULT '' COMMENT '包装',
  `indata` varchar(255) CHARACTER SET utf8mb4 COLLATE utf8mb4_0900_ai_ci NOT NULL DEFAULT '' COMMENT '有效期',
  `is_delete` tinyint DEFAULT '0' COMMENT '删除标志（0代表存在 1代表删除）',
  `create_by` varchar(30) CHARACTER SET utf8mb4 COLLATE utf8mb4_general_ci NOT NULL DEFAULT '' COMMENT '创建者',
  `create_time` decimal(10,0) DEFAULT NULL COMMENT '创建时间',
  `update_by` varchar(30) CHARACTER SET utf8mb4 COLLATE utf8mb4_general_ci NOT NULL DEFAULT '' COMMENT '更新者',
  `update_time` datetime DEFAULT NULL COMMENT '更新时间',
  `remark` varchar(255) CHARACTER SET utf8mb4 COLLATE utf8mb4_general_ci NOT NULL DEFAULT '' COMMENT '备注',
  PRIMARY KEY (`drug_id`) USING BTREE
) ENGINE=InnoDB AUTO_INCREMENT=3 DEFAULT CHARSET=utf8mb4 COLLATE=utf8mb4_0900_ai_ci;

/*Data for the table `epidemic_drug` */

insert  into `epidemic_drug`(`drug_id`,`drug_name`,`ingredient`,`appearance`,`specification`,`instructions`,`tabu`,`adverse_reaction`,`approval_number`,`storage_method`,`packaging`,`indata`,`is_delete`,`create_by`,`create_time`,`update_by`,`update_time`,`remark`) values 
(1,'新冠用药','新冠_ingredient','新冠_appearance','新冠_specification','新冠_usage','新冠_tabu','新冠_adverse',1111111,'新冠_storage','新冠_packaging','新冠_indata',0,'',NULL,'',NULL,''),
(2,'肺炎用药','肺炎_ingredient','肺炎_appearance','肺炎_specification','肺炎_usage','肺炎_tabu','肺炎_adverse',22222222,'肺炎_storage','肺炎_packaging','肺炎_indata',0,'',NULL,'',NULL,'');

/*Table structure for table `epidemic_drug_company` */

DROP TABLE IF EXISTS `epidemic_drug_company`;

CREATE TABLE `epidemic_drug_company` (
  `drug_company_id` bigint NOT NULL AUTO_INCREMENT COMMENT '药品公司关联id',
  `comp_id` bigint NOT NULL COMMENT '公司id',
  `medicine_id` bigint NOT NULL COMMENT '药物id',
  PRIMARY KEY (`drug_company_id`),
  KEY `drug` (`medicine_id`)
) ENGINE=InnoDB AUTO_INCREMENT=3 DEFAULT CHARSET=utf8mb4 COLLATE=utf8mb4_0900_ai_ci;

/*Data for the table `epidemic_drug_company` */

insert  into `epidemic_drug_company`(`drug_company_id`,`comp_id`,`medicine_id`) values 
(1,1,1),
(2,2,2);

/*Table structure for table `epidemic_drug_factory` */

DROP TABLE IF EXISTS `epidemic_drug_factory`;

CREATE TABLE `epidemic_drug_factory` (
  `drug_factory_id` bigint NOT NULL AUTO_INCREMENT COMMENT '药品工厂id',
  `fact_id` bigint NOT NULL COMMENT '工厂id',
  `medicine_id` bigint NOT NULL COMMENT '药物id',
  PRIMARY KEY (`drug_factory_id`),
  KEY `illness__` (`medicine_id`)
) ENGINE=InnoDB AUTO_INCREMENT=3 DEFAULT CHARSET=utf8mb4 COLLATE=utf8mb4_0900_ai_ci;

/*Data for the table `epidemic_drug_factory` */

insert  into `epidemic_drug_factory`(`drug_factory_id`,`fact_id`,`medicine_id`) values 
(1,1,1),
(2,2,2);

/*Table structure for table `epidemic_drug_illness` */

DROP TABLE IF EXISTS `epidemic_drug_illness`;

CREATE TABLE `epidemic_drug_illness` (
  `drug_illness_id` bigint NOT NULL AUTO_INCREMENT COMMENT '药品疾病id',
  `disease_id` bigint NOT NULL COMMENT '疾病id',
  `drug_id` bigint NOT NULL COMMENT '药物id',
  PRIMARY KEY (`drug_illness_id`)
) ENGINE=InnoDB AUTO_INCREMENT=3 DEFAULT CHARSET=utf8mb4 COLLATE=utf8mb4_general_ci;

/*Data for the table `epidemic_drug_illness` */

insert  into `epidemic_drug_illness`(`drug_illness_id`,`disease_id`,`drug_id`) values 
(1,1,1),
(2,2,2);

/*Table structure for table `epidemic_expert` */

DROP TABLE IF EXISTS `epidemic_expert`;

CREATE TABLE `epidemic_expert` (
  `expert_id` bigint NOT NULL AUTO_INCREMENT COMMENT '专家id',
  `expert_name` varchar(30) CHARACTER SET utf8mb4 COLLATE utf8mb4_general_ci NOT NULL DEFAULT '' COMMENT '专家姓名',
  `expert_sex` char(1) CHARACTER SET utf8mb4 COLLATE utf8mb4_general_ci NOT NULL DEFAULT '0' COMMENT '专家性别',
  `expert_age` int NOT NULL DEFAULT '0' COMMENT '专家年龄',
  `introduction` varchar(200) CHARACTER SET utf8mb4 COLLATE utf8mb4_general_ci NOT NULL DEFAULT '' COMMENT '专家介绍',
  `id_number` varchar(20) CHARACTER SET utf8mb4 COLLATE utf8mb4_general_ci NOT NULL DEFAULT '' COMMENT '身份证号',
  `outlook` varchar(8) CHARACTER SET utf8mb4 COLLATE utf8mb4_general_ci NOT NULL DEFAULT '' COMMENT '政治面貌',
  `education` varchar(10) CHARACTER SET utf8mb4 COLLATE utf8mb4_general_ci NOT NULL DEFAULT '' COMMENT '学历',
  `telephone` varchar(15) CHARACTER SET utf8mb4 COLLATE utf8mb4_general_ci NOT NULL DEFAULT '' COMMENT '手机号',
  `email` varchar(30) CHARACTER SET utf8mb4 COLLATE utf8mb4_general_ci NOT NULL DEFAULT '' COMMENT '邮箱号',
  `hospital_id` bigint NOT NULL DEFAULT '0' COMMENT '隶属医院id',
  `live_region_id` bigint NOT NULL DEFAULT '0' COMMENT '地址',
  `address` varchar(50) CHARACTER SET utf8mb4 COLLATE utf8mb4_general_ci NOT NULL DEFAULT '' COMMENT '详细地址',
  `create_time` datetime DEFAULT NULL COMMENT '创建时间',
  `create_by` varchar(64) CHARACTER SET utf8mb4 COLLATE utf8mb4_general_ci DEFAULT NULL COMMENT '创建者',
  `update_time` datetime DEFAULT NULL COMMENT '更新时间',
  `update_by` varchar(64) CHARACTER SET utf8mb4 COLLATE utf8mb4_general_ci DEFAULT NULL COMMENT '更新者',
  `remark` varchar(500) CHARACTER SET utf8mb4 COLLATE utf8mb4_general_ci DEFAULT NULL COMMENT '备注',
  `is_delete` tinyint DEFAULT '0' COMMENT '删除标志（0代表存在 1代表删除）',
  PRIMARY KEY (`expert_id`),
  KEY `hospital_` (`hospital_id`),
  KEY `live_region_` (`live_region_id`)
) ENGINE=InnoDB AUTO_INCREMENT=3 DEFAULT CHARSET=utf8mb4 COLLATE=utf8mb4_general_ci;

/*Data for the table `epidemic_expert` */

insert  into `epidemic_expert`(`expert_id`,`expert_name`,`expert_sex`,`expert_age`,`introduction`,`id_number`,`outlook`,`education`,`telephone`,`email`,`hospital_id`,`live_region_id`,`address`,`create_time`,`create_by`,`update_time`,`update_by`,`remark`,`is_delete`) values 
(1,'张三','1',40,'xxxxxxxxxxx','12312314314xx','1','1','1231321xxx','123@qq.com',1,1,'sdadad',NULL,NULL,NULL,NULL,NULL,0),
(2,'李四','0',42,'xxxxxxxxxxxx','1233xxxxx','2','2','1233xxxxxx','1234@qq.com',2,2,'sdadadad',NULL,NULL,NULL,NULL,NULL,0);

/*Table structure for table `epidemic_factory` */

DROP TABLE IF EXISTS `epidemic_factory`;

CREATE TABLE `epidemic_factory` (
  `factory_id` bigint NOT NULL AUTO_INCREMENT COMMENT '工厂id',
  `factory_name` varchar(255) CHARACTER SET utf8mb4 COLLATE utf8mb4_0900_ai_ci NOT NULL DEFAULT '' COMMENT '工厂名',
  `factory_region_id` bigint DEFAULT NULL COMMENT '工厂地址id',
  `factory_address` varchar(255) CHARACTER SET utf8mb4 COLLATE utf8mb4_0900_ai_ci NOT NULL DEFAULT '' COMMENT '工厂详细地址',
  `postal_code` varchar(255) CHARACTER SET utf8mb4 COLLATE utf8mb4_0900_ai_ci NOT NULL DEFAULT '' COMMENT '邮政编码',
  `phone_number` varchar(255) CHARACTER SET utf8mb4 COLLATE utf8mb4_0900_ai_ci NOT NULL DEFAULT '' COMMENT '电话号码',
  `fax_number` varchar(255) CHARACTER SET utf8mb4 COLLATE utf8mb4_0900_ai_ci NOT NULL DEFAULT '' COMMENT '传真号码',
  `site_url` varchar(255) CHARACTER SET utf8mb4 COLLATE utf8mb4_0900_ai_ci NOT NULL DEFAULT '' COMMENT '网址',
  `is_delete` tinyint DEFAULT '0' COMMENT '删除标志（0代表存在 1代表删除）',
  `create_by` varchar(30) CHARACTER SET utf8mb4 COLLATE utf8mb4_general_ci NOT NULL DEFAULT '' COMMENT '创建者',
  `create_time` decimal(10,0) DEFAULT NULL COMMENT '创建时间',
  `update_by` varchar(30) CHARACTER SET utf8mb4 COLLATE utf8mb4_general_ci NOT NULL DEFAULT '' COMMENT '更新者',
  `update_time` datetime DEFAULT NULL COMMENT '更新时间',
  `remark` varchar(255) CHARACTER SET utf8mb4 COLLATE utf8mb4_general_ci NOT NULL DEFAULT '' COMMENT '备注',
  PRIMARY KEY (`factory_id`) USING BTREE
) ENGINE=InnoDB AUTO_INCREMENT=3 DEFAULT CHARSET=utf8mb4 COLLATE=utf8mb4_0900_ai_ci;

/*Data for the table `epidemic_factory` */

insert  into `epidemic_factory`(`factory_id`,`factory_name`,`factory_region_id`,`factory_address`,`postal_code`,`phone_number`,`fax_number`,`site_url`,`is_delete`,`create_by`,`create_time`,`update_by`,`update_time`,`remark`) values 
(1,'xxxA制药厂',2,'asdadasdxzc','123332','12314141314','121244123','www.asd.org',0,'',NULL,'',NULL,''),
(2,'xxxB制药厂',3,'adadasdasdad','1231312','141143141','1414141','www.sda.org',0,'',NULL,'',NULL,'');

/*Table structure for table `epidemic_hospital` */

DROP TABLE IF EXISTS `epidemic_hospital`;

CREATE TABLE `epidemic_hospital` (
  `hospital_id` bigint NOT NULL AUTO_INCREMENT COMMENT '医院id',
  `hospital_name` varchar(50) NOT NULL DEFAULT '' COMMENT '医院名称',
  `establish_region_id` bigint NOT NULL DEFAULT '0' COMMENT '地区id',
  `estabilsh_address` varchar(255) CHARACTER SET utf8mb4 COLLATE utf8mb4_0900_ai_ci NOT NULL DEFAULT '' COMMENT '详细地址',
  `is_public` tinyint NOT NULL DEFAULT '0' COMMENT '是否公立（0是 1否）',
  `president` varchar(30) NOT NULL DEFAULT '' COMMENT '院长',
  `level` varchar(50) NOT NULL DEFAULT '' COMMENT '医院等级',
  `type` varchar(50) NOT NULL DEFAULT '' COMMENT '医院类型',
  `establish_time` datetime DEFAULT NULL COMMENT '建立时间',
  `is_delete` tinyint NOT NULL DEFAULT '0' COMMENT '删除标志（0代表存在 1代表删除）',
  `create_by` varchar(30) NOT NULL DEFAULT '' COMMENT '创建者',
  `create_time` datetime DEFAULT NULL COMMENT '创建时间',
  `update_by` varchar(30) NOT NULL DEFAULT '' COMMENT '更新者',
  `update_time` datetime DEFAULT NULL COMMENT '更新时间',
  `remark` varchar(500) NOT NULL DEFAULT '' COMMENT '备注',
  PRIMARY KEY (`hospital_id`)
) ENGINE=InnoDB AUTO_INCREMENT=3 DEFAULT CHARSET=utf8mb4 COLLATE=utf8mb4_0900_ai_ci;

/*Data for the table `epidemic_hospital` */

insert  into `epidemic_hospital`(`hospital_id`,`hospital_name`,`establish_region_id`,`estabilsh_address`,`is_public`,`president`,`level`,`type`,`establish_time`,`is_delete`,`create_by`,`create_time`,`update_by`,`update_time`,`remark`) values 
(1,'医院_A',1,'adadad',1,'xxxx','1','1','2022-04-13 08:10:38',0,'',NULL,'',NULL,''),
(2,'医院_B',2,'asdadasdad',2,'xxxxxxxx','2','2','2020-01-22 08:11:01',0,'',NULL,'',NULL,'');

/*Table structure for table `epidemic_illness` */

DROP TABLE IF EXISTS `epidemic_illness`;

CREATE TABLE `epidemic_illness` (
  `illness_id` bigint NOT NULL AUTO_INCREMENT COMMENT '病id',
  `illness_name` varchar(30) CHARACTER SET utf8mb4 COLLATE utf8mb4_general_ci NOT NULL DEFAULT '' COMMENT '病名',
  `catrgory_id` bigint NOT NULL DEFAULT '0' COMMENT '所属类id',
  `symptom` varchar(255) CHARACTER SET utf8mb4 COLLATE utf8mb4_general_ci NOT NULL DEFAULT '' COMMENT '症状描述',
  `pathogeny` varchar(255) CHARACTER SET utf8mb4 COLLATE utf8mb4_general_ci NOT NULL DEFAULT '' COMMENT '病原描述',
  `ponderance` varchar(255) CHARACTER SET utf8mb4 COLLATE utf8mb4_general_ci NOT NULL DEFAULT '' COMMENT '严重性描述',
  `is_fectious` tinyint NOT NULL DEFAULT '0' COMMENT '是否传染（0否 1是）',
  `is_deleted` tinyint NOT NULL DEFAULT '0' COMMENT '删除标志（0代表存在 1代表删除）',
  `craeted_by` varchar(30) CHARACTER SET utf8mb4 COLLATE utf8mb4_general_ci NOT NULL DEFAULT '' COMMENT '创建者',
  `created_time` datetime DEFAULT NULL COMMENT '创建时间',
  `update_by` varchar(30) CHARACTER SET utf8mb4 COLLATE utf8mb4_general_ci NOT NULL DEFAULT '' COMMENT '更新者',
  `update_time` datetime DEFAULT NULL COMMENT '更新时间',
  `remark` varchar(255) CHARACTER SET utf8mb4 COLLATE utf8mb4_general_ci NOT NULL DEFAULT '' COMMENT '备注',
  PRIMARY KEY (`illness_id`),
  KEY `catrgory_` (`catrgory_id`)
) ENGINE=InnoDB AUTO_INCREMENT=6 DEFAULT CHARSET=utf8mb4 COLLATE=utf8mb4_general_ci;

/*Data for the table `epidemic_illness` */

insert  into `epidemic_illness`(`illness_id`,`illness_name`,`catrgory_id`,`symptom`,`pathogeny`,`ponderance`,`is_fectious`,`is_deleted`,`craeted_by`,`created_time`,`update_by`,`update_time`,`remark`) values 
(1,'新冠疫情',3,'xxx','xxx','xxxx',1,0,'',NULL,'',NULL,''),
(2,'肺炎',4,'xxx ','xxxx','xxxxxxx',1,0,'',NULL,'',NULL,''),
(3,'阳痿',8,'xxx','xxxxxx','xxxxx',0,0,'',NULL,'',NULL,''),
(4,'瘫痪',9,'xxxx','xxxx','x\'x',0,0,'',NULL,'',NULL,''),
(5,'脑炎',9,'xxx','xxx','x\'x\'x',0,0,'',NULL,'',NULL,'');

/*Table structure for table `epidemic_illness_trans` */

DROP TABLE IF EXISTS `epidemic_illness_trans`;

CREATE TABLE `epidemic_illness_trans` (
  `illness_trans_id` bigint NOT NULL AUTO_INCREMENT COMMENT '疾病传染方式id',
  `tran_id` bigint NOT NULL COMMENT '传播方式id',
  `infect_id` bigint NOT NULL COMMENT '疾病id',
  PRIMARY KEY (`illness_trans_id`),
  KEY `illness_` (`infect_id`)
) ENGINE=InnoDB AUTO_INCREMENT=5 DEFAULT CHARSET=utf8mb4 COLLATE=utf8mb4_0900_ai_ci;

/*Data for the table `epidemic_illness_trans` */

insert  into `epidemic_illness_trans`(`illness_trans_id`,`tran_id`,`infect_id`) values 
(1,1,1),
(2,1,2),
(3,2,1),
(4,2,2);

/*Table structure for table `epidemic_passage` */

DROP TABLE IF EXISTS `epidemic_passage`;

CREATE TABLE `epidemic_passage` (
  `passage_id` bigint NOT NULL AUTO_INCREMENT COMMENT '文章id',
  `title` varchar(50) CHARACTER SET utf8mb4 COLLATE utf8mb4_general_ci NOT NULL DEFAULT '' COMMENT '文章标题',
  `author` varchar(50) CHARACTER SET utf8mb4 COLLATE utf8mb4_general_ci NOT NULL DEFAULT '' COMMENT '文章作者',
  `content_id` bigint NOT NULL DEFAULT '0' COMMENT '内容id',
  `type` varchar(20) CHARACTER SET utf8mb4 COLLATE utf8mb4_general_ci NOT NULL DEFAULT '' COMMENT '类别',
  `is_delete` tinyint DEFAULT '0' COMMENT '删除标志（0代表存在 1代表删除）',
  `create_time` datetime DEFAULT NULL COMMENT '创建日期',
  `create_by` varchar(64) CHARACTER SET utf8mb4 COLLATE utf8mb4_general_ci DEFAULT '' COMMENT '创建者',
  `update_time` datetime DEFAULT NULL COMMENT '更新日期',
  `update_by` varchar(64) CHARACTER SET utf8mb4 COLLATE utf8mb4_general_ci DEFAULT '' COMMENT '更新者',
  `remark` varchar(500) CHARACTER SET utf8mb4 COLLATE utf8mb4_general_ci DEFAULT '' COMMENT '备注',
  PRIMARY KEY (`passage_id`),
  KEY `cotent` (`content_id`)
) ENGINE=InnoDB AUTO_INCREMENT=3 DEFAULT CHARSET=utf8mb4 COLLATE=utf8mb4_general_ci;

/*Data for the table `epidemic_passage` */

insert  into `epidemic_passage`(`passage_id`,`title`,`author`,`content_id`,`type`,`is_delete`,`create_time`,`create_by`,`update_time`,`update_by`,`remark`) values 
(1,'新冠疫情的预防与治理','杭州市拱墅区xx派出所',1,'政策',0,NULL,'',NULL,'',''),
(2,'肺炎医疗保险相关规定','xxx',2,'法律',0,NULL,'',NULL,'','');

/*Table structure for table `epidemic_passage_content` */

DROP TABLE IF EXISTS `epidemic_passage_content`;

CREATE TABLE `epidemic_passage_content` (
  `content_id` bigint NOT NULL AUTO_INCREMENT COMMENT '文章内容id',
  `content` text CHARACTER SET utf8mb4 COLLATE utf8mb4_general_ci NOT NULL COMMENT '文章内容',
  `is_delete` tinyint DEFAULT '0' COMMENT '删除标志（0代表存在 1代表删除）',
  `create_time` datetime DEFAULT NULL COMMENT '创建日期',
  `create_by` varchar(64) CHARACTER SET utf8mb4 COLLATE utf8mb4_general_ci DEFAULT '' COMMENT '创建者',
  `update_time` datetime DEFAULT NULL COMMENT '更新日期',
  `update_by` varchar(64) CHARACTER SET utf8mb4 COLLATE utf8mb4_general_ci DEFAULT '' COMMENT '更新者',
  `remark` varchar(500) CHARACTER SET utf8mb4 COLLATE utf8mb4_general_ci DEFAULT '' COMMENT '备注',
  PRIMARY KEY (`content_id`)
) ENGINE=InnoDB AUTO_INCREMENT=3 DEFAULT CHARSET=utf8mb4 COLLATE=utf8mb4_general_ci;

/*Data for the table `epidemic_passage_content` */

insert  into `epidemic_passage_content`(`content_id`,`content`,`is_delete`,`create_time`,`create_by`,`update_time`,`update_by`,`remark`) values 
(1,'疫情疫情疫情疫情疫情疫情疫情疫情疫情疫情疫情疫情疫情疫情疫情疫情疫情疫情疫情疫情疫情疫情疫情疫情疫情疫情疫情疫情疫情疫情疫情疫情疫情疫情疫情疫情疫情疫情疫情疫情疫情疫情疫情疫情疫情疫情\r\n',0,NULL,'',NULL,'',''),
(2,'肺炎肺炎肺炎肺炎肺炎肺炎肺炎肺炎肺炎肺炎肺炎肺炎肺炎肺炎肺炎肺炎肺炎肺炎肺炎肺炎肺炎肺炎肺炎肺炎肺炎肺炎肺炎肺炎肺炎肺炎肺炎肺炎肺炎肺炎肺炎肺炎肺炎',0,NULL,'',NULL,'','');

/*Table structure for table `epidemic_passage_illness` */

DROP TABLE IF EXISTS `epidemic_passage_illness`;

CREATE TABLE `epidemic_passage_illness` (
  `passage_illness_id` bigint NOT NULL AUTO_INCREMENT COMMENT '文章疾病id',
  `pass_id` bigint NOT NULL COMMENT '文章id',
  `infect_id` bigint NOT NULL COMMENT '疾病id',
  PRIMARY KEY (`passage_illness_id`),
  KEY `illness_` (`infect_id`)
) ENGINE=InnoDB AUTO_INCREMENT=3 DEFAULT CHARSET=utf8mb4 COLLATE=utf8mb4_0900_ai_ci;

/*Data for the table `epidemic_passage_illness` */

insert  into `epidemic_passage_illness`(`passage_illness_id`,`pass_id`,`infect_id`) values 
(1,1,1),
(2,2,2);

/*Table structure for table `epidemic_patient` */

DROP TABLE IF EXISTS `epidemic_patient`;

CREATE TABLE `epidemic_patient` (
  `patient_id` bigint NOT NULL AUTO_INCREMENT COMMENT '病人id',
  `patient_name` varchar(30) CHARACTER SET utf8mb4 COLLATE utf8mb4_general_ci NOT NULL DEFAULT '' COMMENT '名称',
  `patient_sex` char(1) CHARACTER SET utf8mb4 COLLATE utf8mb4_general_ci DEFAULT '0' COMMENT '病人性别',
  `avatar` varchar(255) CHARACTER SET utf8mb4 COLLATE utf8mb4_general_ci NOT NULL DEFAULT '' COMMENT '照片',
  `height` decimal(10,0) NOT NULL DEFAULT '0' COMMENT '身高（cm 0为没数据）',
  `weight` decimal(10,0) NOT NULL DEFAULT '0' COMMENT '体重（kg 0为没数据）',
  `fat` decimal(10,0) NOT NULL DEFAULT '0' COMMENT '体脂率（0为没数据）',
  `phone` varchar(30) CHARACTER SET utf8mb4 COLLATE utf8mb4_general_ci NOT NULL DEFAULT '' COMMENT '电话',
  `live_region_id` bigint NOT NULL DEFAULT '0' COMMENT '住址地区id',
  `live_address` varchar(255) CHARACTER SET utf8mb4 COLLATE utf8mb4_general_ci NOT NULL DEFAULT '' COMMENT '详细地址',
  `patient_age` int NOT NULL DEFAULT '0' COMMENT '病人年龄',
  `is_delete` tinyint DEFAULT '0' COMMENT '删除标志（0代表存在 1代表删除）',
  `create_by` varchar(30) CHARACTER SET utf8mb4 COLLATE utf8mb4_general_ci DEFAULT '' COMMENT '创建者',
  `create_time` datetime DEFAULT NULL COMMENT '创建时间',
  `update_by` varchar(30) CHARACTER SET utf8mb4 COLLATE utf8mb4_general_ci DEFAULT '' COMMENT '更新者',
  `update_time` datetime DEFAULT NULL COMMENT '更新时间',
  `remark` varchar(255) CHARACTER SET utf8mb4 COLLATE utf8mb4_general_ci DEFAULT '' COMMENT '备注',
  PRIMARY KEY (`patient_id`),
  KEY `patient_region` (`live_region_id`)
) ENGINE=InnoDB AUTO_INCREMENT=18 DEFAULT CHARSET=utf8mb4 COLLATE=utf8mb4_general_ci;

/*Data for the table `epidemic_patient` */

insert  into `epidemic_patient`(`patient_id`,`patient_name`,`patient_sex`,`avatar`,`height`,`weight`,`fat`,`phone`,`live_region_id`,`live_address`,`patient_age`,`is_delete`,`create_by`,`create_time`,`update_by`,`update_time`,`remark`) values 
(1,'A_patient','0','A_avatar',162,48,24,'A_phone',1,'A_address',16,0,'',NULL,'',NULL,''),
(2,'B_patient','1','B_avatar',178,78,30,'B_phone',3,'B_address',33,0,'',NULL,'',NULL,''),
(3,'C_patient','1','C_avatar',172,68,20,'C_phone',1,'C_address',32,0,'',NULL,'',NULL,''),
(4,'D_patient','0','D_avatar',158,48,30,'D_phone',2,'D_address',19,0,'',NULL,'',NULL,''),
(5,'E_patient','1','E_avatar',170,62,15,'E_phone',5,'E_address',41,0,'',NULL,'',NULL,''),
(6,'F_patient','1','F_avatar',172,60,17,'F_phone',7,'F_address',23,0,'',NULL,'',NULL,''),
(7,'G_patient','1','G_avatar',168,65,16,'G_phone',3,'G_address',39,0,'',NULL,'',NULL,''),
(8,'H_patient','0','H_avatar',158,55,23,'H_phone',4,'H_address',53,0,'',NULL,'',NULL,''),
(9,'I_patient','0','I_avatar',162,53,21,'I_phone',8,'I_address',32,0,'',NULL,'',NULL,''),
(10,'J_patient','1','J_avatar',171,60,14,'J_phone',6,'J_address',25,0,'',NULL,'',NULL,''),
(11,'K_patient','0','K_avatar',173,65,35,'K_phone',9,'K_address',88,0,'',NULL,'',NULL,''),
(12,'L_patient','0','L_avatar',167,47,23,'L_phone',10,'L_address',48,0,'',NULL,'',NULL,''),
(13,'M_patient','1','M_avatar',157,67,38,'M_phone',11,'M_address',39,0,'',NULL,'',NULL,''),
(14,'N_patient','1','N_avatar',176,65,30,'N_phone',11,'N_address',20,0,'',NULL,'',NULL,''),
(15,'O_patient','0','O_avatar',156,46,27,'O_phone',5,'O_address',40,0,'',NULL,'',NULL,''),
(16,'P_patient','0','P_avatar',157,52,29,'P_phone',7,'P_address',29,0,'',NULL,'',NULL,''),
(17,'Q_patient','0','Q_avatar',176,55,22,'Q_phone',6,'Q_address',29,0,'',NULL,'',NULL,'');

/*Table structure for table `epidemic_patient_history` */

DROP TABLE IF EXISTS `epidemic_patient_history`;

CREATE TABLE `epidemic_patient_history` (
  `patient_history_id` bigint NOT NULL AUTO_INCREMENT COMMENT '病史id',
  `pat_id` bigint NOT NULL COMMENT '病人id',
  `disease_id` bigint NOT NULL COMMENT '病id（病史未登记）',
  PRIMARY KEY (`patient_history_id`),
  KEY `illness_his` (`disease_id`)
) ENGINE=InnoDB AUTO_INCREMENT=2 DEFAULT CHARSET=utf8mb4 COLLATE=utf8mb4_general_ci;

/*Data for the table `epidemic_patient_history` */

insert  into `epidemic_patient_history`(`patient_history_id`,`pat_id`,`disease_id`) values 
(1,1,4);

/*Table structure for table `epidemic_region` */

DROP TABLE IF EXISTS `epidemic_region`;

CREATE TABLE `epidemic_region` (
  `region_id` bigint NOT NULL AUTO_INCREMENT COMMENT '地区id',
  `province` varchar(30) CHARACTER SET utf8mb4 COLLATE utf8mb4_general_ci NOT NULL DEFAULT '' COMMENT '省份',
  `city` varchar(30) CHARACTER SET utf8mb4 COLLATE utf8mb4_general_ci NOT NULL DEFAULT '' COMMENT '市级名',
  `district` varchar(30) CHARACTER SET utf8mb4 COLLATE utf8mb4_general_ci NOT NULL DEFAULT '' COMMENT '区级名',
  `street` varchar(30) CHARACTER SET utf8mb4 COLLATE utf8mb4_general_ci NOT NULL DEFAULT '' COMMENT '街道名',
  `is_delete` tinyint DEFAULT '0' COMMENT '删除标志（0代表存在 1代表删除）',
  `create_time` datetime DEFAULT NULL COMMENT '创建日期',
  `create_by` varchar(64) CHARACTER SET utf8mb4 COLLATE utf8mb4_general_ci DEFAULT '' COMMENT '创建者',
  `update_time` datetime DEFAULT NULL COMMENT '更新日期',
  `update_by` varchar(64) CHARACTER SET utf8mb4 COLLATE utf8mb4_general_ci DEFAULT '' COMMENT '更新者',
  `remark` varchar(500) CHARACTER SET utf8mb4 COLLATE utf8mb4_general_ci DEFAULT '' COMMENT '备注',
  PRIMARY KEY (`region_id`)
) ENGINE=InnoDB AUTO_INCREMENT=13 DEFAULT CHARSET=utf8mb4 COLLATE=utf8mb4_general_ci;

/*Data for the table `epidemic_region` */

insert  into `epidemic_region`(`region_id`,`province`,`city`,`district`,`street`,`is_delete`,`create_time`,`create_by`,`update_time`,`update_by`,`remark`) values 
(1,'A_p','A_c_1','A_d_1','A_S_1',0,NULL,'',NULL,'',''),
(2,'A_p','A_c_1','A_d_2','A_s_2',0,NULL,'',NULL,'',''),
(3,'B_p','B_c_1','B_d_1','B_s_1',0,NULL,'',NULL,'',''),
(4,'B_p','B_c_1','B_d_1','B_s_2',0,NULL,'',NULL,'',''),
(5,'B_p','B_c_1','B_d_2','B_s_3',0,NULL,'',NULL,'',''),
(6,'B_p','B_c_1','B_d_2','B_s_4',0,NULL,'',NULL,'',''),
(7,'B_p','B_c_2','B_d_3','B_s_5',0,NULL,'',NULL,'',''),
(8,'B_p','B_c_2','B_d_3','B_s_6',0,NULL,'',NULL,'',''),
(9,'B_p','B_c_2','B_d_3','B_s_7',0,NULL,'',NULL,'',''),
(10,'C_p','C_c_1','C_d_1','C_s_1',0,NULL,'',NULL,'',''),
(11,'C_p','C_c_2','C_d_2','C_s_2',0,NULL,'',NULL,'','');

/*Table structure for table `epidemic_sequelae` */

DROP TABLE IF EXISTS `epidemic_sequelae`;

CREATE TABLE `epidemic_sequelae` (
  `illness_seq_id` bigint NOT NULL AUTO_INCREMENT COMMENT '疾病后遗症id',
  `seq_id` bigint NOT NULL COMMENT '后遗症id',
  `infect_id` bigint NOT NULL COMMENT '传染病id（引发）',
  PRIMARY KEY (`illness_seq_id`),
  KEY `illness_seq` (`infect_id`)
) ENGINE=InnoDB AUTO_INCREMENT=2 DEFAULT CHARSET=utf8mb4 COLLATE=utf8mb4_general_ci;

/*Data for the table `epidemic_sequelae` */

insert  into `epidemic_sequelae`(`illness_seq_id`,`seq_id`,`infect_id`) values 
(1,3,1);

/*Table structure for table `epidemic_transmission` */

DROP TABLE IF EXISTS `epidemic_transmission`;

CREATE TABLE `epidemic_transmission` (
  `transmission_id` bigint NOT NULL AUTO_INCREMENT COMMENT '传播途径id',
  `transmission_name` varchar(30) CHARACTER SET utf8mb4 COLLATE utf8mb4_general_ci NOT NULL DEFAULT '' COMMENT '传播途径名',
  `distance` varchar(10) CHARACTER SET utf8mb4 COLLATE utf8mb4_general_ci NOT NULL DEFAULT '' COMMENT '影响范围',
  `duration` varchar(10) CHARACTER SET utf8mb4 COLLATE utf8mb4_general_ci NOT NULL DEFAULT '' COMMENT '持续时间',
  `trans_source` varchar(30) CHARACTER SET utf8mb4 COLLATE utf8mb4_general_ci NOT NULL DEFAULT '' COMMENT '传播源',
  `is_delete` tinyint DEFAULT '0' COMMENT '删除标志（0代表存在 1代表删除）',
  `create_time` datetime DEFAULT NULL COMMENT '创建日期',
  `create_by` varchar(64) CHARACTER SET utf8mb4 COLLATE utf8mb4_general_ci DEFAULT '' COMMENT '创建者',
  `update_time` datetime DEFAULT NULL COMMENT '更新日期',
  `update_by` varchar(64) CHARACTER SET utf8mb4 COLLATE utf8mb4_general_ci DEFAULT '' COMMENT '更新者',
  `remark` varchar(500) CHARACTER SET utf8mb4 COLLATE utf8mb4_general_ci DEFAULT NULL COMMENT '备注',
  PRIMARY KEY (`transmission_id`)
) ENGINE=InnoDB AUTO_INCREMENT=3 DEFAULT CHARSET=utf8mb4 COLLATE=utf8mb4_general_ci;

/*Data for the table `epidemic_transmission` */

insert  into `epidemic_transmission`(`transmission_id`,`transmission_name`,`distance`,`duration`,`trans_source`,`is_delete`,`create_time`,`create_by`,`update_time`,`update_by`,`remark`) values 
(1,'A_trans','A_distance','A_duration','A_trans_source',0,NULL,'',NULL,'',NULL),
(2,'B_trans','B_distance','B_duration','B_trans_source',0,NULL,'',NULL,'',NULL);

/*Table structure for table `gen_table` */

DROP TABLE IF EXISTS `gen_table`;

CREATE TABLE `gen_table` (
  `table_id` bigint NOT NULL AUTO_INCREMENT COMMENT '编号',
  `table_name` varchar(200) DEFAULT '' COMMENT '表名称',
  `table_comment` varchar(500) DEFAULT '' COMMENT '表描述',
  `sub_table_name` varchar(64) DEFAULT NULL COMMENT '关联子表的表名',
  `sub_table_fk_name` varchar(64) DEFAULT NULL COMMENT '子表关联的外键名',
  `class_name` varchar(100) DEFAULT '' COMMENT '实体类名称',
  `tpl_category` varchar(200) DEFAULT 'crud' COMMENT '使用的模板（crud单表操作 tree树表操作）',
  `package_name` varchar(100) DEFAULT NULL COMMENT '生成包路径',
  `module_name` varchar(30) DEFAULT NULL COMMENT '生成模块名',
  `business_name` varchar(30) DEFAULT NULL COMMENT '生成业务名',
  `function_name` varchar(50) DEFAULT NULL COMMENT '生成功能名',
  `function_author` varchar(50) DEFAULT NULL COMMENT '生成功能作者',
  `gen_type` char(1) DEFAULT '0' COMMENT '生成代码方式（0zip压缩包 1自定义路径）',
  `gen_path` varchar(200) DEFAULT '/' COMMENT '生成路径（不填默认项目路径）',
  `options` varchar(1000) DEFAULT NULL COMMENT '其它生成选项',
  `create_by` varchar(64) DEFAULT '' COMMENT '创建者',
  `create_time` datetime DEFAULT NULL COMMENT '创建时间',
  `update_by` varchar(64) DEFAULT '' COMMENT '更新者',
  `update_time` datetime DEFAULT NULL COMMENT '更新时间',
  `remark` varchar(500) DEFAULT NULL COMMENT '备注',
  PRIMARY KEY (`table_id`)
) ENGINE=InnoDB AUTO_INCREMENT=30 DEFAULT CHARSET=utf8mb4 COLLATE=utf8mb4_0900_ai_ci COMMENT='代码生成业务表';

/*Data for the table `gen_table` */

insert  into `gen_table`(`table_id`,`table_name`,`table_comment`,`sub_table_name`,`sub_table_fk_name`,`class_name`,`tpl_category`,`package_name`,`module_name`,`business_name`,`function_name`,`function_author`,`gen_type`,`gen_path`,`options`,`create_by`,`create_time`,`update_by`,`update_time`,`remark`) values 
(1,'epidemic_case','疾病样例','','','EpidemicCase','crud','zstu.epidemic.cases','cases','cases','病例管理','iwan','0','/','{\"parentMenuId\":\"2000\"}','admin','2022-04-23 20:07:34','','2022-04-26 21:45:10',NULL),
(2,'epidemic_case_hospital','病例医院管理',NULL,NULL,'EpidemicCaseHospital','crud','zstu.epidemic.cases','cases','case_hospital','病例医院管理','iwan','0','/','{\"parentMenuId\":\"2000\"}','admin','2022-04-23 20:07:35','','2022-04-26 21:45:19',NULL),
(3,'epidemic_category','疾病类型管理','','','EpidemicCategory','tree','zstu.epidemic.illness','illness','category','疾病分类','iwan','0','/','{\"treeCode\":\"category_id\",\"treeName\":\"category_name\",\"treeParentCode\":\"parent_id\",\"parentMenuId\":\"2001\"}','admin','2022-04-23 20:07:35','','2022-04-26 21:45:32',NULL),
(5,'epidemic_company','公司管理',NULL,NULL,'EpidemicCompany','crud','zstu.epidemic.illness','illness','company','公司管理','iwan','0','/','{\"parentMenuId\":\"2001\"}','admin','2022-04-23 20:07:35','','2022-04-26 21:46:45',NULL),
(6,'epidemic_complication','并发症管理','','','EpidemicComplication','crud','zstu.epidemic.illness','illness','complication','并发症管理','iwan','0','/','{\"parentMenuId\":\"2001\"}','admin','2022-04-23 20:07:35','','2022-05-04 07:07:45',NULL),
(7,'epidemic_drug','药品管理',NULL,NULL,'EpidemicDrug','crud','zstu.epidemic.illness','illness','drug','药品管理','iwan','0','/','{\"parentMenuId\":\"2001\"}','admin','2022-04-23 20:07:35','','2022-04-26 21:47:03',NULL),
(8,'epidemic_region','地区管理',NULL,NULL,'EpidemicRegion','crud','zstu.epidemic.illness','illness','region','地区管理','iwan','0','/','{\"parentMenuId\":\"2001\"}','admin','2022-04-23 20:07:35','','2022-04-26 21:47:17',NULL),
(9,'epidemic_sequelae','后遗症管理','','','EpidemicSequelae','crud','zstu.epidemic.illness','illness','sequelae','后遗症','iwan','0','/','{\"parentMenuId\":\"2001\"}','admin','2022-04-23 20:07:35','','2022-04-26 21:47:23',NULL),
(10,'epidemic_transmission','传播途径',NULL,NULL,'EpidemicTransmission','crud','zstu.epidemic.illness','illness','transmission','传播管理','iwan','0','/','{\"parentMenuId\":\"2001\"}','admin','2022-04-23 20:07:35','','2022-04-26 21:47:33',NULL),
(12,'epidemic_expert','专家管理',NULL,NULL,'EpidemicExpert','crud','zstu.epidemic.cases','cases','expert','专家管理','iwan','0','/','{\"parentMenuId\":\"2000\"}','admin','2022-04-23 20:07:50','','2022-04-26 21:47:43',NULL),
(13,'epidemic_factory','工厂管理',NULL,NULL,'EpidemicFactory','crud','zstu.epidemic.illness','illness','factory','工厂管理','iwan','0','/','{\"parentMenuId\":\"2001\"}','admin','2022-04-23 20:07:50','','2022-04-26 21:50:45',NULL),
(15,'epidemic_hospital','医院管理',NULL,NULL,'EpidemicHospital','crud','zstu.epidemic.cases','cases','hospital','医院管理','iwan','0','/','{\"parentMenuId\":\"2000\"}','admin','2022-04-23 20:07:51','','2022-04-26 21:50:53',NULL),
(16,'epidemic_illness','疾病管理',NULL,NULL,'EpidemicIllness','crud','zstu.epidemic.illness','illness','illness','疾病管理','iwan','0','/','{\"parentMenuId\":\"2001\"}','admin','2022-04-23 20:07:51','','2022-04-26 21:51:08',NULL),
(18,'epidemic_illness_trans','疾病传播方式',NULL,NULL,'EpidemicIllnessTrans','crud','zstu.epidemic.illness','illness','illness_trans','疾病传播方式','iwan','0','/','{\"parentMenuId\":\"2001\"}','admin','2022-04-23 20:07:51','','2022-05-04 07:21:04',NULL),
(19,'epidemic_passage','文章管理',NULL,NULL,'EpidemicPassage','crud','zstu.epidemic.illness','illness','passage','文章管理','iwan','0','/','{\"parentMenuId\":\"2001\"}','admin','2022-04-23 20:07:51','','2022-04-26 21:51:37',NULL),
(20,'epidemic_passage_content','文章内容管理','','','EpidemicPassageContent','crud','zstu.epidemic.illness','illness','content','文章内容','iwan','0','/','{\"parentMenuId\":\"2001\"}','admin','2022-04-23 20:07:51','','2022-05-04 07:24:12',NULL),
(23,'epidemic_passage_illness','文章疾病',NULL,NULL,'EpidemicPassageIllness','crud','zstu.epidemic.illness','illness','illness_passage','文章疾病','iwan','0','/','{\"parentMenuId\":\"2001\"}','admin','2022-04-23 20:07:57','','2022-04-26 22:39:23',NULL),
(24,'epidemic_patient','病人管理',NULL,NULL,'EpidemicPatient','crud','zstu.epidemic.cases','cases','patient','病人管理','iwan','0','/','{\"parentMenuId\":\"2000\"}','admin','2022-04-23 20:07:57','','2022-04-26 21:53:14',NULL),
(25,'epidemic_drug_company','药品公司管理',NULL,NULL,'EpidemicDrugCompany','crud','zstu.epidemic.illness','illness','drug_company','公司药品管理','iwan','0','/','{\"parentMenuId\":\"2001\"}','admin','2022-04-26 19:20:49','','2022-04-26 22:39:15',NULL),
(26,'epidemic_drug_factory','疾病工厂管理',NULL,NULL,'EpidemicDrugFactory','crud','zstu.epidemic.illness','illness','drug_factory','工厂管理','iwan','0','/','{\"parentMenuId\":\"2001\"}','admin','2022-04-26 19:20:49','','2022-04-26 22:39:08',NULL),
(28,'epidemic_patient_history','病史管理',NULL,NULL,'EpidemicPatientHistory','crud','zstu.epidemic.cases','cases','history','病史管理','iwan','0','/','{\"parentMenuId\":\"2000\"}','admin','2022-04-26 19:24:31','','2022-05-04 07:42:38',NULL),
(29,'epidemic_drug_illness','疾病药品',NULL,NULL,'EpidemicDrugIllness','crud','zstu.epidemic.illness','illness','drug_illness','疾病药品','iwan','0','/','{\"parentMenuId\":\"2001\"}','admin','2022-04-26 19:27:35','','2022-05-04 07:55:14',NULL);

/*Table structure for table `gen_table_column` */

DROP TABLE IF EXISTS `gen_table_column`;

CREATE TABLE `gen_table_column` (
  `column_id` bigint NOT NULL AUTO_INCREMENT COMMENT '编号',
  `table_id` varchar(64) DEFAULT NULL COMMENT '归属表编号',
  `column_name` varchar(200) DEFAULT NULL COMMENT '列名称',
  `column_comment` varchar(500) DEFAULT NULL COMMENT '列描述',
  `column_type` varchar(100) DEFAULT NULL COMMENT '列类型',
  `java_type` varchar(500) DEFAULT NULL COMMENT 'JAVA类型',
  `java_field` varchar(200) DEFAULT NULL COMMENT 'JAVA字段名',
  `is_pk` char(1) DEFAULT NULL COMMENT '是否主键（1是）',
  `is_increment` char(1) DEFAULT NULL COMMENT '是否自增（1是）',
  `is_required` char(1) DEFAULT NULL COMMENT '是否必填（1是）',
  `is_insert` char(1) DEFAULT NULL COMMENT '是否为插入字段（1是）',
  `is_edit` char(1) DEFAULT NULL COMMENT '是否编辑字段（1是）',
  `is_list` char(1) DEFAULT NULL COMMENT '是否列表字段（1是）',
  `is_query` char(1) DEFAULT NULL COMMENT '是否查询字段（1是）',
  `query_type` varchar(200) DEFAULT 'EQ' COMMENT '查询方式（等于、不等于、大于、小于、范围）',
  `html_type` varchar(200) DEFAULT NULL COMMENT '显示类型（文本框、文本域、下拉框、复选框、单选框、日期控件）',
  `dict_type` varchar(200) DEFAULT '' COMMENT '字典类型',
  `sort` int DEFAULT NULL COMMENT '排序',
  `create_by` varchar(64) DEFAULT '' COMMENT '创建者',
  `create_time` datetime DEFAULT NULL COMMENT '创建时间',
  `update_by` varchar(64) DEFAULT '' COMMENT '更新者',
  `update_time` datetime DEFAULT NULL COMMENT '更新时间',
  PRIMARY KEY (`column_id`)
) ENGINE=InnoDB AUTO_INCREMENT=248 DEFAULT CHARSET=utf8mb4 COLLATE=utf8mb4_0900_ai_ci COMMENT='代码生成业务表字段';

/*Data for the table `gen_table_column` */

insert  into `gen_table_column`(`column_id`,`table_id`,`column_name`,`column_comment`,`column_type`,`java_type`,`java_field`,`is_pk`,`is_increment`,`is_required`,`is_insert`,`is_edit`,`is_list`,`is_query`,`query_type`,`html_type`,`dict_type`,`sort`,`create_by`,`create_time`,`update_by`,`update_time`) values 
(1,'1','case_id','病例id','bigint','Long','caseId','1','1',NULL,'1',NULL,NULL,NULL,'EQ','input',NULL,1,'admin','2022-04-23 20:07:35',NULL,'2022-05-04 07:18:24'),
(2,'1','patient_id','患者id','bigint','Long','patientId','0','0','1','1','1','1','1','EQ','input','',2,'admin','2022-04-23 20:07:35',NULL,'2022-05-04 07:18:24'),
(3,'1','illness_id','病id','bigint','Long','illnessId','0','0','1','1','1','1','1','EQ','input','',3,'admin','2022-04-23 20:07:35',NULL,'2022-05-04 07:18:24'),
(4,'1','infected_region_id','感染地区id','bigint','Long','infectedRegionId','0','0','1','1','1','1','1','EQ','input','',4,'admin','2022-04-23 20:07:35',NULL,'2022-05-04 07:18:24'),
(5,'1','infected_address','感染详细地址','varchar(255)','String','infectedAddress','0','0','1','1','1','1','1','EQ','input','',5,'admin','2022-04-23 20:07:35',NULL,'2022-05-04 07:18:24'),
(6,'1','is_cure','是否治愈（0否 1是）','tinyint','Long','isCure','0','0','1','1','1','1','1','EQ','input','',6,'admin','2022-04-23 20:07:35',NULL,'2022-05-04 07:18:24'),
(7,'1','is_hosp','是否住院（0否 1是）','tinyint','Long','isHosp','0','0','1','1','1','1','1','EQ','input','',7,'admin','2022-04-23 20:07:35',NULL,'2022-05-04 07:18:24'),
(8,'1','is_die','是否死亡（0否 1是）','tinyint','Long','isDie','0','0','1','1','1','1','1','EQ','input','',8,'admin','2022-04-23 20:07:35',NULL,'2022-05-04 07:18:24'),
(9,'1','infect_time','感染时间','datetime','Date','infectTime','0','0',NULL,'1','1','1','1','EQ','datetime','',9,'admin','2022-04-23 20:07:35',NULL,'2022-05-04 07:18:24'),
(10,'1','cure_time','治愈时间','datetime','Date','cureTime','0','0',NULL,'1','1','1','1','EQ','datetime','',10,'admin','2022-04-23 20:07:35',NULL,'2022-05-04 07:18:24'),
(11,'1','is_delete','删除标志（0代表存在 1代表删除）','tinyint(3) unsigned zerofill','String','isDelete','0','0','1','1','1','1','1','EQ','input','',11,'admin','2022-04-23 20:07:35',NULL,'2022-05-04 07:18:24'),
(12,'1','create_by','创建者','varchar(30)','String','createBy','0','0','1','1',NULL,NULL,NULL,'EQ','input',NULL,12,'admin','2022-04-23 20:07:35',NULL,'2022-05-04 07:18:24'),
(13,'1','create_time','创建时间','datetime','Date','createTime','0','0',NULL,'1',NULL,NULL,NULL,'EQ','datetime',NULL,13,'admin','2022-04-23 20:07:35',NULL,'2022-05-04 07:18:24'),
(14,'1','update_by','更新者','varchar(30)','String','updateBy','0','0','1','1','1',NULL,NULL,'EQ','input',NULL,14,'admin','2022-04-23 20:07:35',NULL,'2022-05-04 07:18:24'),
(15,'1','update_time','更新时间','datetime','Date','updateTime','0','0',NULL,'1','1',NULL,NULL,'EQ','datetime',NULL,15,'admin','2022-04-23 20:07:35',NULL,'2022-05-04 07:18:24'),
(16,'1','remark','备注','varchar(255)','String','remark','0','0','1','1','1','1',NULL,'EQ','input','',16,'admin','2022-04-23 20:07:35',NULL,'2022-05-04 07:18:24'),
(17,'2','case_hospital_id','病例医院id','bigint','Long','caseHospitalId','1','1',NULL,'1',NULL,NULL,NULL,'EQ','input',NULL,1,'admin','2022-04-23 20:07:35',NULL,'2022-05-04 07:18:25'),
(18,'2','case_id','病例id','bigint','Long','caseId','0','0','1','1','1','1','1','EQ','input','',2,'admin','2022-04-23 20:07:35',NULL,'2022-05-04 07:18:25'),
(19,'2','hospital_id','医院id','bigint','Long','hospitalId','0','0','1','1','1','1','1','EQ','input','',3,'admin','2022-04-23 20:07:35',NULL,'2022-05-04 07:18:25'),
(20,'2','visit_time','看病次数','int','Long','visitTime','0','0','1','1','1','1','1','EQ','input','',4,'admin','2022-04-23 20:07:35',NULL,'2022-05-04 07:18:25'),
(21,'2','number','第几个去的医院','int','Long','number','0','0','1','1','1','1','1','EQ','input','',5,'admin','2022-04-23 20:07:35',NULL,'2022-05-04 07:18:25'),
(22,'2','is_delete','删除标志（0代表存在 1代表删除）','tinyint','Long','isDelete','0','0','1','1','1','1','1','EQ','input','',6,'admin','2022-04-23 20:07:35',NULL,'2022-05-04 07:18:25'),
(23,'2','create_by','创见者','varchar(30)','String','createBy','0','0','1','1',NULL,NULL,NULL,'EQ','input',NULL,7,'admin','2022-04-23 20:07:35',NULL,'2022-05-04 07:18:25'),
(24,'2','create_time','创建时间','datetime','Date','createTime','0','0',NULL,'1',NULL,NULL,NULL,'EQ','datetime',NULL,8,'admin','2022-04-23 20:07:35',NULL,'2022-05-04 07:18:25'),
(25,'2','update_by','更新者','varchar(30)','String','updateBy','0','0','1','1','1',NULL,NULL,'EQ','input',NULL,9,'admin','2022-04-23 20:07:35',NULL,'2022-05-04 07:18:25'),
(26,'2','update_time','更新时间','datetime','Date','updateTime','0','0',NULL,'1','1',NULL,NULL,'EQ','datetime',NULL,10,'admin','2022-04-23 20:07:35',NULL,'2022-05-04 07:18:25'),
(27,'2','remark','备注','varchar(255)','String','remark','0','0','1','1','1','1',NULL,'EQ','input','',11,'admin','2022-04-23 20:07:35',NULL,'2022-05-04 07:18:25'),
(28,'3','category_id','类型id','bigint','Long','categoryId','1','1',NULL,'1',NULL,NULL,NULL,'EQ','input',NULL,1,'admin','2022-04-23 20:07:35',NULL,'2022-05-04 07:18:27'),
(29,'3','parent_id','上级类id','bigint','Long','parentId','0','0','1','1','1','1','1','EQ','input','',2,'admin','2022-04-23 20:07:35',NULL,'2022-05-04 07:18:27'),
(30,'3','category_name','类名','varchar(30)','String','categoryName','0','0','1','1','1','1','1','LIKE','input','',3,'admin','2022-04-23 20:07:35',NULL,'2022-05-04 07:18:27'),
(31,'3','is_delete','删除标志（0代表存在 1代表删除）','tinyint','Long','isDelete','0','0',NULL,'1','1','1','1','EQ','input','',4,'admin','2022-04-23 20:07:35',NULL,'2022-05-04 07:18:27'),
(32,'3','create_by','创建者','varchar(30)','String','createBy','0','0','1','1',NULL,NULL,NULL,'EQ','input',NULL,5,'admin','2022-04-23 20:07:35',NULL,'2022-05-04 07:18:27'),
(33,'3','create_time','创建时间','decimal(10,0)','Long','createTime','0','0',NULL,'1',NULL,NULL,NULL,'EQ','input',NULL,6,'admin','2022-04-23 20:07:35',NULL,'2022-05-04 07:18:27'),
(34,'3','update_by','更新者','varchar(30)','String','updateBy','0','0','1','1','1',NULL,NULL,'EQ','input',NULL,7,'admin','2022-04-23 20:07:35',NULL,'2022-05-04 07:18:27'),
(35,'3','update_time','更新时间','datetime','Date','updateTime','0','0',NULL,'1','1',NULL,NULL,'EQ','datetime',NULL,8,'admin','2022-04-23 20:07:35',NULL,'2022-05-04 07:18:27'),
(36,'3','remark','备注','varchar(255)','String','remark','0','0','1','1','1','1',NULL,'EQ','input','',9,'admin','2022-04-23 20:07:35',NULL,'2022-05-04 07:18:27'),
(39,'5','company_id','公司id','bigint','Long','companyId','1','1',NULL,'1',NULL,NULL,NULL,'EQ','input',NULL,1,'admin','2022-04-23 20:07:35',NULL,'2022-05-04 07:18:29'),
(41,'5','company_address','公司详细地址','varchar(255)','String','companyAddress','0','0',NULL,'1','1','1','1','EQ','input','',3,'admin','2022-04-23 20:07:35',NULL,'2022-05-04 07:18:29'),
(42,'5','postal_code','邮政编码','varchar(255)','String','postalCode','0','0',NULL,'1','1','1','1','EQ','input','',5,'admin','2022-04-23 20:07:35',NULL,'2022-05-04 07:18:29'),
(43,'5','phone_number','电话号码','varchar(255)','String','phoneNumber','0','0',NULL,'1','1','1','1','EQ','input','',6,'admin','2022-04-23 20:07:35',NULL,'2022-05-04 07:18:29'),
(44,'5','fax_number','邮编号码','varchar(255)','String','faxNumber','0','0',NULL,'1','1','1','1','EQ','input','',7,'admin','2022-04-23 20:07:35',NULL,'2022-05-04 07:18:29'),
(45,'5','site_url','网址','varchar(255)','String','siteUrl','0','0',NULL,'1','1','1','1','EQ','input','',8,'admin','2022-04-23 20:07:35',NULL,'2022-05-04 07:18:29'),
(46,'5','company_region_id','公司地址id','bigint','Long','companyRegionId','0','0',NULL,'1','1','1','1','EQ','input','',4,'admin','2022-04-23 20:07:35',NULL,'2022-05-04 07:18:29'),
(47,'5','is_delete','删除标志（0代表存在 1代表删除）','tinyint','Long','isDelete','0','0',NULL,'1','1','1','1','EQ','input','',9,'admin','2022-04-23 20:07:35',NULL,'2022-05-04 07:18:29'),
(48,'5','create_by','创建者','varchar(30)','String','createBy','0','0','1','1',NULL,NULL,NULL,'EQ','input',NULL,10,'admin','2022-04-23 20:07:35',NULL,'2022-05-04 07:18:29'),
(49,'5','create_time','创建时间','decimal(10,0)','Long','createTime','0','0',NULL,'1',NULL,NULL,NULL,'EQ','input',NULL,11,'admin','2022-04-23 20:07:35',NULL,'2022-05-04 07:18:29'),
(50,'5','update_by','更新者','varchar(30)','String','updateBy','0','0','1','1','1',NULL,NULL,'EQ','input',NULL,12,'admin','2022-04-23 20:07:35',NULL,'2022-05-04 07:18:29'),
(51,'5','update_time','更新时间','datetime','Date','updateTime','0','0',NULL,'1','1',NULL,NULL,'EQ','datetime',NULL,13,'admin','2022-04-23 20:07:35',NULL,'2022-05-04 07:18:29'),
(52,'5','remark','备注','varchar(255)','String','remark','0','0','1','1','1','1',NULL,'EQ','input','',14,'admin','2022-04-23 20:07:35',NULL,'2022-05-04 07:18:29'),
(54,'6','infectious_id','传染病id','bigint','Long','infectiousId','0','0','1','1','1','1','1','EQ','input',NULL,2,'admin','2022-04-23 20:07:35',NULL,'2022-05-04 07:18:31'),
(55,'7','drug_id','序号','bigint','Long','drugId','1','1',NULL,'1',NULL,NULL,NULL,'EQ','input',NULL,1,'admin','2022-04-23 20:07:35',NULL,'2022-05-04 07:18:33'),
(56,'7','drug_name','药品名称','varchar(255)','String','drugName','0','0','1','1','1','1','1','LIKE','input','',2,'admin','2022-04-23 20:07:35',NULL,'2022-05-04 07:18:33'),
(57,'7','ingredient','成分','varchar(255)','String','ingredient','0','0','1','1','1','1','1','EQ','input','',3,'admin','2022-04-23 20:07:35',NULL,'2022-05-04 07:18:33'),
(58,'7','appearance','药品特征','varchar(255)','String','appearance','0','0','1','1','1','1','1','EQ','input','',4,'admin','2022-04-23 20:07:35',NULL,'2022-05-04 07:18:33'),
(59,'7','specification','规格','varchar(255)','String','specification','0','0','1','1','1','1','1','EQ','input','',5,'admin','2022-04-23 20:07:35',NULL,'2022-05-04 07:18:33'),
(61,'7','tabu','禁忌','varchar(255)','String','tabu','0','0','1','1','1','1','1','EQ','input','',7,'admin','2022-04-23 20:07:35',NULL,'2022-05-04 07:18:33'),
(62,'7','adverse_reaction','不良反应','varchar(255)','String','adverseReaction','0','0','1','1','1','1','1','EQ','input','',8,'admin','2022-04-23 20:07:35',NULL,'2022-05-04 07:18:33'),
(63,'7','approval_number','批准文号','int','Long','approvalNumber','0','0','1','1','1','1','1','EQ','input','',9,'admin','2022-04-23 20:07:35',NULL,'2022-05-04 07:18:33'),
(64,'7','storage_method','贮藏方法','varchar(255)','String','storageMethod','0','0','1','1','1','1','1','EQ','input','',10,'admin','2022-04-23 20:07:35',NULL,'2022-05-04 07:18:33'),
(65,'7','packaging','包装','varchar(255)','String','packaging','0','0','1','1','1','1','1','EQ','input','',11,'admin','2022-04-23 20:07:35',NULL,'2022-05-04 07:18:33'),
(66,'7','indata','有效期','varchar(255)','String','indata','0','0','1','1','1','1','1','EQ','input','',12,'admin','2022-04-23 20:07:35',NULL,'2022-05-04 07:18:33'),
(69,'7','is_delete','删除标志（0代表存在 1代表删除）','tinyint','Long','isDelete','0','0',NULL,'1','1','1','1','EQ','input','',13,'admin','2022-04-23 20:07:35',NULL,'2022-05-04 07:18:33'),
(70,'7','create_by','创建者','varchar(30)','String','createBy','0','0','1','1',NULL,NULL,NULL,'EQ','input',NULL,14,'admin','2022-04-23 20:07:35',NULL,'2022-05-04 07:18:33'),
(71,'7','create_time','创建时间','decimal(10,0)','Long','createTime','0','0',NULL,'1',NULL,NULL,NULL,'EQ','input',NULL,15,'admin','2022-04-23 20:07:35',NULL,'2022-05-04 07:18:33'),
(72,'7','update_by','更新者','varchar(30)','String','updateBy','0','0','1','1','1',NULL,NULL,'EQ','input',NULL,16,'admin','2022-04-23 20:07:35',NULL,'2022-05-04 07:18:33'),
(73,'7','update_time','更新时间','datetime','Date','updateTime','0','0',NULL,'1','1',NULL,NULL,'EQ','datetime',NULL,17,'admin','2022-04-23 20:07:35',NULL,'2022-05-04 07:18:33'),
(74,'7','remark','备注','varchar(255)','String','remark','0','0','1','1','1','1',NULL,'EQ','input','',18,'admin','2022-04-23 20:07:35',NULL,'2022-05-04 07:18:34'),
(75,'8','region_id','地区id','bigint','Long','regionId','1','1',NULL,'1',NULL,NULL,NULL,'EQ','input',NULL,1,'admin','2022-04-23 20:07:35',NULL,'2022-05-04 07:18:36'),
(76,'8','province','省份','varchar(30)','String','province','0','0','1','1','1','1','1','EQ','input','',2,'admin','2022-04-23 20:07:35',NULL,'2022-05-04 07:18:36'),
(77,'8','city','市级名','varchar(30)','String','city','0','0','1','1','1','1','1','EQ','input','',3,'admin','2022-04-23 20:07:35',NULL,'2022-05-04 07:18:36'),
(78,'8','district','区级名','varchar(30)','String','district','0','0','1','1','1','1','1','EQ','input','',4,'admin','2022-04-23 20:07:35',NULL,'2022-05-04 07:18:36'),
(79,'8','street','街道名','varchar(30)','String','street','0','0','1','1','1','1','1','EQ','input','',5,'admin','2022-04-23 20:07:35',NULL,'2022-05-04 07:18:36'),
(80,'8','is_delete','删除标志（0代表存在 1代表删除）','tinyint','Long','isDelete','0','0',NULL,'1','1','1','1','EQ','input','',6,'admin','2022-04-23 20:07:35',NULL,'2022-05-04 07:18:36'),
(81,'8','create_time','创建日期','datetime','Date','createTime','0','0',NULL,'1',NULL,NULL,NULL,'EQ','datetime',NULL,7,'admin','2022-04-23 20:07:35',NULL,'2022-05-04 07:18:36'),
(82,'8','create_by','创建者','varchar(64)','String','createBy','0','0',NULL,'1',NULL,NULL,NULL,'EQ','input',NULL,8,'admin','2022-04-23 20:07:35',NULL,'2022-05-04 07:18:36'),
(83,'8','update_time','更新日期','datetime','Date','updateTime','0','0',NULL,'1','1',NULL,NULL,'EQ','datetime',NULL,9,'admin','2022-04-23 20:07:35',NULL,'2022-05-04 07:18:36'),
(84,'8','update_by','更新者','varchar(64)','String','updateBy','0','0',NULL,'1','1',NULL,NULL,'EQ','input',NULL,10,'admin','2022-04-23 20:07:35',NULL,'2022-05-04 07:18:36'),
(85,'8','remark','备注','varchar(500)','String','remark','0','0',NULL,'1','1','1',NULL,'EQ','textarea','',11,'admin','2022-04-23 20:07:35',NULL,'2022-05-04 07:18:36'),
(88,'10','transmission_id','传播途径id','bigint','Long','transmissionId','1','1',NULL,'1',NULL,NULL,NULL,'EQ','input',NULL,1,'admin','2022-04-23 20:07:35',NULL,'2022-05-04 07:18:39'),
(89,'10','transmission_name','传播途径名','varchar(30)','String','transmissionName','0','0','1','1','1','1','1','LIKE','input','',2,'admin','2022-04-23 20:07:35',NULL,'2022-05-04 07:18:39'),
(90,'10','distance','影响范围','varchar(10)','String','distance','0','0','1','1','1','1','1','EQ','input','',3,'admin','2022-04-23 20:07:35',NULL,'2022-05-04 07:18:39'),
(91,'10','duration','持续时间','varchar(10)','String','duration','0','0','1','1','1','1','1','EQ','input','',4,'admin','2022-04-23 20:07:35',NULL,'2022-05-04 07:18:39'),
(92,'10','trans_source','传播源','varchar(30)','String','transSource','0','0','1','1','1','1','1','EQ','input','',5,'admin','2022-04-23 20:07:35',NULL,'2022-05-04 07:18:39'),
(93,'10','is_delete','删除标志（0代表存在 1代表删除）','tinyint','Long','isDelete','0','0',NULL,'1','1','1','1','EQ','input','',6,'admin','2022-04-23 20:07:35',NULL,'2022-05-04 07:18:39'),
(94,'10','create_time','创建日期','datetime','Date','createTime','0','0',NULL,'1',NULL,NULL,NULL,'EQ','datetime',NULL,7,'admin','2022-04-23 20:07:35',NULL,'2022-05-04 07:18:39'),
(95,'10','create_by','创建者','varchar(64)','String','createBy','0','0',NULL,'1',NULL,NULL,NULL,'EQ','input',NULL,8,'admin','2022-04-23 20:07:35',NULL,'2022-05-04 07:18:39'),
(96,'10','update_time','更新日期','datetime','Date','updateTime','0','0',NULL,'1','1',NULL,NULL,'EQ','datetime',NULL,9,'admin','2022-04-23 20:07:35',NULL,'2022-05-04 07:18:39'),
(97,'10','update_by','更新者','varchar(64)','String','updateBy','0','0',NULL,'1','1',NULL,NULL,'EQ','input',NULL,10,'admin','2022-04-23 20:07:35',NULL,'2022-05-04 07:18:39'),
(98,'10','remark','备注','varchar(500)','String','remark','0','0',NULL,'1','1','1',NULL,'EQ','textarea','',11,'admin','2022-04-23 20:07:35',NULL,'2022-05-04 07:18:39'),
(101,'12','expert_id','专家id','bigint','Long','expertId','1','1',NULL,'1',NULL,NULL,NULL,'EQ','input',NULL,1,'admin','2022-04-23 20:07:50',NULL,'2022-05-04 07:18:43'),
(102,'12','expert_name','专家姓名','varchar(30)','String','expertName','0','0','1','1','1','1','1','LIKE','input','',2,'admin','2022-04-23 20:07:50',NULL,'2022-05-04 07:18:43'),
(103,'12','expert_sex','专家性别','char(1)','String','expertSex','0','0','1','1','1','1','1','EQ','select','',3,'admin','2022-04-23 20:07:50',NULL,'2022-05-04 07:18:43'),
(104,'12','expert_age','专家年龄','int','Long','expertAge','0','0','1','1','1','1','1','EQ','input','',4,'admin','2022-04-23 20:07:50',NULL,'2022-05-04 07:18:43'),
(105,'12','introduction','专家介绍','varchar(200)','String','introduction','0','0','1','1','1','1','1','EQ','input','',5,'admin','2022-04-23 20:07:50',NULL,'2022-05-04 07:18:43'),
(106,'12','id_number','身份证号','varchar(20)','String','idNumber','0','0','1','1','1','1','1','EQ','input','',6,'admin','2022-04-23 20:07:50',NULL,'2022-05-04 07:18:43'),
(107,'12','outlook','政治面貌','varchar(8)','String','outlook','0','0','1','1','1','1','1','EQ','input','',7,'admin','2022-04-23 20:07:50',NULL,'2022-05-04 07:18:43'),
(108,'12','education','学历','varchar(10)','String','education','0','0','1','1','1','1','1','EQ','input','',8,'admin','2022-04-23 20:07:50',NULL,'2022-05-04 07:18:43'),
(109,'12','telephone','手机号','varchar(15)','String','telephone','0','0','1','1','1','1','1','EQ','input','',9,'admin','2022-04-23 20:07:50',NULL,'2022-05-04 07:18:43'),
(110,'12','email','邮箱号','varchar(30)','String','email','0','0','1','1','1','1','1','EQ','input','',10,'admin','2022-04-23 20:07:50',NULL,'2022-05-04 07:18:43'),
(111,'12','hospital_id','隶属医院id','bigint','Long','hospitalId','0','0','1','1','1','1','1','EQ','input','',11,'admin','2022-04-23 20:07:50',NULL,'2022-05-04 07:18:43'),
(112,'12','live_region_id','地址','bigint','Long','liveRegionId','0','0','1','1','1','1','1','EQ','input','',12,'admin','2022-04-23 20:07:50',NULL,'2022-05-04 07:18:43'),
(113,'12','address','详细地址','varchar(50)','String','address','0','0','1','1','1','1','1','EQ','input','',13,'admin','2022-04-23 20:07:50',NULL,'2022-05-04 07:18:43'),
(114,'12','create_time','创建时间','datetime','Date','createTime','0','0',NULL,'1',NULL,NULL,NULL,'EQ','datetime',NULL,14,'admin','2022-04-23 20:07:50',NULL,'2022-05-04 07:18:43'),
(115,'12','create_by','创建者','varchar(64)','String','createBy','0','0',NULL,'1',NULL,NULL,NULL,'EQ','input',NULL,15,'admin','2022-04-23 20:07:50',NULL,'2022-05-04 07:18:43'),
(116,'12','update_time','更新时间','datetime','Date','updateTime','0','0',NULL,'1','1',NULL,NULL,'EQ','datetime',NULL,16,'admin','2022-04-23 20:07:50',NULL,'2022-05-04 07:18:43'),
(117,'12','update_by','更新者','varchar(64)','String','updateBy','0','0',NULL,'1','1',NULL,NULL,'EQ','input',NULL,17,'admin','2022-04-23 20:07:50',NULL,'2022-05-04 07:18:43'),
(118,'12','remark','备注','varchar(500)','String','remark','0','0',NULL,'1','1','1',NULL,'EQ','textarea','',18,'admin','2022-04-23 20:07:50',NULL,'2022-05-04 07:18:43'),
(119,'12','is_delete','删除标志（0代表存在 1代表删除）','tinyint','Long','isDelete','0','0',NULL,'1','1','1','1','EQ','input','',19,'admin','2022-04-23 20:07:50',NULL,'2022-05-04 07:18:43'),
(120,'13','factory_id','工厂id','bigint','Long','factoryId','1','1',NULL,'1',NULL,NULL,NULL,'EQ','input',NULL,1,'admin','2022-04-23 20:07:50',NULL,'2022-05-04 07:18:45'),
(121,'13','factory_name','工厂名','varchar(255)','String','factoryName','0','0','1','1','1','1','1','LIKE','input','',2,'admin','2022-04-23 20:07:50',NULL,'2022-05-04 07:18:45'),
(122,'13','factory_address','工厂详细地址','varchar(255)','String','factoryAddress','0','0','1','1','1','1','1','EQ','input','',4,'admin','2022-04-23 20:07:50',NULL,'2022-05-04 07:18:45'),
(123,'13','postal_code','邮政编码','varchar(255)','String','postalCode','0','0','1','1','1','1','1','EQ','input','',5,'admin','2022-04-23 20:07:50',NULL,'2022-05-04 07:18:45'),
(124,'13','phone_number','电话号码','varchar(255)','String','phoneNumber','0','0','1','1','1','1','1','EQ','input','',6,'admin','2022-04-23 20:07:51',NULL,'2022-05-04 07:18:45'),
(125,'13','fax_number','传真号码','varchar(255)','String','faxNumber','0','0','1','1','1','1','1','EQ','input','',7,'admin','2022-04-23 20:07:51',NULL,'2022-05-04 07:18:45'),
(126,'13','site_url','网址','varchar(255)','String','siteUrl','0','0','1','1','1','1','1','EQ','input','',8,'admin','2022-04-23 20:07:51',NULL,'2022-05-04 07:18:45'),
(127,'13','is_delete','删除标志（0代表存在 1代表删除）','tinyint','Long','isDelete','0','0',NULL,'1','1','1','1','EQ','input','',9,'admin','2022-04-23 20:07:51',NULL,'2022-05-04 07:18:45'),
(128,'13','create_by','创建者','varchar(30)','String','createBy','0','0','1','1',NULL,NULL,NULL,'EQ','input',NULL,10,'admin','2022-04-23 20:07:51',NULL,'2022-05-04 07:18:45'),
(129,'13','create_time','创建时间','decimal(10,0)','Long','createTime','0','0',NULL,'1',NULL,NULL,NULL,'EQ','input',NULL,11,'admin','2022-04-23 20:07:51',NULL,'2022-05-04 07:18:45'),
(130,'13','update_by','更新者','varchar(30)','String','updateBy','0','0','1','1','1',NULL,NULL,'EQ','input',NULL,12,'admin','2022-04-23 20:07:51',NULL,'2022-05-04 07:18:45'),
(131,'13','update_time','更新时间','datetime','Date','updateTime','0','0',NULL,'1','1',NULL,NULL,'EQ','datetime',NULL,13,'admin','2022-04-23 20:07:51',NULL,'2022-05-04 07:18:45'),
(132,'13','remark','备注','varchar(255)','String','remark','0','0','1','1','1','1',NULL,'EQ','input','',14,'admin','2022-04-23 20:07:51',NULL,'2022-05-04 07:18:45'),
(135,'15','hospital_id','医院id','bigint','Long','hospitalId','1','1',NULL,'1',NULL,NULL,NULL,'EQ','input',NULL,1,'admin','2022-04-23 20:07:51',NULL,'2022-05-04 07:18:47'),
(136,'15','hospital_name','医院名称','varchar(50)','String','hospitalName','0','0','1','1','1','1','1','LIKE','input','',2,'admin','2022-04-23 20:07:51',NULL,'2022-05-04 07:18:47'),
(137,'15','establish_region_id','地区id','bigint','Long','establishRegionId','0','0','1','1','1','1','1','EQ','input','',3,'admin','2022-04-23 20:07:51',NULL,'2022-05-04 07:18:47'),
(138,'15','estabilsh_address','详细地址','varchar(255)','String','estabilshAddress','0','0','1','1','1','1','1','EQ','input','',4,'admin','2022-04-23 20:07:51',NULL,'2022-05-04 07:18:47'),
(139,'15','is_public','是否公立（0是 1否）','tinyint','Long','isPublic','0','0','1','1','1','1','1','EQ','input','',5,'admin','2022-04-23 20:07:51',NULL,'2022-05-04 07:18:47'),
(140,'15','president','院长','varchar(30)','String','president','0','0','1','1','1','1','1','EQ','input','',6,'admin','2022-04-23 20:07:51',NULL,'2022-05-04 07:18:47'),
(141,'15','level','医院等级','varchar(50)','String','level','0','0','1','1','1','1','1','EQ','input','',7,'admin','2022-04-23 20:07:51',NULL,'2022-05-04 07:18:47'),
(142,'15','type','医院类型','varchar(50)','String','type','0','0','1','1','1','1','1','EQ','select','',8,'admin','2022-04-23 20:07:51',NULL,'2022-05-04 07:18:47'),
(143,'15','establish_time','建立时间','datetime','Date','establishTime','0','0',NULL,'1','1','1','1','EQ','datetime','',9,'admin','2022-04-23 20:07:51',NULL,'2022-05-04 07:18:47'),
(144,'15','is_delete','删除标志（0代表存在 1代表删除）','tinyint','Long','isDelete','0','0','1','1','1','1','1','EQ','input','',10,'admin','2022-04-23 20:07:51',NULL,'2022-05-04 07:18:47'),
(145,'15','create_by','创建者','varchar(30)','String','createBy','0','0','1','1',NULL,NULL,NULL,'EQ','input',NULL,11,'admin','2022-04-23 20:07:51',NULL,'2022-05-04 07:18:47'),
(146,'15','create_time','创建时间','datetime','Date','createTime','0','0',NULL,'1',NULL,NULL,NULL,'EQ','datetime',NULL,12,'admin','2022-04-23 20:07:51',NULL,'2022-05-04 07:18:47'),
(147,'15','update_by','更新者','varchar(30)','String','updateBy','0','0','1','1','1',NULL,NULL,'EQ','input',NULL,13,'admin','2022-04-23 20:07:51',NULL,'2022-05-04 07:18:47'),
(148,'15','update_time','更新时间','datetime','Date','updateTime','0','0',NULL,'1','1',NULL,NULL,'EQ','datetime',NULL,14,'admin','2022-04-23 20:07:51',NULL,'2022-05-04 07:18:47'),
(149,'15','remark','备注','varchar(500)','String','remark','0','0','1','1','1','1',NULL,'EQ','textarea','',15,'admin','2022-04-23 20:07:51',NULL,'2022-05-04 07:18:47'),
(150,'16','illness_id','病id','bigint','Long','illnessId','1','1',NULL,'1',NULL,NULL,NULL,'EQ','input',NULL,1,'admin','2022-04-23 20:07:51',NULL,'2022-05-04 07:18:49'),
(151,'16','illness_name','病名','varchar(30)','String','illnessName','0','0','1','1','1','1','1','LIKE','input','',2,'admin','2022-04-23 20:07:51',NULL,'2022-05-04 07:18:49'),
(152,'16','catrgory_id','所属类id','bigint','Long','catrgoryId','0','0','1','1','1','1','1','EQ','input','',3,'admin','2022-04-23 20:07:51',NULL,'2022-05-04 07:18:49'),
(153,'16','symptom','症状描述','varchar(255)','String','symptom','0','0','1','1','1','1','1','EQ','input','',4,'admin','2022-04-23 20:07:51',NULL,'2022-05-04 07:18:49'),
(154,'16','pathogeny','病原描述','varchar(255)','String','pathogeny','0','0','1','1','1','1','1','EQ','input','',5,'admin','2022-04-23 20:07:51',NULL,'2022-05-04 07:18:49'),
(155,'16','ponderance','严重性描述','varchar(255)','String','ponderance','0','0','1','1','1','1','1','EQ','input','',6,'admin','2022-04-23 20:07:51',NULL,'2022-05-04 07:18:49'),
(156,'16','is_fectious','是否传染（0否 1是）','tinyint','Long','isFectious','0','0','1','1','1','1','1','EQ','input','',7,'admin','2022-04-23 20:07:51',NULL,'2022-05-04 07:18:49'),
(157,'16','is_deleted','删除标志（0代表存在 1代表删除）','tinyint','Long','isDeleted','0','0','1','1','1','1','1','EQ','input','',8,'admin','2022-04-23 20:07:51',NULL,'2022-05-04 07:18:49'),
(158,'16','craeted_by','创建者','varchar(30)','String','craetedBy','0','0','1','1','1','1','1','EQ','input','',9,'admin','2022-04-23 20:07:51',NULL,'2022-05-04 07:18:49'),
(159,'16','created_time','创建时间','datetime','Date','createdTime','0','0',NULL,'1','1','1','1','EQ','datetime','',10,'admin','2022-04-23 20:07:51',NULL,'2022-05-04 07:18:49'),
(160,'16','update_by','更新者','varchar(30)','String','updateBy','0','0','1','1','1',NULL,NULL,'EQ','input',NULL,11,'admin','2022-04-23 20:07:51',NULL,'2022-05-04 07:18:49'),
(161,'16','update_time','更新时间','datetime','Date','updateTime','0','0',NULL,'1','1',NULL,NULL,'EQ','datetime',NULL,12,'admin','2022-04-23 20:07:51',NULL,'2022-05-04 07:18:49'),
(162,'16','remark','备注','varchar(255)','String','remark','0','0','1','1','1','1',NULL,'EQ','input','',13,'admin','2022-04-23 20:07:51',NULL,'2022-05-04 07:18:49'),
(167,'19','passage_id','文章id','bigint','Long','passageId','1','1',NULL,'1',NULL,NULL,NULL,'EQ','input',NULL,1,'admin','2022-04-23 20:07:51',NULL,'2022-05-04 07:18:52'),
(168,'19','title','文章标题','varchar(50)','String','title','0','0','1','1','1','1','1','EQ','input','',2,'admin','2022-04-23 20:07:51',NULL,'2022-05-04 07:18:52'),
(169,'19','author','文章作者','varchar(50)','String','author','0','0','1','1','1','1','1','EQ','input','',3,'admin','2022-04-23 20:07:51',NULL,'2022-05-04 07:18:52'),
(170,'19','content_id','内容id','bigint','Long','contentId','0','0','1','1','1','1','1','EQ','input','',4,'admin','2022-04-23 20:07:51',NULL,'2022-05-04 07:18:52'),
(171,'19','type','类别','varchar(20)','String','type','0','0','1','1','1','1','1','EQ','select','',5,'admin','2022-04-23 20:07:51',NULL,'2022-05-04 07:18:52'),
(172,'19','is_delete','删除标志（0代表存在 1代表删除）','tinyint','Long','isDelete','0','0',NULL,'1','1','1','1','EQ','input','',6,'admin','2022-04-23 20:07:51',NULL,'2022-05-04 07:18:52'),
(173,'19','create_time','创建日期','datetime','Date','createTime','0','0',NULL,'1',NULL,NULL,NULL,'EQ','datetime',NULL,7,'admin','2022-04-23 20:07:51',NULL,'2022-05-04 07:18:52'),
(174,'19','create_by','创建者','varchar(64)','String','createBy','0','0',NULL,'1',NULL,NULL,NULL,'EQ','input',NULL,8,'admin','2022-04-23 20:07:51',NULL,'2022-05-04 07:18:52'),
(175,'19','update_time','更新日期','datetime','Date','updateTime','0','0',NULL,'1','1',NULL,NULL,'EQ','datetime',NULL,9,'admin','2022-04-23 20:07:51',NULL,'2022-05-04 07:18:52'),
(176,'19','update_by','更新者','varchar(64)','String','updateBy','0','0',NULL,'1','1',NULL,NULL,'EQ','input',NULL,10,'admin','2022-04-23 20:07:51',NULL,'2022-05-04 07:18:52'),
(177,'19','remark','备注','varchar(500)','String','remark','0','0',NULL,'1','1','1',NULL,'EQ','textarea','',11,'admin','2022-04-23 20:07:51',NULL,'2022-05-04 07:18:52'),
(178,'20','content_id','文章内容id','bigint','Long','contentId','1','1',NULL,'1',NULL,NULL,NULL,'EQ','input',NULL,1,'admin','2022-04-23 20:07:51',NULL,'2022-05-04 07:24:12'),
(179,'20','content','文章内容','text','String','content','0','0','1','1','1','1','1','EQ','editor','',2,'admin','2022-04-23 20:07:51',NULL,'2022-05-04 07:24:12'),
(180,'20','is_delete','删除标志（0代表存在 1代表删除）','tinyint','Long','isDelete','0','0',NULL,'1','1','1','1','EQ','input','',3,'admin','2022-04-23 20:07:51',NULL,'2022-05-04 07:24:12'),
(181,'20','create_time','创建日期','datetime','Date','createTime','0','0',NULL,'1',NULL,NULL,NULL,'EQ','datetime',NULL,4,'admin','2022-04-23 20:07:51',NULL,'2022-05-04 07:24:12'),
(182,'20','create_by','创建者','varchar(64)','String','createBy','0','0',NULL,'1',NULL,NULL,NULL,'EQ','input',NULL,5,'admin','2022-04-23 20:07:51',NULL,'2022-05-04 07:24:12'),
(183,'20','update_time','更新日期','datetime','Date','updateTime','0','0',NULL,'1','1',NULL,NULL,'EQ','datetime',NULL,6,'admin','2022-04-23 20:07:51',NULL,'2022-05-04 07:24:12'),
(184,'20','update_by','更新者','varchar(64)','String','updateBy','0','0',NULL,'1','1',NULL,NULL,'EQ','input',NULL,7,'admin','2022-04-23 20:07:51',NULL,'2022-05-04 07:24:12'),
(185,'20','remark','备注','varchar(500)','String','remark','0','0',NULL,'1','1','1',NULL,'EQ','textarea','',8,'admin','2022-04-23 20:07:51',NULL,'2022-05-04 07:24:12'),
(192,'24','patient_id','病人id','bigint','Long','patientId','1','1',NULL,'1',NULL,NULL,NULL,'EQ','input',NULL,1,'admin','2022-04-23 20:07:57',NULL,'2022-05-04 07:18:58'),
(193,'24','patient_name','名称','varchar(30)','String','patientName','0','0','1','1','1','1','1','LIKE','input','',2,'admin','2022-04-23 20:07:57',NULL,'2022-05-04 07:18:58'),
(194,'24','patient_sex','病人性别','char(1)','String','patientSex','0','0',NULL,'1','1','1','1','EQ','select','',3,'admin','2022-04-23 20:07:57',NULL,'2022-05-04 07:18:58'),
(195,'24','avatar','照片','varchar(255)','String','avatar','0','0','1','1','1','1','1','EQ','input','',4,'admin','2022-04-23 20:07:57',NULL,'2022-05-04 07:18:58'),
(196,'24','height','身高（cm 0为没数据）','decimal(10,0)','Long','height','0','0','1','1','1','1','1','EQ','input','',5,'admin','2022-04-23 20:07:57',NULL,'2022-05-04 07:18:58'),
(197,'24','weight','体重（kg 0为没数据）','decimal(10,0)','Long','weight','0','0','1','1','1','1','1','EQ','input','',6,'admin','2022-04-23 20:07:57',NULL,'2022-05-04 07:18:58'),
(198,'24','fat','体脂率（0为没数据）','decimal(10,0)','Long','fat','0','0','1','1','1','1','1','EQ','input','',7,'admin','2022-04-23 20:07:57',NULL,'2022-05-04 07:18:58'),
(199,'24','phone','电话','varchar(30)','String','phone','0','0','1','1','1','1','1','EQ','input','',8,'admin','2022-04-23 20:07:57',NULL,'2022-05-04 07:18:58'),
(200,'24','live_region_id','住址地区id','bigint','Long','liveRegionId','0','0','1','1','1','1','1','EQ','input','',9,'admin','2022-04-23 20:07:57',NULL,'2022-05-04 07:18:58'),
(201,'24','live_address','详细地址','varchar(255)','String','liveAddress','0','0','1','1','1','1','1','EQ','input','',10,'admin','2022-04-23 20:07:57',NULL,'2022-05-04 07:18:58'),
(202,'24','patient_age','病人年龄','int','Long','patientAge','0','0','1','1','1','1','1','EQ','input','',11,'admin','2022-04-23 20:07:57',NULL,'2022-05-04 07:18:58'),
(203,'24','is_delete','删除标志（0代表存在 1代表删除）','tinyint','Long','isDelete','0','0',NULL,'1','1','1','1','EQ','input','',12,'admin','2022-04-23 20:07:57',NULL,'2022-05-04 07:18:58'),
(204,'24','create_by','创建者','varchar(30)','String','createBy','0','0',NULL,'1',NULL,NULL,NULL,'EQ','input',NULL,13,'admin','2022-04-23 20:07:57',NULL,'2022-05-04 07:18:58'),
(205,'24','create_time','创建时间','datetime','Date','createTime','0','0',NULL,'1',NULL,NULL,NULL,'EQ','datetime',NULL,14,'admin','2022-04-23 20:07:57',NULL,'2022-05-04 07:18:58'),
(206,'24','update_by','更新者','varchar(30)','String','updateBy','0','0',NULL,'1','1',NULL,NULL,'EQ','input',NULL,15,'admin','2022-04-23 20:07:57',NULL,'2022-05-04 07:18:58'),
(207,'24','update_time','更新时间','datetime','Date','updateTime','0','0',NULL,'1','1',NULL,NULL,'EQ','datetime',NULL,16,'admin','2022-04-23 20:07:57',NULL,'2022-05-04 07:18:58'),
(208,'24','remark','备注','varchar(255)','String','remark','0','0',NULL,'1','1','1',NULL,'EQ','input','',17,'admin','2022-04-23 20:07:57',NULL,'2022-05-04 07:18:58'),
(219,'13','factory_region_id','工厂地址id','bigint','Long','factoryRegionId','0','0',NULL,'1','1','1','1','EQ','input','',3,'','2022-04-26 21:49:31',NULL,'2022-05-04 07:18:45'),
(220,'5','company_name','公司名','varchar(255)','String','companyName','0','0',NULL,'1','1','1','1','LIKE','input','',2,'','2022-04-26 22:29:45',NULL,'2022-05-04 07:18:29'),
(221,'7','instructions','用法','varchar(255)','String','instructions','0','0','1','1','1','1','1','EQ','input','',6,'','2022-05-03 09:08:06',NULL,'2022-05-04 07:18:33'),
(222,'6','infect_comp_id','传染病并发症关联id','bigint','Long','infectCompId','1','1',NULL,'1',NULL,NULL,NULL,'EQ','input',NULL,1,'','2022-05-04 07:05:04',NULL,'2022-05-04 07:18:31'),
(223,'9','illness_seq_id','疾病后遗症id','bigint','Long','illnessSeqId','1','1',NULL,'1',NULL,NULL,NULL,'EQ','input',NULL,1,'','2022-05-04 07:06:57',NULL,'2022-05-04 07:18:38'),
(224,'6','comp_id','并发症id','bigint','Long','compId','0','0','1','1','1','1','1','EQ','input','',3,'','2022-05-04 07:13:53',NULL,'2022-05-04 07:18:31'),
(225,'9','seq_id','后遗症id','bigint','Long','seqId','0','0','1','1','1','1','1','EQ','input','',2,'','2022-05-04 07:18:38','',NULL),
(226,'9','infect_id','传染病id（引发）','bigint','Long','infectId','0','0','1','1','1','1','1','EQ','input','',3,'','2022-05-04 07:18:38','',NULL),
(227,'18','illness_trans_id','疾病传染方式id','bigint(20) unsigned zerofill','Long','illnessTransId','1','0',NULL,'1',NULL,NULL,NULL,'EQ','input',NULL,1,'','2022-05-04 07:18:50',NULL,'2022-05-04 07:23:16'),
(229,'23','passage_illness_id','文章疾病id','bigint','Long','passageIllnessId','1','1',NULL,'1',NULL,NULL,NULL,'EQ','input',NULL,1,'','2022-05-04 07:18:56',NULL,'2022-05-04 07:24:53'),
(230,'23','pass_id','文章id','bigint','Long','passId','0','0','1','1','1','1','1','EQ','input','',2,'','2022-05-04 07:18:56',NULL,'2022-05-04 07:24:53'),
(231,'25','drug_company_id','药品公司关联id','bigint','Long','drugCompanyId','1','1',NULL,'1',NULL,NULL,NULL,'EQ','input',NULL,1,'','2022-05-04 07:19:03',NULL,'2022-05-04 07:26:36'),
(232,'25','medicine_id','药物id','bigint','Long','medicineId','0','0','1','1','1','1','1','EQ','input','',3,'','2022-05-04 07:19:03',NULL,'2022-05-04 07:26:36'),
(233,'26','drug_factory_id','药品工厂id','bigint','Long','drugFactoryId','1','1',NULL,'1',NULL,NULL,NULL,'EQ','input',NULL,1,'','2022-05-04 07:19:04',NULL,'2022-05-04 07:26:37'),
(234,'26','medicine_id','药物id','bigint','Long','medicineId','0','0','1','1','1','1','1','EQ','input','',3,'','2022-05-04 07:19:04',NULL,'2022-05-04 07:26:37'),
(235,'28','patient_history_id','病史id','bigint','Long','patientHistoryId','1','1',NULL,'1',NULL,NULL,NULL,'EQ','input',NULL,1,'','2022-05-04 07:19:07',NULL,'2022-05-04 07:42:41'),
(236,'28','pat_id','病人id','bigint','Long','patId','0','0','1','1','1','1','1','EQ','input','',2,'','2022-05-04 07:19:07',NULL,'2022-05-04 07:42:41'),
(237,'29','drug_illness_id','药品疾病id','bigint','Long','drugIllnessId','1','1',NULL,'1',NULL,NULL,NULL,'EQ','input',NULL,1,'','2022-05-04 07:19:09',NULL,'2022-05-04 07:55:50'),
(239,'18','infect_id','疾病id','bigint','Long','infectId','0','0','1','1','1','1','1','EQ','input','',3,'','2022-05-04 07:22:41',NULL,'2022-05-04 07:23:16'),
(240,'18','tran_id','传播方式id','bigint','Long','tranId','0','0','1','1','1','1','1','EQ','input','',2,'','2022-05-04 07:23:16','',NULL),
(241,'23','infect_id','疾病id','bigint','Long','infectId','0','0','1','1','1','1','1','EQ','input','',3,'','2022-05-04 07:24:53','',NULL),
(242,'25','comp_id','公司id','bigint','Long','compId','0','0','1','1','1','1','1','EQ','input','',2,'','2022-05-04 07:26:36','',NULL),
(243,'26','fact_id','工厂id','bigint','Long','factId','0','0','1','1','1','1','1','EQ','input','',2,'','2022-05-04 07:26:37','',NULL),
(245,'28','disease_id','病id（病史未登记）','bigint','Long','diseaseId','0','0','1','1','1','1','1','EQ','input','',3,'','2022-05-04 07:28:56',NULL,'2022-05-04 07:42:42'),
(246,'29','disease_id','疾病id','bigint','Long','diseaseId','0','0','1','1','1','1','1','EQ','input','',2,'','2022-05-04 07:55:06',NULL,'2022-05-04 07:55:50'),
(247,'29','drug_id','药物id','bigint','Long','drugId','0','0','1','1','1','1','1','EQ','input','',3,'','2022-05-04 07:55:50','',NULL);

/*Table structure for table `qrtz_blob_triggers` */

DROP TABLE IF EXISTS `qrtz_blob_triggers`;

CREATE TABLE `qrtz_blob_triggers` (
  `sched_name` varchar(120) NOT NULL COMMENT '调度名称',
  `trigger_name` varchar(200) NOT NULL COMMENT 'qrtz_triggers表trigger_name的外键',
  `trigger_group` varchar(200) NOT NULL COMMENT 'qrtz_triggers表trigger_group的外键',
  `blob_data` blob COMMENT '存放持久化Trigger对象',
  PRIMARY KEY (`sched_name`,`trigger_name`,`trigger_group`),
  CONSTRAINT `qrtz_blob_triggers_ibfk_1` FOREIGN KEY (`sched_name`, `trigger_name`, `trigger_group`) REFERENCES `qrtz_triggers` (`sched_name`, `trigger_name`, `trigger_group`)
) ENGINE=InnoDB DEFAULT CHARSET=utf8mb4 COLLATE=utf8mb4_0900_ai_ci COMMENT='Blob类型的触发器表';

/*Data for the table `qrtz_blob_triggers` */

/*Table structure for table `qrtz_calendars` */

DROP TABLE IF EXISTS `qrtz_calendars`;

CREATE TABLE `qrtz_calendars` (
  `sched_name` varchar(120) NOT NULL COMMENT '调度名称',
  `calendar_name` varchar(200) NOT NULL COMMENT '日历名称',
  `calendar` blob NOT NULL COMMENT '存放持久化calendar对象',
  PRIMARY KEY (`sched_name`,`calendar_name`)
) ENGINE=InnoDB DEFAULT CHARSET=utf8mb4 COLLATE=utf8mb4_0900_ai_ci COMMENT='日历信息表';

/*Data for the table `qrtz_calendars` */

/*Table structure for table `qrtz_cron_triggers` */

DROP TABLE IF EXISTS `qrtz_cron_triggers`;

CREATE TABLE `qrtz_cron_triggers` (
  `sched_name` varchar(120) NOT NULL COMMENT '调度名称',
  `trigger_name` varchar(200) NOT NULL COMMENT 'qrtz_triggers表trigger_name的外键',
  `trigger_group` varchar(200) NOT NULL COMMENT 'qrtz_triggers表trigger_group的外键',
  `cron_expression` varchar(200) NOT NULL COMMENT 'cron表达式',
  `time_zone_id` varchar(80) DEFAULT NULL COMMENT '时区',
  PRIMARY KEY (`sched_name`,`trigger_name`,`trigger_group`),
  CONSTRAINT `qrtz_cron_triggers_ibfk_1` FOREIGN KEY (`sched_name`, `trigger_name`, `trigger_group`) REFERENCES `qrtz_triggers` (`sched_name`, `trigger_name`, `trigger_group`)
) ENGINE=InnoDB DEFAULT CHARSET=utf8mb4 COLLATE=utf8mb4_0900_ai_ci COMMENT='Cron类型的触发器表';

/*Data for the table `qrtz_cron_triggers` */

/*Table structure for table `qrtz_fired_triggers` */

DROP TABLE IF EXISTS `qrtz_fired_triggers`;

CREATE TABLE `qrtz_fired_triggers` (
  `sched_name` varchar(120) NOT NULL COMMENT '调度名称',
  `entry_id` varchar(95) NOT NULL COMMENT '调度器实例id',
  `trigger_name` varchar(200) NOT NULL COMMENT 'qrtz_triggers表trigger_name的外键',
  `trigger_group` varchar(200) NOT NULL COMMENT 'qrtz_triggers表trigger_group的外键',
  `instance_name` varchar(200) NOT NULL COMMENT '调度器实例名',
  `fired_time` bigint NOT NULL COMMENT '触发的时间',
  `sched_time` bigint NOT NULL COMMENT '定时器制定的时间',
  `priority` int NOT NULL COMMENT '优先级',
  `state` varchar(16) NOT NULL COMMENT '状态',
  `job_name` varchar(200) DEFAULT NULL COMMENT '任务名称',
  `job_group` varchar(200) DEFAULT NULL COMMENT '任务组名',
  `is_nonconcurrent` varchar(1) DEFAULT NULL COMMENT '是否并发',
  `requests_recovery` varchar(1) DEFAULT NULL COMMENT '是否接受恢复执行',
  PRIMARY KEY (`sched_name`,`entry_id`)
) ENGINE=InnoDB DEFAULT CHARSET=utf8mb4 COLLATE=utf8mb4_0900_ai_ci COMMENT='已触发的触发器表';

/*Data for the table `qrtz_fired_triggers` */

/*Table structure for table `qrtz_job_details` */

DROP TABLE IF EXISTS `qrtz_job_details`;

CREATE TABLE `qrtz_job_details` (
  `sched_name` varchar(120) NOT NULL COMMENT '调度名称',
  `job_name` varchar(200) NOT NULL COMMENT '任务名称',
  `job_group` varchar(200) NOT NULL COMMENT '任务组名',
  `description` varchar(250) DEFAULT NULL COMMENT '相关介绍',
  `job_class_name` varchar(250) NOT NULL COMMENT '执行任务类名称',
  `is_durable` varchar(1) NOT NULL COMMENT '是否持久化',
  `is_nonconcurrent` varchar(1) NOT NULL COMMENT '是否并发',
  `is_update_data` varchar(1) NOT NULL COMMENT '是否更新数据',
  `requests_recovery` varchar(1) NOT NULL COMMENT '是否接受恢复执行',
  `job_data` blob COMMENT '存放持久化job对象',
  PRIMARY KEY (`sched_name`,`job_name`,`job_group`)
) ENGINE=InnoDB DEFAULT CHARSET=utf8mb4 COLLATE=utf8mb4_0900_ai_ci COMMENT='任务详细信息表';

/*Data for the table `qrtz_job_details` */

/*Table structure for table `qrtz_locks` */

DROP TABLE IF EXISTS `qrtz_locks`;

CREATE TABLE `qrtz_locks` (
  `sched_name` varchar(120) NOT NULL COMMENT '调度名称',
  `lock_name` varchar(40) NOT NULL COMMENT '悲观锁名称',
  PRIMARY KEY (`sched_name`,`lock_name`)
) ENGINE=InnoDB DEFAULT CHARSET=utf8mb4 COLLATE=utf8mb4_0900_ai_ci COMMENT='存储的悲观锁信息表';

/*Data for the table `qrtz_locks` */

/*Table structure for table `qrtz_paused_trigger_grps` */

DROP TABLE IF EXISTS `qrtz_paused_trigger_grps`;

CREATE TABLE `qrtz_paused_trigger_grps` (
  `sched_name` varchar(120) NOT NULL COMMENT '调度名称',
  `trigger_group` varchar(200) NOT NULL COMMENT 'qrtz_triggers表trigger_group的外键',
  PRIMARY KEY (`sched_name`,`trigger_group`)
) ENGINE=InnoDB DEFAULT CHARSET=utf8mb4 COLLATE=utf8mb4_0900_ai_ci COMMENT='暂停的触发器表';

/*Data for the table `qrtz_paused_trigger_grps` */

/*Table structure for table `qrtz_scheduler_state` */

DROP TABLE IF EXISTS `qrtz_scheduler_state`;

CREATE TABLE `qrtz_scheduler_state` (
  `sched_name` varchar(120) NOT NULL COMMENT '调度名称',
  `instance_name` varchar(200) NOT NULL COMMENT '实例名称',
  `last_checkin_time` bigint NOT NULL COMMENT '上次检查时间',
  `checkin_interval` bigint NOT NULL COMMENT '检查间隔时间',
  PRIMARY KEY (`sched_name`,`instance_name`)
) ENGINE=InnoDB DEFAULT CHARSET=utf8mb4 COLLATE=utf8mb4_0900_ai_ci COMMENT='调度器状态表';

/*Data for the table `qrtz_scheduler_state` */

/*Table structure for table `qrtz_simple_triggers` */

DROP TABLE IF EXISTS `qrtz_simple_triggers`;

CREATE TABLE `qrtz_simple_triggers` (
  `sched_name` varchar(120) NOT NULL COMMENT '调度名称',
  `trigger_name` varchar(200) NOT NULL COMMENT 'qrtz_triggers表trigger_name的外键',
  `trigger_group` varchar(200) NOT NULL COMMENT 'qrtz_triggers表trigger_group的外键',
  `repeat_count` bigint NOT NULL COMMENT '重复的次数统计',
  `repeat_interval` bigint NOT NULL COMMENT '重复的间隔时间',
  `times_triggered` bigint NOT NULL COMMENT '已经触发的次数',
  PRIMARY KEY (`sched_name`,`trigger_name`,`trigger_group`),
  CONSTRAINT `qrtz_simple_triggers_ibfk_1` FOREIGN KEY (`sched_name`, `trigger_name`, `trigger_group`) REFERENCES `qrtz_triggers` (`sched_name`, `trigger_name`, `trigger_group`)
) ENGINE=InnoDB DEFAULT CHARSET=utf8mb4 COLLATE=utf8mb4_0900_ai_ci COMMENT='简单触发器的信息表';

/*Data for the table `qrtz_simple_triggers` */

/*Table structure for table `qrtz_simprop_triggers` */

DROP TABLE IF EXISTS `qrtz_simprop_triggers`;

CREATE TABLE `qrtz_simprop_triggers` (
  `sched_name` varchar(120) NOT NULL COMMENT '调度名称',
  `trigger_name` varchar(200) NOT NULL COMMENT 'qrtz_triggers表trigger_name的外键',
  `trigger_group` varchar(200) NOT NULL COMMENT 'qrtz_triggers表trigger_group的外键',
  `str_prop_1` varchar(512) DEFAULT NULL COMMENT 'String类型的trigger的第一个参数',
  `str_prop_2` varchar(512) DEFAULT NULL COMMENT 'String类型的trigger的第二个参数',
  `str_prop_3` varchar(512) DEFAULT NULL COMMENT 'String类型的trigger的第三个参数',
  `int_prop_1` int DEFAULT NULL COMMENT 'int类型的trigger的第一个参数',
  `int_prop_2` int DEFAULT NULL COMMENT 'int类型的trigger的第二个参数',
  `long_prop_1` bigint DEFAULT NULL COMMENT 'long类型的trigger的第一个参数',
  `long_prop_2` bigint DEFAULT NULL COMMENT 'long类型的trigger的第二个参数',
  `dec_prop_1` decimal(13,4) DEFAULT NULL COMMENT 'decimal类型的trigger的第一个参数',
  `dec_prop_2` decimal(13,4) DEFAULT NULL COMMENT 'decimal类型的trigger的第二个参数',
  `bool_prop_1` varchar(1) DEFAULT NULL COMMENT 'Boolean类型的trigger的第一个参数',
  `bool_prop_2` varchar(1) DEFAULT NULL COMMENT 'Boolean类型的trigger的第二个参数',
  PRIMARY KEY (`sched_name`,`trigger_name`,`trigger_group`),
  CONSTRAINT `qrtz_simprop_triggers_ibfk_1` FOREIGN KEY (`sched_name`, `trigger_name`, `trigger_group`) REFERENCES `qrtz_triggers` (`sched_name`, `trigger_name`, `trigger_group`)
) ENGINE=InnoDB DEFAULT CHARSET=utf8mb4 COLLATE=utf8mb4_0900_ai_ci COMMENT='同步机制的行锁表';

/*Data for the table `qrtz_simprop_triggers` */

/*Table structure for table `qrtz_triggers` */

DROP TABLE IF EXISTS `qrtz_triggers`;

CREATE TABLE `qrtz_triggers` (
  `sched_name` varchar(120) NOT NULL COMMENT '调度名称',
  `trigger_name` varchar(200) NOT NULL COMMENT '触发器的名字',
  `trigger_group` varchar(200) NOT NULL COMMENT '触发器所属组的名字',
  `job_name` varchar(200) NOT NULL COMMENT 'qrtz_job_details表job_name的外键',
  `job_group` varchar(200) NOT NULL COMMENT 'qrtz_job_details表job_group的外键',
  `description` varchar(250) DEFAULT NULL COMMENT '相关介绍',
  `next_fire_time` bigint DEFAULT NULL COMMENT '上一次触发时间（毫秒）',
  `prev_fire_time` bigint DEFAULT NULL COMMENT '下一次触发时间（默认为-1表示不触发）',
  `priority` int DEFAULT NULL COMMENT '优先级',
  `trigger_state` varchar(16) NOT NULL COMMENT '触发器状态',
  `trigger_type` varchar(8) NOT NULL COMMENT '触发器的类型',
  `start_time` bigint NOT NULL COMMENT '开始时间',
  `end_time` bigint DEFAULT NULL COMMENT '结束时间',
  `calendar_name` varchar(200) DEFAULT NULL COMMENT '日程表名称',
  `misfire_instr` smallint DEFAULT NULL COMMENT '补偿执行的策略',
  `job_data` blob COMMENT '存放持久化job对象',
  PRIMARY KEY (`sched_name`,`trigger_name`,`trigger_group`),
  KEY `sched_name` (`sched_name`,`job_name`,`job_group`),
  CONSTRAINT `qrtz_triggers_ibfk_1` FOREIGN KEY (`sched_name`, `job_name`, `job_group`) REFERENCES `qrtz_job_details` (`sched_name`, `job_name`, `job_group`)
) ENGINE=InnoDB DEFAULT CHARSET=utf8mb4 COLLATE=utf8mb4_0900_ai_ci COMMENT='触发器详细信息表';

/*Data for the table `qrtz_triggers` */

/*Table structure for table `sys_config` */

DROP TABLE IF EXISTS `sys_config`;

CREATE TABLE `sys_config` (
  `config_id` int NOT NULL AUTO_INCREMENT COMMENT '参数主键',
  `config_name` varchar(100) DEFAULT '' COMMENT '参数名称',
  `config_key` varchar(100) DEFAULT '' COMMENT '参数键名',
  `config_value` varchar(500) DEFAULT '' COMMENT '参数键值',
  `config_type` char(1) DEFAULT 'N' COMMENT '系统内置（Y是 N否）',
  `create_by` varchar(64) DEFAULT '' COMMENT '创建者',
  `create_time` datetime DEFAULT NULL COMMENT '创建时间',
  `update_by` varchar(64) DEFAULT '' COMMENT '更新者',
  `update_time` datetime DEFAULT NULL COMMENT '更新时间',
  `remark` varchar(500) DEFAULT NULL COMMENT '备注',
  PRIMARY KEY (`config_id`)
) ENGINE=InnoDB AUTO_INCREMENT=100 DEFAULT CHARSET=utf8mb4 COLLATE=utf8mb4_0900_ai_ci COMMENT='参数配置表';

/*Data for the table `sys_config` */

insert  into `sys_config`(`config_id`,`config_name`,`config_key`,`config_value`,`config_type`,`create_by`,`create_time`,`update_by`,`update_time`,`remark`) values 
(1,'主框架页-默认皮肤样式名称','sys.index.skinName','skin-blue','Y','admin','2022-03-31 22:59:02','',NULL,'蓝色 skin-blue、绿色 skin-green、紫色 skin-purple、红色 skin-red、黄色 skin-yellow'),
(2,'用户管理-账号初始密码','sys.user.initPassword','123456','Y','admin','2022-03-31 22:59:02','',NULL,'初始化密码 123456'),
(3,'主框架页-侧边栏主题','sys.index.sideTheme','theme-dark','Y','admin','2022-03-31 22:59:02','',NULL,'深色主题theme-dark，浅色主题theme-light'),
(4,'账号自助-验证码开关','sys.account.captchaOnOff','true','Y','admin','2022-03-31 22:59:02','',NULL,'是否开启验证码功能（true开启，false关闭）'),
(5,'账号自助-是否开启用户注册功能','sys.account.registerUser','false','Y','admin','2022-03-31 22:59:02','',NULL,'是否开启注册用户功能（true开启，false关闭）');

/*Table structure for table `sys_dept` */

DROP TABLE IF EXISTS `sys_dept`;

CREATE TABLE `sys_dept` (
  `dept_id` bigint NOT NULL AUTO_INCREMENT COMMENT '部门id',
  `parent_id` bigint DEFAULT '0' COMMENT '父部门id',
  `ancestors` varchar(50) DEFAULT '' COMMENT '祖级列表',
  `dept_name` varchar(30) DEFAULT '' COMMENT '部门名称',
  `order_num` int DEFAULT '0' COMMENT '显示顺序',
  `leader` varchar(20) DEFAULT NULL COMMENT '负责人',
  `phone` varchar(11) DEFAULT NULL COMMENT '联系电话',
  `email` varchar(50) DEFAULT NULL COMMENT '邮箱',
  `status` char(1) DEFAULT '0' COMMENT '部门状态（0正常 1停用）',
  `del_flag` char(1) DEFAULT '0' COMMENT '删除标志（0代表存在 2代表删除）',
  `create_by` varchar(64) DEFAULT '' COMMENT '创建者',
  `create_time` datetime DEFAULT NULL COMMENT '创建时间',
  `update_by` varchar(64) DEFAULT '' COMMENT '更新者',
  `update_time` datetime DEFAULT NULL COMMENT '更新时间',
  PRIMARY KEY (`dept_id`)
) ENGINE=InnoDB AUTO_INCREMENT=200 DEFAULT CHARSET=utf8mb4 COLLATE=utf8mb4_0900_ai_ci COMMENT='部门表';

/*Data for the table `sys_dept` */

insert  into `sys_dept`(`dept_id`,`parent_id`,`ancestors`,`dept_name`,`order_num`,`leader`,`phone`,`email`,`status`,`del_flag`,`create_by`,`create_time`,`update_by`,`update_time`) values 
(100,0,'0','若依科技',0,'若依','15888888888','ry@qq.com','0','0','admin','2022-03-31 22:59:02','',NULL),
(101,100,'0,100','深圳总公司',1,'若依','15888888888','ry@qq.com','0','0','admin','2022-03-31 22:59:02','',NULL),
(102,100,'0,100','长沙分公司',2,'若依','15888888888','ry@qq.com','0','0','admin','2022-03-31 22:59:02','',NULL),
(103,101,'0,100,101','研发部门',1,'若依','15888888888','ry@qq.com','0','0','admin','2022-03-31 22:59:02','',NULL),
(104,101,'0,100,101','市场部门',2,'若依','15888888888','ry@qq.com','0','0','admin','2022-03-31 22:59:02','',NULL),
(105,101,'0,100,101','测试部门',3,'若依','15888888888','ry@qq.com','0','0','admin','2022-03-31 22:59:02','',NULL),
(106,101,'0,100,101','财务部门',4,'若依','15888888888','ry@qq.com','0','0','admin','2022-03-31 22:59:02','',NULL),
(107,101,'0,100,101','运维部门',5,'若依','15888888888','ry@qq.com','0','0','admin','2022-03-31 22:59:02','',NULL),
(108,102,'0,100,102','市场部门',1,'若依','15888888888','ry@qq.com','0','0','admin','2022-03-31 22:59:02','',NULL),
(109,102,'0,100,102','财务部门',2,'若依','15888888888','ry@qq.com','0','0','admin','2022-03-31 22:59:02','',NULL);

/*Table structure for table `sys_dict_data` */

DROP TABLE IF EXISTS `sys_dict_data`;

CREATE TABLE `sys_dict_data` (
  `dict_code` bigint NOT NULL AUTO_INCREMENT COMMENT '字典编码',
  `dict_sort` int DEFAULT '0' COMMENT '字典排序',
  `dict_label` varchar(100) DEFAULT '' COMMENT '字典标签',
  `dict_value` varchar(100) DEFAULT '' COMMENT '字典键值',
  `dict_type` varchar(100) DEFAULT '' COMMENT '字典类型',
  `css_class` varchar(100) DEFAULT NULL COMMENT '样式属性（其他样式扩展）',
  `list_class` varchar(100) DEFAULT NULL COMMENT '表格回显样式',
  `is_default` char(1) DEFAULT 'N' COMMENT '是否默认（Y是 N否）',
  `status` char(1) DEFAULT '0' COMMENT '状态（0正常 1停用）',
  `create_by` varchar(64) DEFAULT '' COMMENT '创建者',
  `create_time` datetime DEFAULT NULL COMMENT '创建时间',
  `update_by` varchar(64) DEFAULT '' COMMENT '更新者',
  `update_time` datetime DEFAULT NULL COMMENT '更新时间',
  `remark` varchar(500) DEFAULT NULL COMMENT '备注',
  PRIMARY KEY (`dict_code`)
) ENGINE=InnoDB AUTO_INCREMENT=100 DEFAULT CHARSET=utf8mb4 COLLATE=utf8mb4_0900_ai_ci COMMENT='字典数据表';

/*Data for the table `sys_dict_data` */

insert  into `sys_dict_data`(`dict_code`,`dict_sort`,`dict_label`,`dict_value`,`dict_type`,`css_class`,`list_class`,`is_default`,`status`,`create_by`,`create_time`,`update_by`,`update_time`,`remark`) values 
(1,1,'男','0','sys_user_sex','','','Y','0','admin','2022-03-31 22:59:02','',NULL,'性别男'),
(2,2,'女','1','sys_user_sex','','','N','0','admin','2022-03-31 22:59:02','',NULL,'性别女'),
(3,3,'未知','2','sys_user_sex','','','N','0','admin','2022-03-31 22:59:02','',NULL,'性别未知'),
(4,1,'显示','0','sys_show_hide','','primary','Y','0','admin','2022-03-31 22:59:02','',NULL,'显示菜单'),
(5,2,'隐藏','1','sys_show_hide','','danger','N','0','admin','2022-03-31 22:59:02','',NULL,'隐藏菜单'),
(6,1,'正常','0','sys_normal_disable','','primary','Y','0','admin','2022-03-31 22:59:02','',NULL,'正常状态'),
(7,2,'停用','1','sys_normal_disable','','danger','N','0','admin','2022-03-31 22:59:02','',NULL,'停用状态'),
(8,1,'正常','0','sys_job_status','','primary','Y','0','admin','2022-03-31 22:59:02','',NULL,'正常状态'),
(9,2,'暂停','1','sys_job_status','','danger','N','0','admin','2022-03-31 22:59:02','',NULL,'停用状态'),
(10,1,'默认','DEFAULT','sys_job_group','','','Y','0','admin','2022-03-31 22:59:02','',NULL,'默认分组'),
(11,2,'系统','SYSTEM','sys_job_group','','','N','0','admin','2022-03-31 22:59:02','',NULL,'系统分组'),
(12,1,'是','Y','sys_yes_no','','primary','Y','0','admin','2022-03-31 22:59:02','',NULL,'系统默认是'),
(13,2,'否','N','sys_yes_no','','danger','N','0','admin','2022-03-31 22:59:02','',NULL,'系统默认否'),
(14,1,'通知','1','sys_notice_type','','warning','Y','0','admin','2022-03-31 22:59:02','',NULL,'通知'),
(15,2,'公告','2','sys_notice_type','','success','N','0','admin','2022-03-31 22:59:02','',NULL,'公告'),
(16,1,'正常','0','sys_notice_status','','primary','Y','0','admin','2022-03-31 22:59:02','',NULL,'正常状态'),
(17,2,'关闭','1','sys_notice_status','','danger','N','0','admin','2022-03-31 22:59:02','',NULL,'关闭状态'),
(18,1,'新增','1','sys_oper_type','','info','N','0','admin','2022-03-31 22:59:02','',NULL,'新增操作'),
(19,2,'修改','2','sys_oper_type','','info','N','0','admin','2022-03-31 22:59:02','',NULL,'修改操作'),
(20,3,'删除','3','sys_oper_type','','danger','N','0','admin','2022-03-31 22:59:02','',NULL,'删除操作'),
(21,4,'授权','4','sys_oper_type','','primary','N','0','admin','2022-03-31 22:59:02','',NULL,'授权操作'),
(22,5,'导出','5','sys_oper_type','','warning','N','0','admin','2022-03-31 22:59:02','',NULL,'导出操作'),
(23,6,'导入','6','sys_oper_type','','warning','N','0','admin','2022-03-31 22:59:02','',NULL,'导入操作'),
(24,7,'强退','7','sys_oper_type','','danger','N','0','admin','2022-03-31 22:59:02','',NULL,'强退操作'),
(25,8,'生成代码','8','sys_oper_type','','warning','N','0','admin','2022-03-31 22:59:02','',NULL,'生成操作'),
(26,9,'清空数据','9','sys_oper_type','','danger','N','0','admin','2022-03-31 22:59:02','',NULL,'清空操作'),
(27,1,'成功','0','sys_common_status','','primary','N','0','admin','2022-03-31 22:59:02','',NULL,'正常状态'),
(28,2,'失败','1','sys_common_status','','danger','N','0','admin','2022-03-31 22:59:02','',NULL,'停用状态');

/*Table structure for table `sys_dict_type` */

DROP TABLE IF EXISTS `sys_dict_type`;

CREATE TABLE `sys_dict_type` (
  `dict_id` bigint NOT NULL AUTO_INCREMENT COMMENT '字典主键',
  `dict_name` varchar(100) DEFAULT '' COMMENT '字典名称',
  `dict_type` varchar(100) DEFAULT '' COMMENT '字典类型',
  `status` char(1) DEFAULT '0' COMMENT '状态（0正常 1停用）',
  `create_by` varchar(64) DEFAULT '' COMMENT '创建者',
  `create_time` datetime DEFAULT NULL COMMENT '创建时间',
  `update_by` varchar(64) DEFAULT '' COMMENT '更新者',
  `update_time` datetime DEFAULT NULL COMMENT '更新时间',
  `remark` varchar(500) DEFAULT NULL COMMENT '备注',
  PRIMARY KEY (`dict_id`),
  UNIQUE KEY `dict_type` (`dict_type`)
) ENGINE=InnoDB AUTO_INCREMENT=100 DEFAULT CHARSET=utf8mb4 COLLATE=utf8mb4_0900_ai_ci COMMENT='字典类型表';

/*Data for the table `sys_dict_type` */

insert  into `sys_dict_type`(`dict_id`,`dict_name`,`dict_type`,`status`,`create_by`,`create_time`,`update_by`,`update_time`,`remark`) values 
(1,'用户性别','sys_user_sex','0','admin','2022-03-31 22:59:02','',NULL,'用户性别列表'),
(2,'菜单状态','sys_show_hide','0','admin','2022-03-31 22:59:02','',NULL,'菜单状态列表'),
(3,'系统开关','sys_normal_disable','0','admin','2022-03-31 22:59:02','',NULL,'系统开关列表'),
(4,'任务状态','sys_job_status','0','admin','2022-03-31 22:59:02','',NULL,'任务状态列表'),
(5,'任务分组','sys_job_group','0','admin','2022-03-31 22:59:02','',NULL,'任务分组列表'),
(6,'系统是否','sys_yes_no','0','admin','2022-03-31 22:59:02','',NULL,'系统是否列表'),
(7,'通知类型','sys_notice_type','0','admin','2022-03-31 22:59:02','',NULL,'通知类型列表'),
(8,'通知状态','sys_notice_status','0','admin','2022-03-31 22:59:02','',NULL,'通知状态列表'),
(9,'操作类型','sys_oper_type','0','admin','2022-03-31 22:59:02','',NULL,'操作类型列表'),
(10,'系统状态','sys_common_status','0','admin','2022-03-31 22:59:02','',NULL,'登录状态列表');

/*Table structure for table `sys_job` */

DROP TABLE IF EXISTS `sys_job`;

CREATE TABLE `sys_job` (
  `job_id` bigint NOT NULL AUTO_INCREMENT COMMENT '任务ID',
  `job_name` varchar(64) NOT NULL DEFAULT '' COMMENT '任务名称',
  `job_group` varchar(64) NOT NULL DEFAULT 'DEFAULT' COMMENT '任务组名',
  `invoke_target` varchar(500) NOT NULL COMMENT '调用目标字符串',
  `cron_expression` varchar(255) DEFAULT '' COMMENT 'cron执行表达式',
  `misfire_policy` varchar(20) DEFAULT '3' COMMENT '计划执行错误策略（1立即执行 2执行一次 3放弃执行）',
  `concurrent` char(1) DEFAULT '1' COMMENT '是否并发执行（0允许 1禁止）',
  `status` char(1) DEFAULT '0' COMMENT '状态（0正常 1暂停）',
  `create_by` varchar(64) DEFAULT '' COMMENT '创建者',
  `create_time` datetime DEFAULT NULL COMMENT '创建时间',
  `update_by` varchar(64) DEFAULT '' COMMENT '更新者',
  `update_time` datetime DEFAULT NULL COMMENT '更新时间',
  `remark` varchar(500) DEFAULT '' COMMENT '备注信息',
  PRIMARY KEY (`job_id`,`job_name`,`job_group`)
) ENGINE=InnoDB AUTO_INCREMENT=100 DEFAULT CHARSET=utf8mb4 COLLATE=utf8mb4_0900_ai_ci COMMENT='定时任务调度表';

/*Data for the table `sys_job` */

insert  into `sys_job`(`job_id`,`job_name`,`job_group`,`invoke_target`,`cron_expression`,`misfire_policy`,`concurrent`,`status`,`create_by`,`create_time`,`update_by`,`update_time`,`remark`) values 
(1,'系统默认（无参）','DEFAULT','ryTask.ryNoParams','0/10 * * * * ?','3','1','1','admin','2022-03-31 22:59:02','',NULL,''),
(2,'系统默认（有参）','DEFAULT','ryTask.ryParams(\'ry\')','0/15 * * * * ?','3','1','1','admin','2022-03-31 22:59:02','',NULL,''),
(3,'系统默认（多参）','DEFAULT','ryTask.ryMultipleParams(\'ry\', true, 2000L, 316.50D, 100)','0/20 * * * * ?','3','1','1','admin','2022-03-31 22:59:02','',NULL,'');

/*Table structure for table `sys_job_log` */

DROP TABLE IF EXISTS `sys_job_log`;

CREATE TABLE `sys_job_log` (
  `job_log_id` bigint NOT NULL AUTO_INCREMENT COMMENT '任务日志ID',
  `job_name` varchar(64) NOT NULL COMMENT '任务名称',
  `job_group` varchar(64) NOT NULL COMMENT '任务组名',
  `invoke_target` varchar(500) NOT NULL COMMENT '调用目标字符串',
  `job_message` varchar(500) DEFAULT NULL COMMENT '日志信息',
  `status` char(1) DEFAULT '0' COMMENT '执行状态（0正常 1失败）',
  `exception_info` varchar(2000) DEFAULT '' COMMENT '异常信息',
  `create_time` datetime DEFAULT NULL COMMENT '创建时间',
  PRIMARY KEY (`job_log_id`)
) ENGINE=InnoDB DEFAULT CHARSET=utf8mb4 COLLATE=utf8mb4_0900_ai_ci COMMENT='定时任务调度日志表';

/*Data for the table `sys_job_log` */

/*Table structure for table `sys_logininfor` */

DROP TABLE IF EXISTS `sys_logininfor`;

CREATE TABLE `sys_logininfor` (
  `info_id` bigint NOT NULL AUTO_INCREMENT COMMENT '访问ID',
  `user_name` varchar(50) DEFAULT '' COMMENT '用户账号',
  `ipaddr` varchar(128) DEFAULT '' COMMENT '登录IP地址',
  `login_location` varchar(255) DEFAULT '' COMMENT '登录地点',
  `browser` varchar(50) DEFAULT '' COMMENT '浏览器类型',
  `os` varchar(50) DEFAULT '' COMMENT '操作系统',
  `status` char(1) DEFAULT '0' COMMENT '登录状态（0成功 1失败）',
  `msg` varchar(255) DEFAULT '' COMMENT '提示消息',
  `login_time` datetime DEFAULT NULL COMMENT '访问时间',
  PRIMARY KEY (`info_id`)
) ENGINE=InnoDB AUTO_INCREMENT=123 DEFAULT CHARSET=utf8mb4 COLLATE=utf8mb4_0900_ai_ci COMMENT='系统访问记录';

/*Data for the table `sys_logininfor` */

insert  into `sys_logininfor`(`info_id`,`user_name`,`ipaddr`,`login_location`,`browser`,`os`,`status`,`msg`,`login_time`) values 
(100,'admin','127.0.0.1','内网IP','Chrome 9','Mac OS X','0','登录成功','2022-04-01 13:22:36'),
(101,'admin','127.0.0.1','内网IP','Chrome 9','Mac OS X','0','登录成功','2022-04-08 20:48:14'),
(102,'admin','127.0.0.1','内网IP','Chrome 10','Windows 10','0','登录成功','2022-04-23 20:06:56'),
(103,'admin','127.0.0.1','内网IP','Chrome 10','Windows 10','0','退出成功','2022-04-23 20:14:44'),
(104,'admin','127.0.0.1','内网IP','Chrome 10','Windows 10','0','登录成功','2022-04-23 20:14:48'),
(105,'admin','127.0.0.1','内网IP','Chrome 10','Windows 10','0','登录成功','2022-04-26 18:43:21'),
(106,'admin','127.0.0.1','内网IP','Chrome 10','Windows 10','0','登录成功','2022-04-26 20:54:50'),
(107,'admin','127.0.0.1','内网IP','Chrome 10','Windows 10','0','登录成功','2022-04-26 21:27:00'),
(108,'admin','127.0.0.1','内网IP','Chrome 10','Windows 10','0','登录成功','2022-04-26 22:46:19'),
(109,'admin','127.0.0.1','内网IP','Chrome 10','Windows 10','0','登录成功','2022-05-03 07:28:57'),
(110,'admin','127.0.0.1','内网IP','Chrome 10','Windows 10','0','登录成功','2022-05-03 08:57:48'),
(111,'admin','127.0.0.1','内网IP','Chrome 10','Windows 10','0','登录成功','2022-05-03 11:32:52'),
(112,'admin','127.0.0.1','内网IP','Chrome 10','Windows 10','0','登录成功','2022-05-03 14:20:16'),
(113,'admin','127.0.0.1','内网IP','Chrome Mobile','Android 6.x','0','登录成功','2022-05-03 14:50:24'),
(114,'admin','127.0.0.1','内网IP','Chrome 10','Windows 10','0','登录成功','2022-05-03 16:36:00'),
(115,'admin','127.0.0.1','内网IP','Chrome 10','Windows 10','0','登录成功','2022-05-03 18:40:26'),
(116,'admin','127.0.0.1','内网IP','Chrome 10','Windows 10','0','登录成功','2022-05-03 18:59:59'),
(117,'admin','127.0.0.1','内网IP','Chrome 10','Windows 10','0','登录成功','2022-05-03 21:17:47'),
(118,'admin','127.0.0.1','内网IP','Chrome 10','Windows 10','0','登录成功','2022-05-04 06:53:18'),
(119,'admin','127.0.0.1','内网IP','Chrome 10','Windows 10','0','登录成功','2022-05-04 07:52:20'),
(120,'admin','127.0.0.1','内网IP','Chrome 10','Windows 10','0','登录成功','2022-05-04 08:50:48'),
(121,'admin','127.0.0.1','内网IP','Chrome 10','Windows 10','0','登录成功','2022-05-04 10:02:03'),
(122,'admin','127.0.0.1','内网IP','Chrome 10','Windows 10','0','登录成功','2022-05-04 11:09:59');

/*Table structure for table `sys_menu` */

DROP TABLE IF EXISTS `sys_menu`;

CREATE TABLE `sys_menu` (
  `menu_id` bigint NOT NULL AUTO_INCREMENT COMMENT '菜单ID',
  `menu_name` varchar(50) NOT NULL COMMENT '菜单名称',
  `parent_id` bigint DEFAULT '0' COMMENT '父菜单ID',
  `order_num` int DEFAULT '0' COMMENT '显示顺序',
  `path` varchar(200) DEFAULT '' COMMENT '路由地址',
  `component` varchar(255) DEFAULT NULL COMMENT '组件路径',
  `query` varchar(255) DEFAULT NULL COMMENT '路由参数',
  `is_frame` int DEFAULT '1' COMMENT '是否为外链（0是 1否）',
  `is_cache` int DEFAULT '0' COMMENT '是否缓存（0缓存 1不缓存）',
  `menu_type` char(1) DEFAULT '' COMMENT '菜单类型（M目录 C菜单 F按钮）',
  `visible` char(1) DEFAULT '0' COMMENT '菜单状态（0显示 1隐藏）',
  `status` char(1) DEFAULT '0' COMMENT '菜单状态（0正常 1停用）',
  `perms` varchar(100) DEFAULT NULL COMMENT '权限标识',
  `icon` varchar(100) DEFAULT '#' COMMENT '菜单图标',
  `create_by` varchar(64) DEFAULT '' COMMENT '创建者',
  `create_time` datetime DEFAULT NULL COMMENT '创建时间',
  `update_by` varchar(64) DEFAULT '' COMMENT '更新者',
  `update_time` datetime DEFAULT NULL COMMENT '更新时间',
  `remark` varchar(500) DEFAULT '' COMMENT '备注',
  PRIMARY KEY (`menu_id`)
) ENGINE=InnoDB AUTO_INCREMENT=2407 DEFAULT CHARSET=utf8mb4 COLLATE=utf8mb4_0900_ai_ci COMMENT='菜单权限表';

/*Data for the table `sys_menu` */

insert  into `sys_menu`(`menu_id`,`menu_name`,`parent_id`,`order_num`,`path`,`component`,`query`,`is_frame`,`is_cache`,`menu_type`,`visible`,`status`,`perms`,`icon`,`create_by`,`create_time`,`update_by`,`update_time`,`remark`) values 
(1,'系统管理',0,4,'system',NULL,'',1,0,'M','0','0','','system','admin','2022-03-31 22:59:02','admin','2022-04-26 22:14:58','系统管理目录'),
(2,'系统监控',0,2,'monitor',NULL,'',1,0,'M','1','0','','monitor','admin','2022-03-31 22:59:02','admin','2022-04-23 20:14:14','系统监控目录'),
(3,'系统工具',0,3,'tool',NULL,'',1,0,'M','0','0','','tool','admin','2022-03-31 22:59:02','',NULL,'系统工具目录'),
(4,'若依官网',0,4,'http://ruoyi.vip',NULL,'',0,0,'M','1','0','','guide','admin','2022-03-31 22:59:02','admin','2022-04-23 20:14:41','若依官网地址'),
(100,'用户管理',1,1,'user','system/user/index','',1,0,'C','0','0','system:user:list','user','admin','2022-03-31 22:59:02','',NULL,'用户管理菜单'),
(101,'角色管理',1,2,'role','system/role/index','',1,0,'C','0','0','system:role:list','peoples','admin','2022-03-31 22:59:02','',NULL,'角色管理菜单'),
(102,'菜单管理',1,3,'menu','system/menu/index','',1,0,'C','0','0','system:menu:list','tree-table','admin','2022-03-31 22:59:02','',NULL,'菜单管理菜单'),
(103,'部门管理',1,4,'dept','system/dept/index','',1,0,'C','0','0','system:dept:list','tree','admin','2022-03-31 22:59:02','',NULL,'部门管理菜单'),
(104,'岗位管理',1,5,'post','system/post/index','',1,0,'C','0','0','system:post:list','post','admin','2022-03-31 22:59:02','',NULL,'岗位管理菜单'),
(105,'字典管理',1,6,'dict','system/dict/index','',1,0,'C','0','0','system:dict:list','dict','admin','2022-03-31 22:59:02','',NULL,'字典管理菜单'),
(106,'参数设置',1,7,'config','system/config/index','',1,0,'C','0','0','system:config:list','edit','admin','2022-03-31 22:59:02','',NULL,'参数设置菜单'),
(107,'通知公告',1,8,'notice','system/notice/index','',1,0,'C','0','0','system:notice:list','message','admin','2022-03-31 22:59:02','',NULL,'通知公告菜单'),
(108,'日志管理',1,9,'log','','',1,0,'M','0','0','','log','admin','2022-03-31 22:59:02','',NULL,'日志管理菜单'),
(109,'在线用户',2,1,'online','monitor/online/index','',1,0,'C','0','0','monitor:online:list','online','admin','2022-03-31 22:59:02','',NULL,'在线用户菜单'),
(110,'定时任务',2,2,'job','monitor/job/index','',1,0,'C','0','0','monitor:job:list','job','admin','2022-03-31 22:59:02','',NULL,'定时任务菜单'),
(111,'数据监控',2,3,'druid','monitor/druid/index','',1,0,'C','0','0','monitor:druid:list','druid','admin','2022-03-31 22:59:02','',NULL,'数据监控菜单'),
(112,'服务监控',2,4,'server','monitor/server/index','',1,0,'C','0','0','monitor:server:list','server','admin','2022-03-31 22:59:02','',NULL,'服务监控菜单'),
(113,'缓存监控',2,5,'cache','monitor/cache/index','',1,0,'C','0','0','monitor:cache:list','redis','admin','2022-03-31 22:59:02','',NULL,'缓存监控菜单'),
(114,'表单构建',3,1,'build','tool/build/index','',1,0,'C','0','0','tool:build:list','build','admin','2022-03-31 22:59:02','',NULL,'表单构建菜单'),
(115,'代码生成',3,2,'gen','tool/gen/index','',1,0,'C','0','0','tool:gen:list','code','admin','2022-03-31 22:59:02','',NULL,'代码生成菜单'),
(116,'系统接口',3,3,'swagger','tool/swagger/index','',1,0,'C','0','0','tool:swagger:list','swagger','admin','2022-03-31 22:59:02','',NULL,'系统接口菜单'),
(500,'操作日志',108,1,'operlog','monitor/operlog/index','',1,0,'C','0','0','monitor:operlog:list','form','admin','2022-03-31 22:59:02','',NULL,'操作日志菜单'),
(501,'登录日志',108,2,'logininfor','monitor/logininfor/index','',1,0,'C','0','0','monitor:logininfor:list','logininfor','admin','2022-03-31 22:59:02','',NULL,'登录日志菜单'),
(1001,'用户查询',100,1,'','','',1,0,'F','0','0','system:user:query','#','admin','2022-03-31 22:59:02','',NULL,''),
(1002,'用户新增',100,2,'','','',1,0,'F','0','0','system:user:add','#','admin','2022-03-31 22:59:02','',NULL,''),
(1003,'用户修改',100,3,'','','',1,0,'F','0','0','system:user:edit','#','admin','2022-03-31 22:59:02','',NULL,''),
(1004,'用户删除',100,4,'','','',1,0,'F','0','0','system:user:remove','#','admin','2022-03-31 22:59:02','',NULL,''),
(1005,'用户导出',100,5,'','','',1,0,'F','0','0','system:user:export','#','admin','2022-03-31 22:59:02','',NULL,''),
(1006,'用户导入',100,6,'','','',1,0,'F','0','0','system:user:import','#','admin','2022-03-31 22:59:02','',NULL,''),
(1007,'重置密码',100,7,'','','',1,0,'F','0','0','system:user:resetPwd','#','admin','2022-03-31 22:59:02','',NULL,''),
(1008,'角色查询',101,1,'','','',1,0,'F','0','0','system:role:query','#','admin','2022-03-31 22:59:02','',NULL,''),
(1009,'角色新增',101,2,'','','',1,0,'F','0','0','system:role:add','#','admin','2022-03-31 22:59:02','',NULL,''),
(1010,'角色修改',101,3,'','','',1,0,'F','0','0','system:role:edit','#','admin','2022-03-31 22:59:02','',NULL,''),
(1011,'角色删除',101,4,'','','',1,0,'F','0','0','system:role:remove','#','admin','2022-03-31 22:59:02','',NULL,''),
(1012,'角色导出',101,5,'','','',1,0,'F','0','0','system:role:export','#','admin','2022-03-31 22:59:02','',NULL,''),
(1013,'菜单查询',102,1,'','','',1,0,'F','0','0','system:menu:query','#','admin','2022-03-31 22:59:02','',NULL,''),
(1014,'菜单新增',102,2,'','','',1,0,'F','0','0','system:menu:add','#','admin','2022-03-31 22:59:02','',NULL,''),
(1015,'菜单修改',102,3,'','','',1,0,'F','0','0','system:menu:edit','#','admin','2022-03-31 22:59:02','',NULL,''),
(1016,'菜单删除',102,4,'','','',1,0,'F','0','0','system:menu:remove','#','admin','2022-03-31 22:59:02','',NULL,''),
(1017,'部门查询',103,1,'','','',1,0,'F','0','0','system:dept:query','#','admin','2022-03-31 22:59:02','',NULL,''),
(1018,'部门新增',103,2,'','','',1,0,'F','0','0','system:dept:add','#','admin','2022-03-31 22:59:02','',NULL,''),
(1019,'部门修改',103,3,'','','',1,0,'F','0','0','system:dept:edit','#','admin','2022-03-31 22:59:02','',NULL,''),
(1020,'部门删除',103,4,'','','',1,0,'F','0','0','system:dept:remove','#','admin','2022-03-31 22:59:02','',NULL,''),
(1021,'岗位查询',104,1,'','','',1,0,'F','0','0','system:post:query','#','admin','2022-03-31 22:59:02','',NULL,''),
(1022,'岗位新增',104,2,'','','',1,0,'F','0','0','system:post:add','#','admin','2022-03-31 22:59:02','',NULL,''),
(1023,'岗位修改',104,3,'','','',1,0,'F','0','0','system:post:edit','#','admin','2022-03-31 22:59:02','',NULL,''),
(1024,'岗位删除',104,4,'','','',1,0,'F','0','0','system:post:remove','#','admin','2022-03-31 22:59:02','',NULL,''),
(1025,'岗位导出',104,5,'','','',1,0,'F','0','0','system:post:export','#','admin','2022-03-31 22:59:02','',NULL,''),
(1026,'字典查询',105,1,'#','','',1,0,'F','0','0','system:dict:query','#','admin','2022-03-31 22:59:02','',NULL,''),
(1027,'字典新增',105,2,'#','','',1,0,'F','0','0','system:dict:add','#','admin','2022-03-31 22:59:02','',NULL,''),
(1028,'字典修改',105,3,'#','','',1,0,'F','0','0','system:dict:edit','#','admin','2022-03-31 22:59:02','',NULL,''),
(1029,'字典删除',105,4,'#','','',1,0,'F','0','0','system:dict:remove','#','admin','2022-03-31 22:59:02','',NULL,''),
(1030,'字典导出',105,5,'#','','',1,0,'F','0','0','system:dict:export','#','admin','2022-03-31 22:59:02','',NULL,''),
(1031,'参数查询',106,1,'#','','',1,0,'F','0','0','system:config:query','#','admin','2022-03-31 22:59:02','',NULL,''),
(1032,'参数新增',106,2,'#','','',1,0,'F','0','0','system:config:add','#','admin','2022-03-31 22:59:02','',NULL,''),
(1033,'参数修改',106,3,'#','','',1,0,'F','0','0','system:config:edit','#','admin','2022-03-31 22:59:02','',NULL,''),
(1034,'参数删除',106,4,'#','','',1,0,'F','0','0','system:config:remove','#','admin','2022-03-31 22:59:02','',NULL,''),
(1035,'参数导出',106,5,'#','','',1,0,'F','0','0','system:config:export','#','admin','2022-03-31 22:59:02','',NULL,''),
(1036,'公告查询',107,1,'#','','',1,0,'F','0','0','system:notice:query','#','admin','2022-03-31 22:59:02','',NULL,''),
(1037,'公告新增',107,2,'#','','',1,0,'F','0','0','system:notice:add','#','admin','2022-03-31 22:59:02','',NULL,''),
(1038,'公告修改',107,3,'#','','',1,0,'F','0','0','system:notice:edit','#','admin','2022-03-31 22:59:02','',NULL,''),
(1039,'公告删除',107,4,'#','','',1,0,'F','0','0','system:notice:remove','#','admin','2022-03-31 22:59:02','',NULL,''),
(1040,'操作查询',500,1,'#','','',1,0,'F','0','0','monitor:operlog:query','#','admin','2022-03-31 22:59:02','',NULL,''),
(1041,'操作删除',500,2,'#','','',1,0,'F','0','0','monitor:operlog:remove','#','admin','2022-03-31 22:59:02','',NULL,''),
(1042,'日志导出',500,4,'#','','',1,0,'F','0','0','monitor:operlog:export','#','admin','2022-03-31 22:59:02','',NULL,''),
(1043,'登录查询',501,1,'#','','',1,0,'F','0','0','monitor:logininfor:query','#','admin','2022-03-31 22:59:02','',NULL,''),
(1044,'登录删除',501,2,'#','','',1,0,'F','0','0','monitor:logininfor:remove','#','admin','2022-03-31 22:59:02','',NULL,''),
(1045,'日志导出',501,3,'#','','',1,0,'F','0','0','monitor:logininfor:export','#','admin','2022-03-31 22:59:02','',NULL,''),
(1046,'在线查询',109,1,'#','','',1,0,'F','0','0','monitor:online:query','#','admin','2022-03-31 22:59:02','',NULL,''),
(1047,'批量强退',109,2,'#','','',1,0,'F','0','0','monitor:online:batchLogout','#','admin','2022-03-31 22:59:02','',NULL,''),
(1048,'单条强退',109,3,'#','','',1,0,'F','0','0','monitor:online:forceLogout','#','admin','2022-03-31 22:59:02','',NULL,''),
(1049,'任务查询',110,1,'#','','',1,0,'F','0','0','monitor:job:query','#','admin','2022-03-31 22:59:02','',NULL,''),
(1050,'任务新增',110,2,'#','','',1,0,'F','0','0','monitor:job:add','#','admin','2022-03-31 22:59:02','',NULL,''),
(1051,'任务修改',110,3,'#','','',1,0,'F','0','0','monitor:job:edit','#','admin','2022-03-31 22:59:02','',NULL,''),
(1052,'任务删除',110,4,'#','','',1,0,'F','0','0','monitor:job:remove','#','admin','2022-03-31 22:59:02','',NULL,''),
(1053,'状态修改',110,5,'#','','',1,0,'F','0','0','monitor:job:changeStatus','#','admin','2022-03-31 22:59:02','',NULL,''),
(1054,'任务导出',110,7,'#','','',1,0,'F','0','0','monitor:job:export','#','admin','2022-03-31 22:59:02','',NULL,''),
(1055,'生成查询',115,1,'#','','',1,0,'F','0','0','tool:gen:query','#','admin','2022-03-31 22:59:02','',NULL,''),
(1056,'生成修改',115,2,'#','','',1,0,'F','0','0','tool:gen:edit','#','admin','2022-03-31 22:59:02','',NULL,''),
(1057,'生成删除',115,3,'#','','',1,0,'F','0','0','tool:gen:remove','#','admin','2022-03-31 22:59:02','',NULL,''),
(1058,'导入代码',115,2,'#','','',1,0,'F','0','0','tool:gen:import','#','admin','2022-03-31 22:59:02','',NULL,''),
(1059,'预览代码',115,4,'#','','',1,0,'F','0','0','tool:gen:preview','#','admin','2022-03-31 22:59:02','',NULL,''),
(1060,'生成代码',115,5,'#','','',1,0,'F','0','0','tool:gen:code','#','admin','2022-03-31 22:59:02','',NULL,''),
(2000,'病例管理',0,0,'case',NULL,NULL,1,0,'M','0','0',NULL,'people','admin','2022-04-23 20:13:12','',NULL,''),
(2001,'疾病管理',0,1,'illness',NULL,NULL,1,0,'M','0','0','','dashboard','admin','2022-04-23 20:13:53','admin','2022-04-26 21:44:31',''),
(2266,'病例医院管理',2000,1,'case_hospital','cases/case_hospital/index',NULL,1,0,'C','0','0','cases:case_hospital:list','#','admin','2022-04-26 22:21:56','',NULL,'病例医院管理菜单'),
(2267,'病例医院管理查询',2266,1,'#','',NULL,1,0,'F','0','0','cases:case_hospital:query','#','admin','2022-04-26 22:21:56','',NULL,''),
(2268,'病例医院管理新增',2266,2,'#','',NULL,1,0,'F','0','0','cases:case_hospital:add','#','admin','2022-04-26 22:21:56','',NULL,''),
(2269,'病例医院管理修改',2266,3,'#','',NULL,1,0,'F','0','0','cases:case_hospital:edit','#','admin','2022-04-26 22:21:56','',NULL,''),
(2270,'病例医院管理删除',2266,4,'#','',NULL,1,0,'F','0','0','cases:case_hospital:remove','#','admin','2022-04-26 22:21:56','',NULL,''),
(2271,'病例医院管理导出',2266,5,'#','',NULL,1,0,'F','0','0','cases:case_hospital:export','#','admin','2022-04-26 22:21:56','',NULL,''),
(2272,'病例管理',2000,1,'cases','cases/cases/index',NULL,1,0,'C','0','0','cases:cases:list','#','admin','2022-04-26 22:22:00','',NULL,'病例管理菜单'),
(2273,'病例管理查询',2272,1,'#','',NULL,1,0,'F','0','0','cases:cases:query','#','admin','2022-04-26 22:22:00','',NULL,''),
(2274,'病例管理新增',2272,2,'#','',NULL,1,0,'F','0','0','cases:cases:add','#','admin','2022-04-26 22:22:00','',NULL,''),
(2275,'病例管理修改',2272,3,'#','',NULL,1,0,'F','0','0','cases:cases:edit','#','admin','2022-04-26 22:22:00','',NULL,''),
(2276,'病例管理删除',2272,4,'#','',NULL,1,0,'F','0','0','cases:cases:remove','#','admin','2022-04-26 22:22:00','',NULL,''),
(2277,'病例管理导出',2272,5,'#','',NULL,1,0,'F','0','0','cases:cases:export','#','admin','2022-04-26 22:22:00','',NULL,''),
(2278,'疾病分类',2001,1,'category','illness/category/index',NULL,1,0,'C','0','0','illness:category:list','#','admin','2022-04-26 22:22:05','',NULL,'疾病分类菜单'),
(2279,'疾病分类查询',2278,1,'#','',NULL,1,0,'F','0','0','illness:category:query','#','admin','2022-04-26 22:22:05','',NULL,''),
(2280,'疾病分类新增',2278,2,'#','',NULL,1,0,'F','0','0','illness:category:add','#','admin','2022-04-26 22:22:05','',NULL,''),
(2281,'疾病分类修改',2278,3,'#','',NULL,1,0,'F','0','0','illness:category:edit','#','admin','2022-04-26 22:22:05','',NULL,''),
(2282,'疾病分类删除',2278,4,'#','',NULL,1,0,'F','0','0','illness:category:remove','#','admin','2022-04-26 22:22:05','',NULL,''),
(2283,'疾病分类导出',2278,5,'#','',NULL,1,0,'F','0','0','illness:category:export','#','admin','2022-04-26 22:22:05','',NULL,''),
(2284,'公司管理',2001,1,'company','illness/company/index',NULL,1,0,'C','0','0','illness:company:list','#','admin','2022-04-26 22:22:11','',NULL,'公司管理菜单'),
(2285,'公司管理查询',2284,1,'#','',NULL,1,0,'F','0','0','illness:company:query','#','admin','2022-04-26 22:22:11','',NULL,''),
(2286,'公司管理新增',2284,2,'#','',NULL,1,0,'F','0','0','illness:company:add','#','admin','2022-04-26 22:22:11','',NULL,''),
(2287,'公司管理修改',2284,3,'#','',NULL,1,0,'F','0','0','illness:company:edit','#','admin','2022-04-26 22:22:11','',NULL,''),
(2288,'公司管理删除',2284,4,'#','',NULL,1,0,'F','0','0','illness:company:remove','#','admin','2022-04-26 22:22:11','',NULL,''),
(2289,'公司管理导出',2284,5,'#','',NULL,1,0,'F','0','0','illness:company:export','#','admin','2022-04-26 22:22:11','',NULL,''),
(2290,'并发症管理',2001,1,'complication','illness/complication/index',NULL,1,0,'C','0','0','illness:complication:list','#','admin','2022-04-26 22:22:16','',NULL,'并发症管理菜单'),
(2291,'并发症管理查询',2290,1,'#','',NULL,1,0,'F','0','0','illness:complication:query','#','admin','2022-04-26 22:22:16','',NULL,''),
(2292,'并发症管理新增',2290,2,'#','',NULL,1,0,'F','0','0','illness:complication:add','#','admin','2022-04-26 22:22:16','',NULL,''),
(2293,'并发症管理修改',2290,3,'#','',NULL,1,0,'F','0','0','illness:complication:edit','#','admin','2022-04-26 22:22:16','',NULL,''),
(2294,'并发症管理删除',2290,4,'#','',NULL,1,0,'F','0','0','illness:complication:remove','#','admin','2022-04-26 22:22:16','',NULL,''),
(2295,'并发症管理导出',2290,5,'#','',NULL,1,0,'F','0','0','illness:complication:export','#','admin','2022-04-26 22:22:16','',NULL,''),
(2296,'文章内容',2001,1,'content','illness/content/index',NULL,1,0,'C','0','0','illness:content:list','#','admin','2022-04-26 22:22:20','',NULL,'文章内容菜单'),
(2297,'文章内容查询',2296,1,'#','',NULL,1,0,'F','0','0','illness:content:query','#','admin','2022-04-26 22:22:20','',NULL,''),
(2298,'文章内容新增',2296,2,'#','',NULL,1,0,'F','0','0','illness:content:add','#','admin','2022-04-26 22:22:20','',NULL,''),
(2299,'文章内容修改',2296,3,'#','',NULL,1,0,'F','0','0','illness:content:edit','#','admin','2022-04-26 22:22:20','',NULL,''),
(2300,'文章内容删除',2296,4,'#','',NULL,1,0,'F','0','0','illness:content:remove','#','admin','2022-04-26 22:22:20','',NULL,''),
(2301,'文章内容导出',2296,5,'#','',NULL,1,0,'F','0','0','illness:content:export','#','admin','2022-04-26 22:22:20','',NULL,''),
(2302,'公司药品管理',2001,1,'drug_company','illness/drug_company/index',NULL,1,0,'C','0','0','illness:drug_company:list','#','admin','2022-04-26 22:22:25','',NULL,'公司药品管理菜单'),
(2303,'公司药品管理查询',2302,1,'#','',NULL,1,0,'F','0','0','illness:drug_company:query','#','admin','2022-04-26 22:22:25','',NULL,''),
(2304,'公司药品管理新增',2302,2,'#','',NULL,1,0,'F','0','0','illness:drug_company:add','#','admin','2022-04-26 22:22:25','',NULL,''),
(2305,'公司药品管理修改',2302,3,'#','',NULL,1,0,'F','0','0','illness:drug_company:edit','#','admin','2022-04-26 22:22:25','',NULL,''),
(2306,'公司药品管理删除',2302,4,'#','',NULL,1,0,'F','0','0','illness:drug_company:remove','#','admin','2022-04-26 22:22:25','',NULL,''),
(2307,'公司药品管理导出',2302,5,'#','',NULL,1,0,'F','0','0','illness:drug_company:export','#','admin','2022-04-26 22:22:25','',NULL,''),
(2308,'药物工厂管理',2001,1,'drug_factory','illness/drug_factory/index',NULL,1,0,'C','0','0','illness:drug_factory:list','#','admin','2022-04-26 22:22:29','',NULL,'工厂管理菜单'),
(2309,'药物工厂管理查询',2308,1,'#','',NULL,1,0,'F','0','0','illness:drug_factory:query','#','admin','2022-04-26 22:22:29','',NULL,''),
(2310,'药物工厂管理新增',2308,2,'#','',NULL,1,0,'F','0','0','illness:drug_factory:add','#','admin','2022-04-26 22:22:29','',NULL,''),
(2311,'药物工厂管理修改',2308,3,'#','',NULL,1,0,'F','0','0','illness:drug_factory:edit','#','admin','2022-04-26 22:22:29','',NULL,''),
(2312,'药物工厂管理删除',2308,4,'#','',NULL,1,0,'F','0','0','illness:drug_factory:remove','#','admin','2022-04-26 22:22:29','',NULL,''),
(2313,'药物工厂管理导出',2308,5,'#','',NULL,1,0,'F','0','0','illness:drug_factory:export','#','admin','2022-04-26 22:22:29','',NULL,''),
(2314,'疾病药品',2001,1,'drug_illness','illness/drug_illness/index',NULL,1,0,'C','0','0','illness:drug_illness:list','#','admin','2022-04-26 22:22:33','',NULL,'疾病药品菜单'),
(2315,'疾病药品查询',2314,1,'#','',NULL,1,0,'F','0','0','illness:drug_illness:query','#','admin','2022-04-26 22:22:33','',NULL,''),
(2316,'疾病药品新增',2314,2,'#','',NULL,1,0,'F','0','0','illness:drug_illness:add','#','admin','2022-04-26 22:22:33','',NULL,''),
(2317,'疾病药品修改',2314,3,'#','',NULL,1,0,'F','0','0','illness:drug_illness:edit','#','admin','2022-04-26 22:22:33','',NULL,''),
(2318,'疾病药品删除',2314,4,'#','',NULL,1,0,'F','0','0','illness:drug_illness:remove','#','admin','2022-04-26 22:22:33','',NULL,''),
(2319,'疾病药品导出',2314,5,'#','',NULL,1,0,'F','0','0','illness:drug_illness:export','#','admin','2022-04-26 22:22:33','',NULL,''),
(2320,'药品管理',2001,1,'drug','illness/drug/index',NULL,1,0,'C','0','0','illness:drug:list','#','admin','2022-04-26 22:22:38','',NULL,'药品管理菜单'),
(2321,'药品管理查询',2320,1,'#','',NULL,1,0,'F','0','0','illness:drug:query','#','admin','2022-04-26 22:22:38','',NULL,''),
(2322,'药品管理新增',2320,2,'#','',NULL,1,0,'F','0','0','illness:drug:add','#','admin','2022-04-26 22:22:38','',NULL,''),
(2323,'药品管理修改',2320,3,'#','',NULL,1,0,'F','0','0','illness:drug:edit','#','admin','2022-04-26 22:22:38','',NULL,''),
(2324,'药品管理删除',2320,4,'#','',NULL,1,0,'F','0','0','illness:drug:remove','#','admin','2022-04-26 22:22:38','',NULL,''),
(2325,'药品管理导出',2320,5,'#','',NULL,1,0,'F','0','0','illness:drug:export','#','admin','2022-04-26 22:22:38','',NULL,''),
(2326,'专家管理',2000,1,'expert','cases/expert/index',NULL,1,0,'C','0','0','cases:expert:list','#','admin','2022-04-26 22:23:20','',NULL,'专家管理菜单'),
(2327,'专家管理查询',2326,1,'#','',NULL,1,0,'F','0','0','cases:expert:query','#','admin','2022-04-26 22:23:20','',NULL,''),
(2328,'专家管理新增',2326,2,'#','',NULL,1,0,'F','0','0','cases:expert:add','#','admin','2022-04-26 22:23:20','',NULL,''),
(2329,'专家管理修改',2326,3,'#','',NULL,1,0,'F','0','0','cases:expert:edit','#','admin','2022-04-26 22:23:20','',NULL,''),
(2330,'专家管理删除',2326,4,'#','',NULL,1,0,'F','0','0','cases:expert:remove','#','admin','2022-04-26 22:23:20','',NULL,''),
(2331,'专家管理导出',2326,5,'#','',NULL,1,0,'F','0','0','cases:expert:export','#','admin','2022-04-26 22:23:20','',NULL,''),
(2332,'工厂管理',2001,1,'factory','illness/factory/index',NULL,1,0,'C','0','0','illness:factory:list','#','admin','2022-04-26 22:23:26','',NULL,'工厂管理菜单'),
(2333,'工厂管理查询',2332,1,'#','',NULL,1,0,'F','0','0','illness:factory:query','#','admin','2022-04-26 22:23:26','',NULL,''),
(2334,'工厂管理新增',2332,2,'#','',NULL,1,0,'F','0','0','illness:factory:add','#','admin','2022-04-26 22:23:26','',NULL,''),
(2335,'工厂管理修改',2332,3,'#','',NULL,1,0,'F','0','0','illness:factory:edit','#','admin','2022-04-26 22:23:26','',NULL,''),
(2336,'工厂管理删除',2332,4,'#','',NULL,1,0,'F','0','0','illness:factory:remove','#','admin','2022-04-26 22:23:26','',NULL,''),
(2337,'工厂管理导出',2332,5,'#','',NULL,1,0,'F','0','0','illness:factory:export','#','admin','2022-04-26 22:23:26','',NULL,''),
(2338,'病史管理',2000,1,'history','cases/history/index',NULL,1,0,'C','0','0','cases:history:list','#','admin','2022-04-26 22:23:31','',NULL,'病史管理菜单'),
(2339,'病史管理查询',2338,1,'#','',NULL,1,0,'F','0','0','cases:history:query','#','admin','2022-04-26 22:23:31','',NULL,''),
(2340,'病史管理新增',2338,2,'#','',NULL,1,0,'F','0','0','cases:history:add','#','admin','2022-04-26 22:23:31','',NULL,''),
(2341,'病史管理修改',2338,3,'#','',NULL,1,0,'F','0','0','cases:history:edit','#','admin','2022-04-26 22:23:31','',NULL,''),
(2342,'病史管理删除',2338,4,'#','',NULL,1,0,'F','0','0','cases:history:remove','#','admin','2022-04-26 22:23:31','',NULL,''),
(2343,'病史管理导出',2338,5,'#','',NULL,1,0,'F','0','0','cases:history:export','#','admin','2022-04-26 22:23:31','',NULL,''),
(2344,'医院管理',2000,1,'hospital','cases/hospital/index',NULL,1,0,'C','0','0','cases:hospital:list','#','admin','2022-04-26 22:23:36','',NULL,'医院管理菜单'),
(2345,'医院管理查询',2344,1,'#','',NULL,1,0,'F','0','0','cases:hospital:query','#','admin','2022-04-26 22:23:36','',NULL,''),
(2346,'医院管理新增',2344,2,'#','',NULL,1,0,'F','0','0','cases:hospital:add','#','admin','2022-04-26 22:23:36','',NULL,''),
(2347,'医院管理修改',2344,3,'#','',NULL,1,0,'F','0','0','cases:hospital:edit','#','admin','2022-04-26 22:23:36','',NULL,''),
(2348,'医院管理删除',2344,4,'#','',NULL,1,0,'F','0','0','cases:hospital:remove','#','admin','2022-04-26 22:23:36','',NULL,''),
(2349,'医院管理导出',2344,5,'#','',NULL,1,0,'F','0','0','cases:hospital:export','#','admin','2022-04-26 22:23:36','',NULL,''),
(2350,'文章疾病',2001,1,'illness_passage','illness/illness_passage/index',NULL,1,0,'C','0','0','illness:illness_passage:list','#','admin','2022-04-26 22:24:09','',NULL,'文章疾病菜单'),
(2351,'文章疾病查询',2350,1,'#','',NULL,1,0,'F','0','0','illness:illness_passage:query','#','admin','2022-04-26 22:24:09','',NULL,''),
(2352,'文章疾病新增',2350,2,'#','',NULL,1,0,'F','0','0','illness:illness_passage:add','#','admin','2022-04-26 22:24:09','',NULL,''),
(2353,'文章疾病修改',2350,3,'#','',NULL,1,0,'F','0','0','illness:illness_passage:edit','#','admin','2022-04-26 22:24:09','',NULL,''),
(2354,'文章疾病删除',2350,4,'#','',NULL,1,0,'F','0','0','illness:illness_passage:remove','#','admin','2022-04-26 22:24:09','',NULL,''),
(2355,'文章疾病导出',2350,5,'#','',NULL,1,0,'F','0','0','illness:illness_passage:export','#','admin','2022-04-26 22:24:09','',NULL,''),
(2356,'疾病传播方式',2001,1,'illness_trans','illness/illness_trans/index',NULL,1,0,'C','0','0','illness:illness_trans:list','#','admin','2022-04-26 22:24:16','',NULL,'疾病传播方式菜单'),
(2357,'疾病传播方式查询',2356,1,'#','',NULL,1,0,'F','0','0','illness:illness_trans:query','#','admin','2022-04-26 22:24:16','',NULL,''),
(2358,'疾病传播方式新增',2356,2,'#','',NULL,1,0,'F','0','0','illness:illness_trans:add','#','admin','2022-04-26 22:24:16','',NULL,''),
(2359,'疾病传播方式修改',2356,3,'#','',NULL,1,0,'F','0','0','illness:illness_trans:edit','#','admin','2022-04-26 22:24:16','',NULL,''),
(2360,'疾病传播方式删除',2356,4,'#','',NULL,1,0,'F','0','0','illness:illness_trans:remove','#','admin','2022-04-26 22:24:16','',NULL,''),
(2361,'疾病传播方式导出',2356,5,'#','',NULL,1,0,'F','0','0','illness:illness_trans:export','#','admin','2022-04-26 22:24:16','',NULL,''),
(2362,'疾病管理',2001,1,'illness','illness/illness/index',NULL,1,0,'C','0','0','illness:illness:list','#','admin','2022-04-26 22:24:20','',NULL,'疾病管理菜单'),
(2363,'疾病管理查询',2362,1,'#','',NULL,1,0,'F','0','0','illness:illness:query','#','admin','2022-04-26 22:24:20','',NULL,''),
(2364,'疾病管理新增',2362,2,'#','',NULL,1,0,'F','0','0','illness:illness:add','#','admin','2022-04-26 22:24:20','',NULL,''),
(2365,'疾病管理修改',2362,3,'#','',NULL,1,0,'F','0','0','illness:illness:edit','#','admin','2022-04-26 22:24:20','',NULL,''),
(2366,'疾病管理删除',2362,4,'#','',NULL,1,0,'F','0','0','illness:illness:remove','#','admin','2022-04-26 22:24:20','',NULL,''),
(2367,'疾病管理导出',2362,5,'#','',NULL,1,0,'F','0','0','illness:illness:export','#','admin','2022-04-26 22:24:20','',NULL,''),
(2368,'文章管理',2001,1,'passage','illness/passage/index',NULL,1,0,'C','0','0','illness:passage:list','#','admin','2022-04-26 22:24:32','',NULL,'文章管理菜单'),
(2369,'文章管理查询',2368,1,'#','',NULL,1,0,'F','0','0','illness:passage:query','#','admin','2022-04-26 22:24:32','',NULL,''),
(2370,'文章管理新增',2368,2,'#','',NULL,1,0,'F','0','0','illness:passage:add','#','admin','2022-04-26 22:24:32','',NULL,''),
(2371,'文章管理修改',2368,3,'#','',NULL,1,0,'F','0','0','illness:passage:edit','#','admin','2022-04-26 22:24:32','',NULL,''),
(2372,'文章管理删除',2368,4,'#','',NULL,1,0,'F','0','0','illness:passage:remove','#','admin','2022-04-26 22:24:32','',NULL,''),
(2373,'文章管理导出',2368,5,'#','',NULL,1,0,'F','0','0','illness:passage:export','#','admin','2022-04-26 22:24:32','',NULL,''),
(2374,'病人管理',2000,1,'patient','cases/patient/index',NULL,1,0,'C','0','0','cases:patient:list','#','admin','2022-04-26 22:24:37','',NULL,'病人管理菜单'),
(2375,'病人管理查询',2374,1,'#','',NULL,1,0,'F','0','0','cases:patient:query','#','admin','2022-04-26 22:24:37','',NULL,''),
(2376,'病人管理新增',2374,2,'#','',NULL,1,0,'F','0','0','cases:patient:add','#','admin','2022-04-26 22:24:37','',NULL,''),
(2377,'病人管理修改',2374,3,'#','',NULL,1,0,'F','0','0','cases:patient:edit','#','admin','2022-04-26 22:24:37','',NULL,''),
(2378,'病人管理删除',2374,4,'#','',NULL,1,0,'F','0','0','cases:patient:remove','#','admin','2022-04-26 22:24:37','',NULL,''),
(2379,'病人管理导出',2374,5,'#','',NULL,1,0,'F','0','0','cases:patient:export','#','admin','2022-04-26 22:24:37','',NULL,''),
(2380,'地区管理',2001,1,'region','illness/region/index',NULL,1,0,'C','0','0','illness:region:list','#','admin','2022-04-26 22:24:42','',NULL,'地区管理菜单'),
(2381,'地区管理查询',2380,1,'#','',NULL,1,0,'F','0','0','illness:region:query','#','admin','2022-04-26 22:24:42','',NULL,''),
(2382,'地区管理新增',2380,2,'#','',NULL,1,0,'F','0','0','illness:region:add','#','admin','2022-04-26 22:24:42','',NULL,''),
(2383,'地区管理修改',2380,3,'#','',NULL,1,0,'F','0','0','illness:region:edit','#','admin','2022-04-26 22:24:42','',NULL,''),
(2384,'地区管理删除',2380,4,'#','',NULL,1,0,'F','0','0','illness:region:remove','#','admin','2022-04-26 22:24:42','',NULL,''),
(2385,'地区管理导出',2380,5,'#','',NULL,1,0,'F','0','0','illness:region:export','#','admin','2022-04-26 22:24:42','',NULL,''),
(2386,'后遗症',2001,1,'sequelae','illness/sequelae/index',NULL,1,0,'C','0','0','illness:sequelae:list','#','admin','2022-04-26 22:24:47','',NULL,'后遗症菜单'),
(2387,'后遗症查询',2386,1,'#','',NULL,1,0,'F','0','0','illness:sequelae:query','#','admin','2022-04-26 22:24:47','',NULL,''),
(2388,'后遗症新增',2386,2,'#','',NULL,1,0,'F','0','0','illness:sequelae:add','#','admin','2022-04-26 22:24:47','',NULL,''),
(2389,'后遗症修改',2386,3,'#','',NULL,1,0,'F','0','0','illness:sequelae:edit','#','admin','2022-04-26 22:24:47','',NULL,''),
(2390,'后遗症删除',2386,4,'#','',NULL,1,0,'F','0','0','illness:sequelae:remove','#','admin','2022-04-26 22:24:47','',NULL,''),
(2391,'后遗症导出',2386,5,'#','',NULL,1,0,'F','0','0','illness:sequelae:export','#','admin','2022-04-26 22:24:47','',NULL,''),
(2392,'传播管理',2001,1,'transmission','illness/transmission/index',NULL,1,0,'C','0','0','illness:transmission:list','#','admin','2022-04-26 22:24:51','',NULL,'传播管理菜单'),
(2393,'传播管理查询',2392,1,'#','',NULL,1,0,'F','0','0','illness:transmission:query','#','admin','2022-04-26 22:24:51','',NULL,''),
(2394,'传播管理新增',2392,2,'#','',NULL,1,0,'F','0','0','illness:transmission:add','#','admin','2022-04-26 22:24:51','',NULL,''),
(2395,'传播管理修改',2392,3,'#','',NULL,1,0,'F','0','0','illness:transmission:edit','#','admin','2022-04-26 22:24:51','',NULL,''),
(2396,'传播管理删除',2392,4,'#','',NULL,1,0,'F','0','0','illness:transmission:remove','#','admin','2022-04-26 22:24:51','',NULL,''),
(2397,'传播管理导出',2392,5,'#','',NULL,1,0,'F','0','0','illness:transmission:export','#','admin','2022-04-26 22:24:51','',NULL,''),
(2398,'数据分析',0,1,'analysis',NULL,NULL,1,0,'M','0','0','','date','admin','2022-05-03 09:45:01','admin','2022-05-03 09:59:18',''),
(2399,'疾病总死亡率分析',2398,1,'illness_death','analysis/illness_death/index',NULL,1,0,'C','0','0',NULL,'bug','admin','2022-05-03 09:47:49','',NULL,''),
(2400,'疾病地区密度分析',2398,2,'illness_region','analysis/illness_region/index',NULL,1,0,'C','0','0',NULL,'excel','admin','2022-05-03 09:51:19','',NULL,''),
(2402,'疾病治愈时间分析',2398,4,'illness_cureTime','analysis/illness_cureTime/index',NULL,1,0,'C','0','0',NULL,'number','admin','2022-05-03 10:09:47','',NULL,''),
(2403,'疾病患者身体状况分析',2398,3,'illness_patient','analysis/illness_patient/index',NULL,1,0,'C','0','0',NULL,'education','admin','2022-05-03 10:11:01','',NULL,''),
(2404,'疾病药品查询',2398,5,'drug_illness','analysis/drug_illness/index',NULL,1,0,'C','0','0','','log','admin','2022-05-04 08:02:33','admin','2022-05-04 08:03:15',''),
(2405,'后遗并发查询',2398,6,'seq_comp','analysis/seq_comp/index',NULL,1,0,'C','0','0','','drag','admin','2022-05-04 08:04:51','admin','2022-05-04 08:05:15',''),
(2406,'患者病史查询',2398,7,'pat_historty','analysis/pat_historty/index',NULL,1,0,'C','0','0','','job','admin','2022-05-04 08:07:19','admin','2022-05-04 09:59:51','');

/*Table structure for table `sys_notice` */

DROP TABLE IF EXISTS `sys_notice`;

CREATE TABLE `sys_notice` (
  `notice_id` int NOT NULL AUTO_INCREMENT COMMENT '公告ID',
  `notice_title` varchar(50) NOT NULL COMMENT '公告标题',
  `notice_type` char(1) NOT NULL COMMENT '公告类型（1通知 2公告）',
  `notice_content` longblob COMMENT '公告内容',
  `status` char(1) DEFAULT '0' COMMENT '公告状态（0正常 1关闭）',
  `create_by` varchar(64) DEFAULT '' COMMENT '创建者',
  `create_time` datetime DEFAULT NULL COMMENT '创建时间',
  `update_by` varchar(64) DEFAULT '' COMMENT '更新者',
  `update_time` datetime DEFAULT NULL COMMENT '更新时间',
  `remark` varchar(255) DEFAULT NULL COMMENT '备注',
  PRIMARY KEY (`notice_id`)
) ENGINE=InnoDB AUTO_INCREMENT=10 DEFAULT CHARSET=utf8mb4 COLLATE=utf8mb4_0900_ai_ci COMMENT='通知公告表';

/*Data for the table `sys_notice` */

insert  into `sys_notice`(`notice_id`,`notice_title`,`notice_type`,`notice_content`,`status`,`create_by`,`create_time`,`update_by`,`update_time`,`remark`) values 
(1,'温馨提醒：2018-07-01 若依新版本发布啦','2','新版本内容','0','admin','2022-03-31 22:59:02','',NULL,'管理员'),
(2,'维护通知：2018-07-01 若依系统凌晨维护','1','维护内容','0','admin','2022-03-31 22:59:02','',NULL,'管理员');

/*Table structure for table `sys_oper_log` */

DROP TABLE IF EXISTS `sys_oper_log`;

CREATE TABLE `sys_oper_log` (
  `oper_id` bigint NOT NULL AUTO_INCREMENT COMMENT '日志主键',
  `title` varchar(50) DEFAULT '' COMMENT '模块标题',
  `business_type` int DEFAULT '0' COMMENT '业务类型（0其它 1新增 2修改 3删除）',
  `method` varchar(100) DEFAULT '' COMMENT '方法名称',
  `request_method` varchar(10) DEFAULT '' COMMENT '请求方式',
  `operator_type` int DEFAULT '0' COMMENT '操作类别（0其它 1后台用户 2手机端用户）',
  `oper_name` varchar(50) DEFAULT '' COMMENT '操作人员',
  `dept_name` varchar(50) DEFAULT '' COMMENT '部门名称',
  `oper_url` varchar(255) DEFAULT '' COMMENT '请求URL',
  `oper_ip` varchar(128) DEFAULT '' COMMENT '主机地址',
  `oper_location` varchar(255) DEFAULT '' COMMENT '操作地点',
  `oper_param` varchar(2000) DEFAULT '' COMMENT '请求参数',
  `json_result` varchar(2000) DEFAULT '' COMMENT '返回参数',
  `status` int DEFAULT '0' COMMENT '操作状态（0正常 1异常）',
  `error_msg` varchar(2000) DEFAULT '' COMMENT '错误消息',
  `oper_time` datetime DEFAULT NULL COMMENT '操作时间',
  PRIMARY KEY (`oper_id`)
) ENGINE=InnoDB AUTO_INCREMENT=414 DEFAULT CHARSET=utf8mb4 COLLATE=utf8mb4_0900_ai_ci COMMENT='操作日志记录';

/*Data for the table `sys_oper_log` */

insert  into `sys_oper_log`(`oper_id`,`title`,`business_type`,`method`,`request_method`,`operator_type`,`oper_name`,`dept_name`,`oper_url`,`oper_ip`,`oper_location`,`oper_param`,`json_result`,`status`,`error_msg`,`oper_time`) values 
(100,'代码生成',6,'zstu.epidemic.generator.controller.GenController.importTableSave()','POST',1,'admin',NULL,'/tool/gen/importTable','127.0.0.1','内网IP','epidemic_region,epidemic_sequelae,epidemic_transmission,epidemic_case,epidemic_case_hospital,epidemic_category,epidemic_comany_drug,epidemic_company,epidemic_complication,epidemic_drug','{\"msg\":\"操作成功\",\"code\":200}',0,NULL,'2022-04-23 20:07:35'),
(101,'代码生成',6,'zstu.epidemic.generator.controller.GenController.importTableSave()','POST',1,'admin',NULL,'/tool/gen/importTable','127.0.0.1','内网IP','epidemic_drug_illness,epidemic_expert,epidemic_factory,epidemic_history_patient,epidemic_hospital,epidemic_illness,epidemic_illness_factory,epidemic_illness_trans,epidemic_passage,epidemic_passage_content','{\"msg\":\"操作成功\",\"code\":200}',0,NULL,'2022-04-23 20:07:51'),
(102,'代码生成',6,'zstu.epidemic.generator.controller.GenController.importTableSave()','POST',1,'admin',NULL,'/tool/gen/importTable','127.0.0.1','内网IP','epidemic_passage_illness,epidemic_patient,epidemic_history,epidemic_omplication','{\"msg\":\"操作成功\",\"code\":200}',0,NULL,'2022-04-23 20:07:57'),
(103,'菜单管理',1,'zstu.epidemic.web.controller.system.SysMenuController.add()','POST',1,'admin',NULL,'/system/menu','127.0.0.1','内网IP','{\"visible\":\"0\",\"icon\":\"people\",\"orderNum\":0,\"menuName\":\"病例管理\",\"params\":{},\"parentId\":0,\"isCache\":\"0\",\"path\":\"case\",\"createBy\":\"admin\",\"children\":[],\"isFrame\":\"1\",\"menuType\":\"M\",\"status\":\"0\"}','{\"msg\":\"操作成功\",\"code\":200}',0,NULL,'2022-04-23 20:13:12'),
(104,'菜单管理',1,'zstu.epidemic.web.controller.system.SysMenuController.add()','POST',1,'admin',NULL,'/system/menu','127.0.0.1','内网IP','{\"visible\":\"0\",\"icon\":\"dashboard\",\"orderNum\":1,\"menuName\":\"疾病管理\",\"params\":{},\"parentId\":0,\"isCache\":\"0\",\"path\":\"illness\",\"createBy\":\"admin\",\"children\":[],\"isFrame\":\"1\",\"menuType\":\"M\",\"status\":\"0\"}','{\"msg\":\"操作成功\",\"code\":200}',0,NULL,'2022-04-23 20:13:53'),
(105,'菜单管理',2,'zstu.epidemic.web.controller.system.SysMenuController.edit()','PUT',1,'admin',NULL,'/system/menu','127.0.0.1','内网IP','{\"visible\":\"1\",\"query\":\"\",\"icon\":\"monitor\",\"orderNum\":2,\"menuName\":\"系统监控\",\"params\":{},\"parentId\":0,\"isCache\":\"0\",\"path\":\"monitor\",\"children\":[],\"createTime\":1648738742000,\"updateBy\":\"admin\",\"isFrame\":\"1\",\"menuId\":2,\"menuType\":\"M\",\"perms\":\"\",\"status\":\"0\"}','{\"msg\":\"操作成功\",\"code\":200}',0,NULL,'2022-04-23 20:14:14'),
(106,'菜单管理',3,'zstu.epidemic.web.controller.system.SysMenuController.remove()','DELETE',1,'admin',NULL,'/system/menu/4','127.0.0.1','内网IP','{menuId=4}','{\"msg\":\"菜单已分配,不允许删除\",\"code\":500}',0,NULL,'2022-04-23 20:14:23'),
(107,'菜单管理',2,'zstu.epidemic.web.controller.system.SysMenuController.edit()','PUT',1,'admin',NULL,'/system/menu','127.0.0.1','内网IP','{\"visible\":\"1\",\"query\":\"\",\"icon\":\"guide\",\"orderNum\":4,\"menuName\":\"若依官网\",\"params\":{},\"parentId\":0,\"isCache\":\"0\",\"path\":\"http://ruoyi.vip\",\"children\":[],\"createTime\":1648738742000,\"updateBy\":\"admin\",\"isFrame\":\"0\",\"menuId\":4,\"menuType\":\"M\",\"perms\":\"\",\"status\":\"0\"}','{\"msg\":\"操作成功\",\"code\":200}',0,NULL,'2022-04-23 20:14:41'),
(108,'代码生成',2,'zstu.epidemic.generator.controller.GenController.synchDb()','GET',1,'admin',NULL,'/tool/gen/synchDb/epidemic_case','127.0.0.1','内网IP','{tableName=epidemic_case}','{\"msg\":\"操作成功\",\"code\":200}',0,NULL,'2022-04-23 20:15:06'),
(109,'代码生成',2,'zstu.epidemic.generator.controller.GenController.editSave()','PUT',1,'admin',NULL,'/tool/gen','127.0.0.1','内网IP','{\"sub\":false,\"subTableName\":\"\",\"functionAuthor\":\"iwan\",\"columns\":[{\"capJavaField\":\"CategoryId\",\"usableColumn\":false,\"columnId\":28,\"isIncrement\":\"1\",\"increment\":true,\"insert\":true,\"dictType\":\"\",\"required\":false,\"superColumn\":false,\"updateBy\":\"\",\"isInsert\":\"1\",\"javaField\":\"categoryId\",\"htmlType\":\"input\",\"edit\":false,\"query\":false,\"columnComment\":\"类型id\",\"sort\":1,\"list\":false,\"params\":{},\"javaType\":\"Long\",\"queryType\":\"EQ\",\"columnType\":\"bigint\",\"createBy\":\"admin\",\"isPk\":\"1\",\"createTime\":1650715655000,\"tableId\":3,\"pk\":true,\"columnName\":\"category_id\"},{\"capJavaField\":\"ParentId\",\"usableColumn\":true,\"columnId\":29,\"isIncrement\":\"0\",\"increment\":false,\"insert\":true,\"isList\":\"1\",\"dictType\":\"\",\"required\":true,\"superColumn\":true,\"updateBy\":\"\",\"isInsert\":\"1\",\"isRequired\":\"1\",\"javaField\":\"parentId\",\"htmlType\":\"input\",\"edit\":true,\"query\":true,\"columnComment\":\"上级类id\",\"isQuery\":\"1\",\"sort\":2,\"list\":true,\"params\":{},\"javaType\":\"Long\",\"queryType\":\"EQ\",\"columnType\":\"bigint\",\"createBy\":\"admin\",\"isPk\":\"0\",\"createTime\":1650715655000,\"isEdit\":\"1\",\"tableId\":3,\"pk\":false,\"columnName\":\"parent_id\"},{\"capJavaField\":\"CategoryName\",\"usableColumn\":false,\"columnId\":30,\"isIncrement\":\"0\",\"increment\":false,\"insert\":true,\"isList\":\"1\",\"dictType\":\"\",\"required\":true,\"superColumn\":false,\"updateBy\":\"\",\"isInsert\":\"1\",\"isRequired\":\"1\",\"javaField\":\"categoryName\",\"htmlType\":\"input\",\"edit\":true,\"query\":true,\"columnComment\":\"类名\",\"isQuery\":\"1\",\"sort\":3,\"list\":true,\"params\":{},\"javaType\":\"String\",\"queryType\":\"LIKE\",\"columnType\":\"varchar(30)\",\"createBy\":\"admin\",\"isPk\":\"0\",\"createTime\":1650715655000,\"isEdit\":\"1\",\"tableId\":3,\"pk\":false,\"columnName\":\"category_name\"},{\"capJavaField\":\"IsDelete\",\"usableColumn\":false,\"columnId\":31,\"isIncrement\":\"0\",\"increment\":false,\"insert\":true,\"isList\":\"1\",\"dictType\":\"\",\"required\":false,\"superColumn\":false,\"updateBy\":\"\",\"isInsert\":\"1\",\"javaField\":\"isDelete\",\"htmlType\":\"input\",\"edit\":true,\"query\":true,\"columnComment\":\"删除标志（0代表存在 1代表删除）\",\"isQuery\":\"1\",\"sort\":4,\"list\":true,\"params\":{},\"javaTyp','{\"msg\":\"操作成功\",\"code\":200}',0,NULL,'2022-04-23 20:17:28'),
(110,'代码生成',2,'zstu.epidemic.generator.controller.GenController.editSave()','PUT',1,'admin',NULL,'/tool/gen','127.0.0.1','内网IP','{\"sub\":false,\"functionAuthor\":\"iwan\",\"columns\":[{\"capJavaField\":\"CaseId\",\"usableColumn\":false,\"columnId\":1,\"isIncrement\":\"1\",\"increment\":true,\"insert\":true,\"required\":false,\"superColumn\":false,\"isInsert\":\"1\",\"javaField\":\"caseId\",\"htmlType\":\"input\",\"edit\":false,\"query\":false,\"columnComment\":\"病例id\",\"updateTime\":1650716106000,\"sort\":1,\"list\":false,\"params\":{},\"javaType\":\"Long\",\"queryType\":\"EQ\",\"columnType\":\"bigint\",\"createBy\":\"admin\",\"isPk\":\"1\",\"createTime\":1650715655000,\"tableId\":1,\"pk\":true,\"columnName\":\"case_id\"},{\"capJavaField\":\"PatientId\",\"usableColumn\":false,\"columnId\":2,\"isIncrement\":\"0\",\"increment\":false,\"insert\":true,\"isList\":\"1\",\"dictType\":\"\",\"required\":true,\"superColumn\":false,\"isInsert\":\"1\",\"isRequired\":\"1\",\"javaField\":\"patientId\",\"htmlType\":\"select\",\"edit\":true,\"query\":true,\"columnComment\":\"患者id\",\"isQuery\":\"1\",\"updateTime\":1650716106000,\"sort\":2,\"list\":true,\"params\":{},\"javaType\":\"Long\",\"queryType\":\"EQ\",\"columnType\":\"bigint\",\"createBy\":\"admin\",\"isPk\":\"0\",\"createTime\":1650715655000,\"isEdit\":\"1\",\"tableId\":1,\"pk\":false,\"columnName\":\"patient_id\"},{\"capJavaField\":\"IllnessId\",\"usableColumn\":false,\"columnId\":3,\"isIncrement\":\"0\",\"increment\":false,\"insert\":true,\"isList\":\"1\",\"dictType\":\"\",\"required\":true,\"superColumn\":false,\"isInsert\":\"1\",\"isRequired\":\"1\",\"javaField\":\"illnessId\",\"htmlType\":\"select\",\"edit\":true,\"query\":true,\"columnComment\":\"病id\",\"isQuery\":\"1\",\"updateTime\":1650716106000,\"sort\":3,\"list\":true,\"params\":{},\"javaType\":\"Long\",\"queryType\":\"EQ\",\"columnType\":\"bigint\",\"createBy\":\"admin\",\"isPk\":\"0\",\"createTime\":1650715655000,\"isEdit\":\"1\",\"tableId\":1,\"pk\":false,\"columnName\":\"illness_id\"},{\"capJavaField\":\"InfectedRegionId\",\"usableColumn\":false,\"columnId\":4,\"isIncrement\":\"0\",\"increment\":false,\"insert\":true,\"isList\":\"1\",\"dictType\":\"\",\"required\":true,\"superColumn\":false,\"isInsert\":\"1\",\"isRequired\":\"1\",\"javaField\":\"infectedRegionId\",\"htmlType\":\"select\",\"edit\":true,\"query\":true,\"columnComment\":\"感染地区id\",\"isQuery\":\"1\",\"updateTime\":1650716106000,\"sort\":4,\"list\":true,\"para','{\"msg\":\"操作成功\",\"code\":200}',0,NULL,'2022-04-23 20:19:29'),
(111,'代码生成',2,'zstu.epidemic.generator.controller.GenController.editSave()','PUT',1,'admin',NULL,'/tool/gen','127.0.0.1','内网IP','{\"sub\":false,\"functionAuthor\":\"iwan\",\"columns\":[{\"capJavaField\":\"CaseHospitalId\",\"usableColumn\":false,\"columnId\":17,\"isIncrement\":\"1\",\"increment\":true,\"insert\":true,\"dictType\":\"\",\"required\":false,\"superColumn\":false,\"updateBy\":\"\",\"isInsert\":\"1\",\"javaField\":\"caseHospitalId\",\"htmlType\":\"input\",\"edit\":false,\"query\":false,\"columnComment\":\"病例医院id\",\"sort\":1,\"list\":false,\"params\":{},\"javaType\":\"Long\",\"queryType\":\"EQ\",\"columnType\":\"bigint\",\"createBy\":\"admin\",\"isPk\":\"1\",\"createTime\":1650715655000,\"tableId\":2,\"pk\":true,\"columnName\":\"case_hospital_id\"},{\"capJavaField\":\"CaseId\",\"usableColumn\":false,\"columnId\":18,\"isIncrement\":\"0\",\"increment\":false,\"insert\":true,\"isList\":\"1\",\"dictType\":\"\",\"required\":true,\"superColumn\":false,\"updateBy\":\"\",\"isInsert\":\"1\",\"isRequired\":\"1\",\"javaField\":\"caseId\",\"htmlType\":\"select\",\"edit\":true,\"query\":true,\"columnComment\":\"病例id\",\"isQuery\":\"1\",\"sort\":2,\"list\":true,\"params\":{},\"javaType\":\"Long\",\"queryType\":\"EQ\",\"columnType\":\"bigint\",\"createBy\":\"admin\",\"isPk\":\"0\",\"createTime\":1650715655000,\"isEdit\":\"1\",\"tableId\":2,\"pk\":false,\"columnName\":\"case_id\"},{\"capJavaField\":\"HospitalId\",\"usableColumn\":false,\"columnId\":19,\"isIncrement\":\"0\",\"increment\":false,\"insert\":true,\"isList\":\"1\",\"dictType\":\"\",\"required\":true,\"superColumn\":false,\"updateBy\":\"\",\"isInsert\":\"1\",\"isRequired\":\"1\",\"javaField\":\"hospitalId\",\"htmlType\":\"select\",\"edit\":true,\"query\":true,\"columnComment\":\"医院id\",\"isQuery\":\"1\",\"sort\":3,\"list\":true,\"params\":{},\"javaType\":\"Long\",\"queryType\":\"EQ\",\"columnType\":\"bigint\",\"createBy\":\"admin\",\"isPk\":\"0\",\"createTime\":1650715655000,\"isEdit\":\"1\",\"tableId\":2,\"pk\":false,\"columnName\":\"hospital_id\"},{\"capJavaField\":\"VisitTime\",\"usableColumn\":false,\"columnId\":20,\"isIncrement\":\"0\",\"increment\":false,\"insert\":true,\"isList\":\"1\",\"dictType\":\"\",\"required\":true,\"superColumn\":false,\"updateBy\":\"\",\"isInsert\":\"1\",\"isRequired\":\"1\",\"javaField\":\"visitTime\",\"htmlType\":\"input\",\"edit\":true,\"query\":true,\"columnComment\":\"看病次数\",\"isQuery\":\"1\",\"sort\":4,\"list\":true,\"params\":{},\"javaType\":\"Long\",\"que','{\"msg\":\"操作成功\",\"code\":200}',0,NULL,'2022-04-23 20:21:13'),
(112,'代码生成',2,'zstu.epidemic.generator.controller.GenController.synchDb()','GET',1,'admin',NULL,'/tool/gen/synchDb/epidemic_case','127.0.0.1','内网IP','{tableName=epidemic_case}','{\"msg\":\"操作成功\",\"code\":200}',0,NULL,'2022-04-23 20:22:16'),
(113,'代码生成',2,'zstu.epidemic.generator.controller.GenController.editSave()','PUT',1,'admin',NULL,'/tool/gen','127.0.0.1','内网IP','{\"sub\":false,\"subTableName\":\"\",\"functionAuthor\":\"iwan\",\"columns\":[{\"capJavaField\":\"CategoryId\",\"usableColumn\":false,\"columnId\":28,\"isIncrement\":\"1\",\"increment\":true,\"insert\":true,\"dictType\":\"\",\"required\":false,\"superColumn\":false,\"updateBy\":\"\",\"isInsert\":\"1\",\"javaField\":\"categoryId\",\"htmlType\":\"input\",\"edit\":false,\"query\":false,\"columnComment\":\"类型id\",\"updateTime\":1650716248000,\"sort\":1,\"list\":false,\"params\":{},\"javaType\":\"Long\",\"queryType\":\"EQ\",\"columnType\":\"bigint\",\"createBy\":\"admin\",\"isPk\":\"1\",\"createTime\":1650715655000,\"tableId\":3,\"pk\":true,\"columnName\":\"category_id\"},{\"capJavaField\":\"ParentId\",\"usableColumn\":true,\"columnId\":29,\"isIncrement\":\"0\",\"increment\":false,\"insert\":true,\"isList\":\"1\",\"dictType\":\"\",\"required\":true,\"superColumn\":true,\"updateBy\":\"\",\"isInsert\":\"1\",\"isRequired\":\"1\",\"javaField\":\"parentId\",\"htmlType\":\"input\",\"edit\":true,\"query\":true,\"columnComment\":\"上级类id\",\"isQuery\":\"1\",\"updateTime\":1650716248000,\"sort\":2,\"list\":true,\"params\":{},\"javaType\":\"Long\",\"queryType\":\"EQ\",\"columnType\":\"bigint\",\"createBy\":\"admin\",\"isPk\":\"0\",\"createTime\":1650715655000,\"isEdit\":\"1\",\"tableId\":3,\"pk\":false,\"columnName\":\"parent_id\"},{\"capJavaField\":\"CategoryName\",\"usableColumn\":false,\"columnId\":30,\"isIncrement\":\"0\",\"increment\":false,\"insert\":true,\"isList\":\"1\",\"dictType\":\"\",\"required\":true,\"superColumn\":false,\"updateBy\":\"\",\"isInsert\":\"1\",\"isRequired\":\"1\",\"javaField\":\"categoryName\",\"htmlType\":\"input\",\"edit\":true,\"query\":true,\"columnComment\":\"类名\",\"isQuery\":\"1\",\"updateTime\":1650716248000,\"sort\":3,\"list\":true,\"params\":{},\"javaType\":\"String\",\"queryType\":\"LIKE\",\"columnType\":\"varchar(30)\",\"createBy\":\"admin\",\"isPk\":\"0\",\"createTime\":1650715655000,\"isEdit\":\"1\",\"tableId\":3,\"pk\":false,\"columnName\":\"category_name\"},{\"capJavaField\":\"IsDelete\",\"usableColumn\":false,\"columnId\":31,\"isIncrement\":\"0\",\"increment\":false,\"insert\":true,\"isList\":\"1\",\"dictType\":\"\",\"required\":false,\"superColumn\":false,\"updateBy\":\"\",\"isInsert\":\"1\",\"javaField\":\"isDelete\",\"htmlType\":\"input\",\"edit\":true,\"query\":true,\"columnCom','{\"msg\":\"操作成功\",\"code\":200}',0,NULL,'2022-04-26 18:45:17'),
(114,'代码生成',2,'zstu.epidemic.generator.controller.GenController.editSave()','PUT',1,'admin',NULL,'/tool/gen','127.0.0.1','内网IP','{\"sub\":false,\"subTableName\":\"\",\"functionAuthor\":\"iwan\",\"columns\":[{\"capJavaField\":\"CaseId\",\"usableColumn\":false,\"columnId\":1,\"isIncrement\":\"1\",\"increment\":true,\"insert\":true,\"required\":false,\"superColumn\":false,\"isInsert\":\"1\",\"javaField\":\"caseId\",\"htmlType\":\"input\",\"edit\":false,\"query\":false,\"columnComment\":\"病例id\",\"updateTime\":1650716536000,\"sort\":1,\"list\":false,\"params\":{},\"javaType\":\"Long\",\"queryType\":\"EQ\",\"columnType\":\"bigint\",\"createBy\":\"admin\",\"isPk\":\"1\",\"createTime\":1650715655000,\"tableId\":1,\"pk\":true,\"columnName\":\"case_id\"},{\"capJavaField\":\"PatientId\",\"usableColumn\":false,\"columnId\":2,\"isIncrement\":\"0\",\"increment\":false,\"insert\":true,\"isList\":\"1\",\"dictType\":\"\",\"required\":true,\"superColumn\":false,\"isInsert\":\"1\",\"isRequired\":\"1\",\"javaField\":\"patientId\",\"htmlType\":\"select\",\"edit\":true,\"query\":true,\"columnComment\":\"患者id\",\"isQuery\":\"1\",\"updateTime\":1650716536000,\"sort\":2,\"list\":true,\"params\":{},\"javaType\":\"Long\",\"queryType\":\"EQ\",\"columnType\":\"bigint\",\"createBy\":\"admin\",\"isPk\":\"0\",\"createTime\":1650715655000,\"isEdit\":\"1\",\"tableId\":1,\"pk\":false,\"columnName\":\"patient_id\"},{\"capJavaField\":\"IllnessId\",\"usableColumn\":false,\"columnId\":3,\"isIncrement\":\"0\",\"increment\":false,\"insert\":true,\"isList\":\"1\",\"dictType\":\"\",\"required\":true,\"superColumn\":false,\"isInsert\":\"1\",\"isRequired\":\"1\",\"javaField\":\"illnessId\",\"htmlType\":\"select\",\"edit\":true,\"query\":true,\"columnComment\":\"病id\",\"isQuery\":\"1\",\"updateTime\":1650716536000,\"sort\":3,\"list\":true,\"params\":{},\"javaType\":\"Long\",\"queryType\":\"EQ\",\"columnType\":\"bigint\",\"createBy\":\"admin\",\"isPk\":\"0\",\"createTime\":1650715655000,\"isEdit\":\"1\",\"tableId\":1,\"pk\":false,\"columnName\":\"illness_id\"},{\"capJavaField\":\"InfectedRegionId\",\"usableColumn\":false,\"columnId\":4,\"isIncrement\":\"0\",\"increment\":false,\"insert\":true,\"isList\":\"1\",\"dictType\":\"\",\"required\":true,\"superColumn\":false,\"isInsert\":\"1\",\"isRequired\":\"1\",\"javaField\":\"infectedRegionId\",\"htmlType\":\"select\",\"edit\":true,\"query\":true,\"columnComment\":\"感染地区id\",\"isQuery\":\"1\",\"updateTime\":1650716536000,\"sort\":4','{\"msg\":\"操作成功\",\"code\":200}',0,NULL,'2022-04-26 18:46:21'),
(115,'代码生成',2,'zstu.epidemic.generator.controller.GenController.editSave()','PUT',1,'admin',NULL,'/tool/gen','127.0.0.1','内网IP','{\"sub\":false,\"subTableName\":\"\",\"functionAuthor\":\"iwan\",\"columns\":[{\"capJavaField\":\"CaseId\",\"usableColumn\":false,\"columnId\":1,\"isIncrement\":\"1\",\"increment\":true,\"insert\":true,\"required\":false,\"superColumn\":false,\"isInsert\":\"1\",\"javaField\":\"caseId\",\"htmlType\":\"input\",\"edit\":false,\"query\":false,\"columnComment\":\"病例id\",\"updateTime\":1650969981000,\"sort\":1,\"list\":false,\"params\":{},\"javaType\":\"Long\",\"queryType\":\"EQ\",\"columnType\":\"bigint\",\"createBy\":\"admin\",\"isPk\":\"1\",\"createTime\":1650715655000,\"tableId\":1,\"pk\":true,\"columnName\":\"case_id\"},{\"capJavaField\":\"PatientId\",\"usableColumn\":false,\"columnId\":2,\"isIncrement\":\"0\",\"increment\":false,\"insert\":true,\"isList\":\"1\",\"dictType\":\"\",\"required\":true,\"superColumn\":false,\"isInsert\":\"1\",\"isRequired\":\"1\",\"javaField\":\"patientId\",\"htmlType\":\"select\",\"edit\":true,\"query\":true,\"columnComment\":\"患者id\",\"isQuery\":\"1\",\"updateTime\":1650969981000,\"sort\":2,\"list\":true,\"params\":{},\"javaType\":\"Long\",\"queryType\":\"EQ\",\"columnType\":\"bigint\",\"createBy\":\"admin\",\"isPk\":\"0\",\"createTime\":1650715655000,\"isEdit\":\"1\",\"tableId\":1,\"pk\":false,\"columnName\":\"patient_id\"},{\"capJavaField\":\"IllnessId\",\"usableColumn\":false,\"columnId\":3,\"isIncrement\":\"0\",\"increment\":false,\"insert\":true,\"isList\":\"1\",\"dictType\":\"\",\"required\":true,\"superColumn\":false,\"isInsert\":\"1\",\"isRequired\":\"1\",\"javaField\":\"illnessId\",\"htmlType\":\"select\",\"edit\":true,\"query\":true,\"columnComment\":\"病id\",\"isQuery\":\"1\",\"updateTime\":1650969981000,\"sort\":3,\"list\":true,\"params\":{},\"javaType\":\"Long\",\"queryType\":\"EQ\",\"columnType\":\"bigint\",\"createBy\":\"admin\",\"isPk\":\"0\",\"createTime\":1650715655000,\"isEdit\":\"1\",\"tableId\":1,\"pk\":false,\"columnName\":\"illness_id\"},{\"capJavaField\":\"InfectedRegionId\",\"usableColumn\":false,\"columnId\":4,\"isIncrement\":\"0\",\"increment\":false,\"insert\":true,\"isList\":\"1\",\"dictType\":\"\",\"required\":true,\"superColumn\":false,\"isInsert\":\"1\",\"isRequired\":\"1\",\"javaField\":\"infectedRegionId\",\"htmlType\":\"select\",\"edit\":true,\"query\":true,\"columnComment\":\"感染地区id\",\"isQuery\":\"1\",\"updateTime\":1650969981000,\"sort\":4','{\"msg\":\"操作成功\",\"code\":200}',0,NULL,'2022-04-26 18:47:57'),
(116,'代码生成',2,'zstu.epidemic.generator.controller.GenController.editSave()','PUT',1,'admin',NULL,'/tool/gen','127.0.0.1','内网IP','{\"sub\":false,\"subTableName\":\"\",\"functionAuthor\":\"iwan\",\"columns\":[{\"capJavaField\":\"CategoryId\",\"usableColumn\":false,\"columnId\":28,\"isIncrement\":\"1\",\"increment\":true,\"insert\":true,\"dictType\":\"\",\"required\":false,\"superColumn\":false,\"updateBy\":\"\",\"isInsert\":\"1\",\"javaField\":\"categoryId\",\"htmlType\":\"input\",\"edit\":false,\"query\":false,\"columnComment\":\"类型id\",\"updateTime\":1650969917000,\"sort\":1,\"list\":false,\"params\":{},\"javaType\":\"Long\",\"queryType\":\"EQ\",\"columnType\":\"bigint\",\"createBy\":\"admin\",\"isPk\":\"1\",\"createTime\":1650715655000,\"tableId\":3,\"pk\":true,\"columnName\":\"category_id\"},{\"capJavaField\":\"ParentId\",\"usableColumn\":true,\"columnId\":29,\"isIncrement\":\"0\",\"increment\":false,\"insert\":true,\"isList\":\"1\",\"dictType\":\"\",\"required\":true,\"superColumn\":true,\"updateBy\":\"\",\"isInsert\":\"1\",\"isRequired\":\"1\",\"javaField\":\"parentId\",\"htmlType\":\"input\",\"edit\":true,\"query\":true,\"columnComment\":\"上级类id\",\"isQuery\":\"1\",\"updateTime\":1650969917000,\"sort\":2,\"list\":true,\"params\":{},\"javaType\":\"Long\",\"queryType\":\"EQ\",\"columnType\":\"bigint\",\"createBy\":\"admin\",\"isPk\":\"0\",\"createTime\":1650715655000,\"isEdit\":\"1\",\"tableId\":3,\"pk\":false,\"columnName\":\"parent_id\"},{\"capJavaField\":\"CategoryName\",\"usableColumn\":false,\"columnId\":30,\"isIncrement\":\"0\",\"increment\":false,\"insert\":true,\"isList\":\"1\",\"dictType\":\"\",\"required\":true,\"superColumn\":false,\"updateBy\":\"\",\"isInsert\":\"1\",\"isRequired\":\"1\",\"javaField\":\"categoryName\",\"htmlType\":\"input\",\"edit\":true,\"query\":true,\"columnComment\":\"类名\",\"isQuery\":\"1\",\"updateTime\":1650969917000,\"sort\":3,\"list\":true,\"params\":{},\"javaType\":\"String\",\"queryType\":\"LIKE\",\"columnType\":\"varchar(30)\",\"createBy\":\"admin\",\"isPk\":\"0\",\"createTime\":1650715655000,\"isEdit\":\"1\",\"tableId\":3,\"pk\":false,\"columnName\":\"category_name\"},{\"capJavaField\":\"IsDelete\",\"usableColumn\":false,\"columnId\":31,\"isIncrement\":\"0\",\"increment\":false,\"insert\":true,\"isList\":\"1\",\"dictType\":\"\",\"required\":false,\"superColumn\":false,\"updateBy\":\"\",\"isInsert\":\"1\",\"javaField\":\"isDelete\",\"htmlType\":\"input\",\"edit\":true,\"query\":true,\"columnCom','{\"msg\":\"操作成功\",\"code\":200}',0,NULL,'2022-04-26 18:48:35'),
(117,'代码生成',2,'zstu.epidemic.generator.controller.GenController.editSave()','PUT',1,'admin',NULL,'/tool/gen','127.0.0.1','内网IP','{\"sub\":false,\"functionAuthor\":\"ruoyi\",\"columns\":[{\"capJavaField\":\"CompanyId\",\"usableColumn\":false,\"columnId\":37,\"isIncrement\":\"0\",\"increment\":false,\"insert\":true,\"dictType\":\"\",\"required\":false,\"superColumn\":false,\"updateBy\":\"\",\"isInsert\":\"1\",\"javaField\":\"companyId\",\"htmlType\":\"input\",\"edit\":false,\"query\":false,\"sort\":1,\"list\":false,\"params\":{},\"javaType\":\"Long\",\"queryType\":\"EQ\",\"columnType\":\"bigint\",\"createBy\":\"admin\",\"isPk\":\"1\",\"createTime\":1650715655000,\"tableId\":4,\"pk\":true,\"columnName\":\"company_id\"},{\"capJavaField\":\"DrugId\",\"usableColumn\":false,\"columnId\":38,\"isIncrement\":\"0\",\"increment\":false,\"insert\":true,\"dictType\":\"\",\"required\":false,\"superColumn\":false,\"updateBy\":\"\",\"isInsert\":\"1\",\"javaField\":\"drugId\",\"htmlType\":\"input\",\"edit\":false,\"query\":false,\"sort\":2,\"list\":false,\"params\":{},\"javaType\":\"Long\",\"queryType\":\"EQ\",\"columnType\":\"bigint\",\"createBy\":\"admin\",\"isPk\":\"1\",\"createTime\":1650715655000,\"tableId\":4,\"pk\":true,\"columnName\":\"drug_id\"}],\"businessName\":\"drug\",\"moduleName\":\"illness\",\"className\":\"EpidemicComanyDrug\",\"tableName\":\"epidemic_comany_drug\",\"crud\":true,\"options\":\"{\\\"parentMenuId\\\":2001}\",\"genType\":\"0\",\"packageName\":\"zstu.epidemic.illness\",\"functionName\":\"company_drug\",\"tree\":false,\"tableComment\":\"药品企业关联\",\"params\":{\"parentMenuId\":2001},\"tplCategory\":\"crud\",\"parentMenuId\":\"2001\",\"tableId\":4,\"genPath\":\"/\"}','{\"msg\":\"操作成功\",\"code\":200}',0,NULL,'2022-04-26 18:49:29'),
(118,'代码生成',2,'zstu.epidemic.generator.controller.GenController.editSave()','PUT',1,'admin',NULL,'/tool/gen','127.0.0.1','内网IP','{\"sub\":false,\"functionAuthor\":\"iwan\",\"columns\":[{\"capJavaField\":\"CompanyId\",\"usableColumn\":false,\"columnId\":37,\"isIncrement\":\"0\",\"increment\":false,\"insert\":true,\"dictType\":\"\",\"required\":false,\"superColumn\":false,\"updateBy\":\"\",\"isInsert\":\"1\",\"javaField\":\"companyId\",\"htmlType\":\"input\",\"edit\":false,\"query\":false,\"updateTime\":1650970169000,\"sort\":1,\"list\":false,\"params\":{},\"javaType\":\"Long\",\"queryType\":\"EQ\",\"columnType\":\"bigint\",\"createBy\":\"admin\",\"isPk\":\"1\",\"createTime\":1650715655000,\"tableId\":4,\"pk\":true,\"columnName\":\"company_id\"},{\"capJavaField\":\"DrugId\",\"usableColumn\":false,\"columnId\":38,\"isIncrement\":\"0\",\"increment\":false,\"insert\":true,\"dictType\":\"\",\"required\":false,\"superColumn\":false,\"updateBy\":\"\",\"isInsert\":\"1\",\"javaField\":\"drugId\",\"htmlType\":\"input\",\"edit\":false,\"query\":false,\"updateTime\":1650970169000,\"sort\":2,\"list\":false,\"params\":{},\"javaType\":\"Long\",\"queryType\":\"EQ\",\"columnType\":\"bigint\",\"createBy\":\"admin\",\"isPk\":\"1\",\"createTime\":1650715655000,\"tableId\":4,\"pk\":true,\"columnName\":\"drug_id\"}],\"businessName\":\"drug\",\"moduleName\":\"illness\",\"className\":\"EpidemicComanyDrug\",\"tableName\":\"epidemic_comany_drug\",\"crud\":true,\"options\":\"{\\\"parentMenuId\\\":\\\"2001\\\"}\",\"genType\":\"0\",\"packageName\":\"zstu.epidemic.illness\",\"functionName\":\"company_drug\",\"tree\":false,\"tableComment\":\"药品企业关联\",\"params\":{\"parentMenuId\":\"2001\"},\"tplCategory\":\"crud\",\"parentMenuId\":\"2001\",\"tableId\":4,\"genPath\":\"/\"}','{\"msg\":\"操作成功\",\"code\":200}',0,NULL,'2022-04-26 18:49:36'),
(119,'个人信息',2,'zstu.epidemic.web.controller.system.SysProfileController.updateProfile()','PUT',1,'admin',NULL,'/system/user/profile','127.0.0.1','内网IP','{\"roles\":[{\"flag\":false,\"roleId\":1,\"admin\":true,\"dataScope\":\"1\",\"params\":{},\"roleSort\":\"1\",\"deptCheckStrictly\":false,\"menuCheckStrictly\":false,\"roleKey\":\"admin\",\"roleName\":\"超级管理员\",\"status\":\"0\"}],\"phonenumber\":\"15888888888\",\"admin\":true,\"loginDate\":1650716088000,\"remark\":\"管理员\",\"delFlag\":\"0\",\"loginIp\":\"127.0.0.1\",\"email\":\"123@163.com\",\"nickName\":\"熊猫圈里的老鼠屎\",\"sex\":\"0\",\"deptId\":103,\"avatar\":\"\",\"dept\":{\"deptName\":\"研发部门\",\"leader\":\"若依\",\"deptId\":103,\"orderNum\":\"1\",\"params\":{},\"parentId\":101,\"children\":[],\"status\":\"0\"},\"params\":{},\"userName\":\"admin\",\"userId\":1,\"createBy\":\"admin\",\"createTime\":1648738742000,\"status\":\"0\"}','{\"msg\":\"操作成功\",\"code\":200}',0,NULL,'2022-04-26 18:50:01'),
(120,'代码生成',2,'zstu.epidemic.generator.controller.GenController.editSave()','PUT',1,'admin',NULL,'/tool/gen','127.0.0.1','内网IP','{\"sub\":false,\"functionAuthor\":\"iwan\",\"columns\":[{\"capJavaField\":\"CompanyId\",\"usableColumn\":false,\"columnId\":39,\"isIncrement\":\"1\",\"increment\":true,\"insert\":true,\"dictType\":\"\",\"required\":false,\"superColumn\":false,\"updateBy\":\"\",\"isInsert\":\"1\",\"javaField\":\"companyId\",\"htmlType\":\"input\",\"edit\":false,\"query\":false,\"sort\":1,\"list\":false,\"params\":{},\"javaType\":\"Long\",\"queryType\":\"EQ\",\"columnType\":\"bigint\",\"createBy\":\"admin\",\"isPk\":\"1\",\"createTime\":1650715655000,\"tableId\":5,\"pk\":true,\"columnName\":\"company_id\"},{\"capJavaField\":\"CompantName\",\"usableColumn\":false,\"columnId\":40,\"isIncrement\":\"0\",\"increment\":false,\"insert\":true,\"isList\":\"1\",\"dictType\":\"\",\"required\":false,\"superColumn\":false,\"updateBy\":\"\",\"isInsert\":\"1\",\"javaField\":\"compantName\",\"htmlType\":\"input\",\"edit\":true,\"query\":true,\"isQuery\":\"1\",\"sort\":2,\"list\":true,\"params\":{},\"javaType\":\"String\",\"queryType\":\"LIKE\",\"columnType\":\"varchar(255)\",\"createBy\":\"admin\",\"isPk\":\"0\",\"createTime\":1650715655000,\"isEdit\":\"1\",\"tableId\":5,\"pk\":false,\"columnName\":\"compant_name\"},{\"capJavaField\":\"CompanyAddress\",\"usableColumn\":false,\"columnId\":41,\"isIncrement\":\"0\",\"increment\":false,\"insert\":true,\"isList\":\"1\",\"dictType\":\"\",\"required\":false,\"superColumn\":false,\"updateBy\":\"\",\"isInsert\":\"1\",\"javaField\":\"companyAddress\",\"htmlType\":\"input\",\"edit\":true,\"query\":true,\"isQuery\":\"1\",\"sort\":3,\"list\":true,\"params\":{},\"javaType\":\"String\",\"queryType\":\"EQ\",\"columnType\":\"varchar(255)\",\"createBy\":\"admin\",\"isPk\":\"0\",\"createTime\":1650715655000,\"isEdit\":\"1\",\"tableId\":5,\"pk\":false,\"columnName\":\"company_address\"},{\"capJavaField\":\"PostalCode\",\"usableColumn\":false,\"columnId\":42,\"isIncrement\":\"0\",\"increment\":false,\"insert\":true,\"isList\":\"1\",\"dictType\":\"\",\"required\":false,\"superColumn\":false,\"updateBy\":\"\",\"isInsert\":\"1\",\"javaField\":\"postalCode\",\"htmlType\":\"input\",\"edit\":true,\"query\":true,\"isQuery\":\"1\",\"sort\":4,\"list\":true,\"params\":{},\"javaType\":\"String\",\"queryType\":\"EQ\",\"columnType\":\"varchar(255)\",\"createBy\":\"admin\",\"isPk\":\"0\",\"createTime\":1650715655000,\"isEdit\":\"1\",','{\"msg\":\"操作成功\",\"code\":200}',0,NULL,'2022-04-26 18:51:10'),
(121,'代码生成',2,'zstu.epidemic.generator.controller.GenController.editSave()','PUT',1,'admin',NULL,'/tool/gen','127.0.0.1','内网IP','{\"sub\":false,\"functionAuthor\":\"iwan\",\"columns\":[{\"capJavaField\":\"ComplicationId\",\"usableColumn\":false,\"columnId\":53,\"isIncrement\":\"0\",\"increment\":false,\"insert\":true,\"dictType\":\"\",\"required\":false,\"superColumn\":false,\"updateBy\":\"\",\"isInsert\":\"1\",\"javaField\":\"complicationId\",\"htmlType\":\"input\",\"edit\":false,\"query\":false,\"columnComment\":\"并发症id\",\"sort\":1,\"list\":false,\"params\":{},\"javaType\":\"Long\",\"queryType\":\"EQ\",\"columnType\":\"bigint\",\"createBy\":\"admin\",\"isPk\":\"1\",\"createTime\":1650715655000,\"tableId\":6,\"pk\":true,\"columnName\":\"complication_id\"},{\"capJavaField\":\"InfectiousId\",\"usableColumn\":false,\"columnId\":54,\"isIncrement\":\"0\",\"increment\":false,\"insert\":true,\"isList\":\"1\",\"dictType\":\"\",\"required\":true,\"superColumn\":false,\"updateBy\":\"\",\"isInsert\":\"1\",\"isRequired\":\"1\",\"javaField\":\"infectiousId\",\"htmlType\":\"input\",\"edit\":true,\"query\":true,\"columnComment\":\"传染病id（引发）\",\"isQuery\":\"1\",\"sort\":2,\"list\":true,\"params\":{},\"javaType\":\"Long\",\"queryType\":\"EQ\",\"columnType\":\"bigint\",\"createBy\":\"admin\",\"isPk\":\"0\",\"createTime\":1650715655000,\"isEdit\":\"1\",\"tableId\":6,\"pk\":false,\"columnName\":\"infectious_id\"}],\"businessName\":\"complication\",\"moduleName\":\"illness\",\"className\":\"EpidemicComplication\",\"tableName\":\"epidemic_complication\",\"crud\":true,\"options\":\"{\\\"parentMenuId\\\":2001}\",\"genType\":\"0\",\"packageName\":\"zstu.epidemic.illness\",\"functionName\":\"并发症管理\",\"tree\":false,\"tableComment\":\"并发症管理\",\"params\":{\"parentMenuId\":2001},\"tplCategory\":\"crud\",\"parentMenuId\":\"2001\",\"tableId\":6,\"genPath\":\"/\"}','{\"msg\":\"操作成功\",\"code\":200}',0,NULL,'2022-04-26 18:52:00'),
(122,'代码生成',2,'zstu.epidemic.generator.controller.GenController.editSave()','PUT',1,'admin',NULL,'/tool/gen','127.0.0.1','内网IP','{\"sub\":false,\"functionAuthor\":\"iwan\",\"columns\":[{\"capJavaField\":\"CompanyId\",\"usableColumn\":false,\"columnId\":37,\"isIncrement\":\"0\",\"increment\":false,\"insert\":true,\"dictType\":\"\",\"required\":false,\"superColumn\":false,\"updateBy\":\"\",\"isInsert\":\"1\",\"javaField\":\"companyId\",\"htmlType\":\"input\",\"edit\":false,\"query\":false,\"updateTime\":1650970176000,\"sort\":1,\"list\":false,\"params\":{},\"javaType\":\"Long\",\"queryType\":\"EQ\",\"columnType\":\"bigint\",\"createBy\":\"admin\",\"isPk\":\"1\",\"createTime\":1650715655000,\"tableId\":4,\"pk\":true,\"columnName\":\"company_id\"},{\"capJavaField\":\"DrugId\",\"usableColumn\":false,\"columnId\":38,\"isIncrement\":\"0\",\"increment\":false,\"insert\":true,\"dictType\":\"\",\"required\":false,\"superColumn\":false,\"updateBy\":\"\",\"isInsert\":\"1\",\"javaField\":\"drugId\",\"htmlType\":\"input\",\"edit\":false,\"query\":false,\"updateTime\":1650970176000,\"sort\":2,\"list\":false,\"params\":{},\"javaType\":\"Long\",\"queryType\":\"EQ\",\"columnType\":\"bigint\",\"createBy\":\"admin\",\"isPk\":\"1\",\"createTime\":1650715655000,\"tableId\":4,\"pk\":true,\"columnName\":\"drug_id\"}],\"businessName\":\"company_drug\",\"moduleName\":\"illness\",\"className\":\"EpidemicComanyDrug\",\"tableName\":\"epidemic_comany_drug\",\"crud\":true,\"options\":\"{\\\"parentMenuId\\\":\\\"2001\\\"}\",\"genType\":\"0\",\"packageName\":\"zstu.epidemic.illness\",\"functionName\":\"company_drug\",\"tree\":false,\"tableComment\":\"药品企业关联\",\"params\":{\"parentMenuId\":\"2001\"},\"tplCategory\":\"crud\",\"parentMenuId\":\"2001\",\"tableId\":4,\"genPath\":\"/\"}','{\"msg\":\"操作成功\",\"code\":200}',0,NULL,'2022-04-26 18:52:16'),
(123,'代码生成',2,'zstu.epidemic.generator.controller.GenController.editSave()','PUT',1,'admin',NULL,'/tool/gen','127.0.0.1','内网IP','{\"sub\":false,\"functionAuthor\":\"iwan\",\"columns\":[{\"capJavaField\":\"DrugId\",\"usableColumn\":false,\"columnId\":55,\"isIncrement\":\"1\",\"increment\":true,\"insert\":true,\"dictType\":\"\",\"required\":false,\"superColumn\":false,\"updateBy\":\"\",\"isInsert\":\"1\",\"javaField\":\"drugId\",\"htmlType\":\"input\",\"edit\":false,\"query\":false,\"columnComment\":\"序号\",\"sort\":1,\"list\":false,\"params\":{},\"javaType\":\"Long\",\"queryType\":\"EQ\",\"columnType\":\"bigint\",\"createBy\":\"admin\",\"isPk\":\"1\",\"createTime\":1650715655000,\"tableId\":7,\"pk\":true,\"columnName\":\"drug_id\"},{\"capJavaField\":\"DrugName\",\"usableColumn\":false,\"columnId\":56,\"isIncrement\":\"0\",\"increment\":false,\"insert\":true,\"isList\":\"1\",\"dictType\":\"\",\"required\":true,\"superColumn\":false,\"updateBy\":\"\",\"isInsert\":\"1\",\"isRequired\":\"1\",\"javaField\":\"drugName\",\"htmlType\":\"input\",\"edit\":true,\"query\":true,\"columnComment\":\"药品名称\",\"isQuery\":\"1\",\"sort\":2,\"list\":true,\"params\":{},\"javaType\":\"String\",\"queryType\":\"LIKE\",\"columnType\":\"varchar(255)\",\"createBy\":\"admin\",\"isPk\":\"0\",\"createTime\":1650715655000,\"isEdit\":\"1\",\"tableId\":7,\"pk\":false,\"columnName\":\"drug_name\"},{\"capJavaField\":\"Ingredient\",\"usableColumn\":false,\"columnId\":57,\"isIncrement\":\"0\",\"increment\":false,\"insert\":true,\"isList\":\"1\",\"dictType\":\"\",\"required\":true,\"superColumn\":false,\"updateBy\":\"\",\"isInsert\":\"1\",\"isRequired\":\"1\",\"javaField\":\"ingredient\",\"htmlType\":\"input\",\"edit\":true,\"query\":true,\"columnComment\":\"成分\",\"isQuery\":\"1\",\"sort\":3,\"list\":true,\"params\":{},\"javaType\":\"String\",\"queryType\":\"EQ\",\"columnType\":\"varchar(255)\",\"createBy\":\"admin\",\"isPk\":\"0\",\"createTime\":1650715655000,\"isEdit\":\"1\",\"tableId\":7,\"pk\":false,\"columnName\":\"ingredient\"},{\"capJavaField\":\"Appearance\",\"usableColumn\":false,\"columnId\":58,\"isIncrement\":\"0\",\"increment\":false,\"insert\":true,\"isList\":\"1\",\"dictType\":\"\",\"required\":true,\"superColumn\":false,\"updateBy\":\"\",\"isInsert\":\"1\",\"isRequired\":\"1\",\"javaField\":\"appearance\",\"htmlType\":\"input\",\"edit\":true,\"query\":true,\"columnComment\":\"药品特征\",\"isQuery\":\"1\",\"sort\":4,\"list\":true,\"params\":{},\"javaType\":\"String\",\"queryType','{\"msg\":\"操作成功\",\"code\":200}',0,NULL,'2022-04-26 18:52:53'),
(124,'代码生成',2,'zstu.epidemic.generator.controller.GenController.editSave()','PUT',1,'admin',NULL,'/tool/gen','127.0.0.1','内网IP','{\"sub\":false,\"functionAuthor\":\"iwan\",\"columns\":[{\"capJavaField\":\"RegionId\",\"usableColumn\":false,\"columnId\":75,\"isIncrement\":\"1\",\"increment\":true,\"insert\":true,\"dictType\":\"\",\"required\":false,\"superColumn\":false,\"updateBy\":\"\",\"isInsert\":\"1\",\"javaField\":\"regionId\",\"htmlType\":\"input\",\"edit\":false,\"query\":false,\"columnComment\":\"地区id\",\"sort\":1,\"list\":false,\"params\":{},\"javaType\":\"Long\",\"queryType\":\"EQ\",\"columnType\":\"bigint\",\"createBy\":\"admin\",\"isPk\":\"1\",\"createTime\":1650715655000,\"tableId\":8,\"pk\":true,\"columnName\":\"region_id\"},{\"capJavaField\":\"Province\",\"usableColumn\":false,\"columnId\":76,\"isIncrement\":\"0\",\"increment\":false,\"insert\":true,\"isList\":\"1\",\"dictType\":\"\",\"required\":true,\"superColumn\":false,\"updateBy\":\"\",\"isInsert\":\"1\",\"isRequired\":\"1\",\"javaField\":\"province\",\"htmlType\":\"input\",\"edit\":true,\"query\":true,\"columnComment\":\"省份\",\"isQuery\":\"1\",\"sort\":2,\"list\":true,\"params\":{},\"javaType\":\"String\",\"queryType\":\"EQ\",\"columnType\":\"varchar(30)\",\"createBy\":\"admin\",\"isPk\":\"0\",\"createTime\":1650715655000,\"isEdit\":\"1\",\"tableId\":8,\"pk\":false,\"columnName\":\"province\"},{\"capJavaField\":\"City\",\"usableColumn\":false,\"columnId\":77,\"isIncrement\":\"0\",\"increment\":false,\"insert\":true,\"isList\":\"1\",\"dictType\":\"\",\"required\":true,\"superColumn\":false,\"updateBy\":\"\",\"isInsert\":\"1\",\"isRequired\":\"1\",\"javaField\":\"city\",\"htmlType\":\"input\",\"edit\":true,\"query\":true,\"columnComment\":\"市级名\",\"isQuery\":\"1\",\"sort\":3,\"list\":true,\"params\":{},\"javaType\":\"String\",\"queryType\":\"EQ\",\"columnType\":\"varchar(30)\",\"createBy\":\"admin\",\"isPk\":\"0\",\"createTime\":1650715655000,\"isEdit\":\"1\",\"tableId\":8,\"pk\":false,\"columnName\":\"city\"},{\"capJavaField\":\"District\",\"usableColumn\":false,\"columnId\":78,\"isIncrement\":\"0\",\"increment\":false,\"insert\":true,\"isList\":\"1\",\"dictType\":\"\",\"required\":true,\"superColumn\":false,\"updateBy\":\"\",\"isInsert\":\"1\",\"isRequired\":\"1\",\"javaField\":\"district\",\"htmlType\":\"input\",\"edit\":true,\"query\":true,\"columnComment\":\"区级名\",\"isQuery\":\"1\",\"sort\":4,\"list\":true,\"params\":{},\"javaType\":\"String\",\"queryType\":\"EQ\",\"columnType\":\"','{\"msg\":\"操作成功\",\"code\":200}',0,NULL,'2022-04-26 18:53:35'),
(125,'代码生成',2,'zstu.epidemic.generator.controller.GenController.editSave()','PUT',1,'admin',NULL,'/tool/gen','127.0.0.1','内网IP','{\"sub\":true,\"subTableName\":\"epidemic_illness\",\"functionAuthor\":\"iwan\",\"columns\":[{\"capJavaField\":\"SequelaeId\",\"usableColumn\":false,\"columnId\":86,\"isIncrement\":\"0\",\"increment\":false,\"insert\":true,\"dictType\":\"\",\"required\":false,\"superColumn\":false,\"updateBy\":\"\",\"isInsert\":\"1\",\"javaField\":\"sequelaeId\",\"htmlType\":\"input\",\"edit\":false,\"query\":false,\"columnComment\":\"后遗症id\",\"sort\":1,\"list\":false,\"params\":{},\"javaType\":\"Long\",\"queryType\":\"EQ\",\"columnType\":\"bigint\",\"createBy\":\"admin\",\"isPk\":\"1\",\"createTime\":1650715655000,\"tableId\":9,\"pk\":true,\"columnName\":\"sequelae_id\"},{\"capJavaField\":\"InfectiousId\",\"usableColumn\":false,\"columnId\":87,\"isIncrement\":\"0\",\"increment\":false,\"insert\":true,\"isList\":\"1\",\"dictType\":\"\",\"required\":true,\"superColumn\":false,\"updateBy\":\"\",\"isInsert\":\"1\",\"isRequired\":\"1\",\"javaField\":\"infectiousId\",\"htmlType\":\"input\",\"edit\":true,\"query\":true,\"columnComment\":\"传染病id（引发）\",\"isQuery\":\"1\",\"sort\":2,\"list\":true,\"params\":{},\"javaType\":\"Long\",\"queryType\":\"EQ\",\"columnType\":\"bigint\",\"createBy\":\"admin\",\"isPk\":\"0\",\"createTime\":1650715655000,\"isEdit\":\"1\",\"tableId\":9,\"pk\":false,\"columnName\":\"infectious_id\"}],\"businessName\":\"sequelae\",\"moduleName\":\"illness\",\"className\":\"EpidemicSequelae\",\"tableName\":\"epidemic_sequelae\",\"crud\":false,\"options\":\"{\\\"parentMenuId\\\":2001}\",\"subTableFkName\":\"illness_id\",\"genType\":\"0\",\"packageName\":\"zstu.epidemic.system\",\"functionName\":\"sequelae\",\"tree\":false,\"tableComment\":\"后遗症管理\",\"params\":{\"parentMenuId\":2001},\"tplCategory\":\"sub\",\"parentMenuId\":\"2001\",\"tableId\":9,\"genPath\":\"/\"}','{\"msg\":\"操作成功\",\"code\":200}',0,NULL,'2022-04-26 18:54:14'),
(126,'代码生成',2,'zstu.epidemic.generator.controller.GenController.editSave()','PUT',1,'admin',NULL,'/tool/gen','127.0.0.1','内网IP','{\"sub\":true,\"subTableName\":\"epidemic_illness\",\"functionAuthor\":\"iwan\",\"columns\":[{\"capJavaField\":\"ComplicationId\",\"usableColumn\":false,\"columnId\":53,\"isIncrement\":\"0\",\"increment\":false,\"insert\":true,\"dictType\":\"\",\"required\":false,\"superColumn\":false,\"updateBy\":\"\",\"isInsert\":\"1\",\"javaField\":\"complicationId\",\"htmlType\":\"input\",\"edit\":false,\"query\":false,\"columnComment\":\"并发症id\",\"updateTime\":1650970320000,\"sort\":1,\"list\":false,\"params\":{},\"javaType\":\"Long\",\"queryType\":\"EQ\",\"columnType\":\"bigint\",\"createBy\":\"admin\",\"isPk\":\"1\",\"createTime\":1650715655000,\"tableId\":6,\"pk\":true,\"columnName\":\"complication_id\"},{\"capJavaField\":\"InfectiousId\",\"usableColumn\":false,\"columnId\":54,\"isIncrement\":\"0\",\"increment\":false,\"insert\":true,\"isList\":\"1\",\"dictType\":\"\",\"required\":true,\"superColumn\":false,\"updateBy\":\"\",\"isInsert\":\"1\",\"isRequired\":\"1\",\"javaField\":\"infectiousId\",\"htmlType\":\"input\",\"edit\":true,\"query\":true,\"columnComment\":\"传染病id（引发）\",\"isQuery\":\"1\",\"updateTime\":1650970320000,\"sort\":2,\"list\":true,\"params\":{},\"javaType\":\"Long\",\"queryType\":\"EQ\",\"columnType\":\"bigint\",\"createBy\":\"admin\",\"isPk\":\"0\",\"createTime\":1650715655000,\"isEdit\":\"1\",\"tableId\":6,\"pk\":false,\"columnName\":\"infectious_id\"}],\"businessName\":\"complication\",\"moduleName\":\"illness\",\"className\":\"EpidemicComplication\",\"tableName\":\"epidemic_complication\",\"crud\":false,\"options\":\"{\\\"parentMenuId\\\":\\\"2001\\\"}\",\"subTableFkName\":\"illness_id\",\"genType\":\"0\",\"packageName\":\"zstu.epidemic.illness\",\"functionName\":\"并发症管理\",\"tree\":false,\"tableComment\":\"并发症管理\",\"params\":{\"parentMenuId\":\"2001\"},\"tplCategory\":\"sub\",\"parentMenuId\":\"2001\",\"tableId\":6,\"genPath\":\"/\"}','{\"msg\":\"操作成功\",\"code\":200}',0,NULL,'2022-04-26 18:54:41'),
(127,'代码生成',2,'zstu.epidemic.generator.controller.GenController.editSave()','PUT',1,'admin',NULL,'/tool/gen','127.0.0.1','内网IP','{\"sub\":false,\"functionAuthor\":\"iwan\",\"columns\":[{\"capJavaField\":\"TransmissionId\",\"usableColumn\":false,\"columnId\":88,\"isIncrement\":\"1\",\"increment\":true,\"insert\":true,\"dictType\":\"\",\"required\":false,\"superColumn\":false,\"updateBy\":\"\",\"isInsert\":\"1\",\"javaField\":\"transmissionId\",\"htmlType\":\"input\",\"edit\":false,\"query\":false,\"columnComment\":\"传播途径id\",\"sort\":1,\"list\":false,\"params\":{},\"javaType\":\"Long\",\"queryType\":\"EQ\",\"columnType\":\"bigint\",\"createBy\":\"admin\",\"isPk\":\"1\",\"createTime\":1650715655000,\"tableId\":10,\"pk\":true,\"columnName\":\"transmission_id\"},{\"capJavaField\":\"TransmissionName\",\"usableColumn\":false,\"columnId\":89,\"isIncrement\":\"0\",\"increment\":false,\"insert\":true,\"isList\":\"1\",\"dictType\":\"\",\"required\":true,\"superColumn\":false,\"updateBy\":\"\",\"isInsert\":\"1\",\"isRequired\":\"1\",\"javaField\":\"transmissionName\",\"htmlType\":\"input\",\"edit\":true,\"query\":true,\"columnComment\":\"传播途径名\",\"isQuery\":\"1\",\"sort\":2,\"list\":true,\"params\":{},\"javaType\":\"String\",\"queryType\":\"LIKE\",\"columnType\":\"varchar(30)\",\"createBy\":\"admin\",\"isPk\":\"0\",\"createTime\":1650715655000,\"isEdit\":\"1\",\"tableId\":10,\"pk\":false,\"columnName\":\"transmission_name\"},{\"capJavaField\":\"Distance\",\"usableColumn\":false,\"columnId\":90,\"isIncrement\":\"0\",\"increment\":false,\"insert\":true,\"isList\":\"1\",\"dictType\":\"\",\"required\":true,\"superColumn\":false,\"updateBy\":\"\",\"isInsert\":\"1\",\"isRequired\":\"1\",\"javaField\":\"distance\",\"htmlType\":\"input\",\"edit\":true,\"query\":true,\"columnComment\":\"影响范围\",\"isQuery\":\"1\",\"sort\":3,\"list\":true,\"params\":{},\"javaType\":\"String\",\"queryType\":\"EQ\",\"columnType\":\"varchar(10)\",\"createBy\":\"admin\",\"isPk\":\"0\",\"createTime\":1650715655000,\"isEdit\":\"1\",\"tableId\":10,\"pk\":false,\"columnName\":\"distance\"},{\"capJavaField\":\"Duration\",\"usableColumn\":false,\"columnId\":91,\"isIncrement\":\"0\",\"increment\":false,\"insert\":true,\"isList\":\"1\",\"dictType\":\"\",\"required\":true,\"superColumn\":false,\"updateBy\":\"\",\"isInsert\":\"1\",\"isRequired\":\"1\",\"javaField\":\"duration\",\"htmlType\":\"input\",\"edit\":true,\"query\":true,\"columnComment\":\"持续时间\",\"isQuery\":\"1\",\"sort\":4,\"list\":t','{\"msg\":\"操作成功\",\"code\":200}',0,NULL,'2022-04-26 18:56:15'),
(128,'代码生成',2,'zstu.epidemic.generator.controller.GenController.editSave()','PUT',1,'admin',NULL,'/tool/gen','127.0.0.1','内网IP','{\"sub\":true,\"subTableName\":\"epidemic_illness\",\"functionAuthor\":\"iwan\",\"columns\":[{\"capJavaField\":\"DrugId\",\"usableColumn\":false,\"columnId\":99,\"isIncrement\":\"1\",\"increment\":true,\"insert\":true,\"dictType\":\"\",\"required\":false,\"superColumn\":false,\"updateBy\":\"\",\"isInsert\":\"1\",\"javaField\":\"drugId\",\"htmlType\":\"input\",\"edit\":false,\"query\":false,\"sort\":1,\"list\":false,\"params\":{},\"javaType\":\"Long\",\"queryType\":\"EQ\",\"columnType\":\"bigint\",\"createBy\":\"admin\",\"isPk\":\"1\",\"createTime\":1650715670000,\"tableId\":11,\"pk\":true,\"columnName\":\"drug_id\"},{\"capJavaField\":\"IllnessId\",\"usableColumn\":false,\"columnId\":100,\"isIncrement\":\"0\",\"increment\":false,\"insert\":true,\"dictType\":\"\",\"required\":false,\"superColumn\":false,\"updateBy\":\"\",\"isInsert\":\"1\",\"javaField\":\"illnessId\",\"htmlType\":\"input\",\"edit\":false,\"query\":false,\"sort\":2,\"list\":false,\"params\":{},\"javaType\":\"Long\",\"queryType\":\"EQ\",\"columnType\":\"bigint\",\"createBy\":\"admin\",\"isPk\":\"1\",\"createTime\":1650715670000,\"tableId\":11,\"pk\":true,\"columnName\":\"illness_id\"}],\"businessName\":\"drug\",\"moduleName\":\"illness\",\"className\":\"EpidemicDrugIllness\",\"tableName\":\"epidemic_drug_illness\",\"crud\":false,\"options\":\"{\\\"parentMenuId\\\":2001}\",\"subTableFkName\":\"illness_id\",\"genType\":\"0\",\"packageName\":\"zstu.epidemic.illness\",\"functionName\":\"药品管理\",\"tree\":false,\"tableComment\":\"药品管理\",\"params\":{\"parentMenuId\":2001},\"tplCategory\":\"sub\",\"parentMenuId\":\"2001\",\"tableId\":11,\"genPath\":\"/\"}','{\"msg\":\"操作成功\",\"code\":200}',0,NULL,'2022-04-26 18:57:23'),
(129,'代码生成',2,'zstu.epidemic.generator.controller.GenController.editSave()','PUT',1,'admin',NULL,'/tool/gen','127.0.0.1','内网IP','{\"sub\":false,\"functionAuthor\":\"iwan\",\"columns\":[{\"capJavaField\":\"ExpertId\",\"usableColumn\":false,\"columnId\":101,\"isIncrement\":\"1\",\"increment\":true,\"insert\":true,\"dictType\":\"\",\"required\":false,\"superColumn\":false,\"updateBy\":\"\",\"isInsert\":\"1\",\"javaField\":\"expertId\",\"htmlType\":\"input\",\"edit\":false,\"query\":false,\"columnComment\":\"专家id\",\"sort\":1,\"list\":false,\"params\":{},\"javaType\":\"Long\",\"queryType\":\"EQ\",\"columnType\":\"bigint\",\"createBy\":\"admin\",\"isPk\":\"1\",\"createTime\":1650715670000,\"tableId\":12,\"pk\":true,\"columnName\":\"expert_id\"},{\"capJavaField\":\"ExpertName\",\"usableColumn\":false,\"columnId\":102,\"isIncrement\":\"0\",\"increment\":false,\"insert\":true,\"isList\":\"1\",\"dictType\":\"\",\"required\":true,\"superColumn\":false,\"updateBy\":\"\",\"isInsert\":\"1\",\"isRequired\":\"1\",\"javaField\":\"expertName\",\"htmlType\":\"input\",\"edit\":true,\"query\":true,\"columnComment\":\"专家姓名\",\"isQuery\":\"1\",\"sort\":2,\"list\":true,\"params\":{},\"javaType\":\"String\",\"queryType\":\"LIKE\",\"columnType\":\"varchar(30)\",\"createBy\":\"admin\",\"isPk\":\"0\",\"createTime\":1650715670000,\"isEdit\":\"1\",\"tableId\":12,\"pk\":false,\"columnName\":\"expert_name\"},{\"capJavaField\":\"ExpertSex\",\"usableColumn\":false,\"columnId\":103,\"isIncrement\":\"0\",\"increment\":false,\"insert\":true,\"isList\":\"1\",\"dictType\":\"\",\"required\":true,\"superColumn\":false,\"updateBy\":\"\",\"isInsert\":\"1\",\"isRequired\":\"1\",\"javaField\":\"expertSex\",\"htmlType\":\"select\",\"edit\":true,\"query\":true,\"columnComment\":\"专家性别\",\"isQuery\":\"1\",\"sort\":3,\"list\":true,\"params\":{},\"javaType\":\"String\",\"queryType\":\"EQ\",\"columnType\":\"char(1)\",\"createBy\":\"admin\",\"isPk\":\"0\",\"createTime\":1650715670000,\"isEdit\":\"1\",\"tableId\":12,\"pk\":false,\"columnName\":\"expert_sex\"},{\"capJavaField\":\"ExpertAge\",\"usableColumn\":false,\"columnId\":104,\"isIncrement\":\"0\",\"increment\":false,\"insert\":true,\"isList\":\"1\",\"dictType\":\"\",\"required\":true,\"superColumn\":false,\"updateBy\":\"\",\"isInsert\":\"1\",\"isRequired\":\"1\",\"javaField\":\"expertAge\",\"htmlType\":\"input\",\"edit\":true,\"query\":true,\"columnComment\":\"专家年龄\",\"isQuery\":\"1\",\"sort\":4,\"list\":true,\"params\":{},\"javaType\":\"Long','{\"msg\":\"操作成功\",\"code\":200}',0,NULL,'2022-04-26 18:58:13'),
(130,'代码生成',2,'zstu.epidemic.generator.controller.GenController.editSave()','PUT',1,'admin',NULL,'/tool/gen','127.0.0.1','内网IP','{\"sub\":false,\"functionAuthor\":\"iwan\",\"columns\":[{\"capJavaField\":\"FactoryId\",\"usableColumn\":false,\"columnId\":120,\"isIncrement\":\"1\",\"increment\":true,\"insert\":true,\"dictType\":\"\",\"required\":false,\"superColumn\":false,\"updateBy\":\"\",\"isInsert\":\"1\",\"javaField\":\"factoryId\",\"htmlType\":\"input\",\"edit\":false,\"query\":false,\"sort\":1,\"list\":false,\"params\":{},\"javaType\":\"Long\",\"queryType\":\"EQ\",\"columnType\":\"bigint\",\"createBy\":\"admin\",\"isPk\":\"1\",\"createTime\":1650715670000,\"tableId\":13,\"pk\":true,\"columnName\":\"factory_id\"},{\"capJavaField\":\"FactoryName\",\"usableColumn\":false,\"columnId\":121,\"isIncrement\":\"0\",\"increment\":false,\"insert\":true,\"isList\":\"1\",\"dictType\":\"\",\"required\":true,\"superColumn\":false,\"updateBy\":\"\",\"isInsert\":\"1\",\"isRequired\":\"1\",\"javaField\":\"factoryName\",\"htmlType\":\"input\",\"edit\":true,\"query\":true,\"isQuery\":\"1\",\"sort\":2,\"list\":true,\"params\":{},\"javaType\":\"String\",\"queryType\":\"LIKE\",\"columnType\":\"varchar(255)\",\"createBy\":\"admin\",\"isPk\":\"0\",\"createTime\":1650715670000,\"isEdit\":\"1\",\"tableId\":13,\"pk\":false,\"columnName\":\"factory_name\"},{\"capJavaField\":\"FactoryAddress\",\"usableColumn\":false,\"columnId\":122,\"isIncrement\":\"0\",\"increment\":false,\"insert\":true,\"isList\":\"1\",\"dictType\":\"\",\"required\":true,\"superColumn\":false,\"updateBy\":\"\",\"isInsert\":\"1\",\"isRequired\":\"1\",\"javaField\":\"factoryAddress\",\"htmlType\":\"input\",\"edit\":true,\"query\":true,\"isQuery\":\"1\",\"sort\":3,\"list\":true,\"params\":{},\"javaType\":\"String\",\"queryType\":\"EQ\",\"columnType\":\"varchar(255)\",\"createBy\":\"admin\",\"isPk\":\"0\",\"createTime\":1650715670000,\"isEdit\":\"1\",\"tableId\":13,\"pk\":false,\"columnName\":\"factory_address\"},{\"capJavaField\":\"PostalCode\",\"usableColumn\":false,\"columnId\":123,\"isIncrement\":\"0\",\"increment\":false,\"insert\":true,\"isList\":\"1\",\"dictType\":\"\",\"required\":true,\"superColumn\":false,\"updateBy\":\"\",\"isInsert\":\"1\",\"isRequired\":\"1\",\"javaField\":\"postalCode\",\"htmlType\":\"input\",\"edit\":true,\"query\":true,\"isQuery\":\"1\",\"sort\":4,\"list\":true,\"params\":{},\"javaType\":\"String\",\"queryType\":\"EQ\",\"columnType\":\"varchar(255)\",\"createBy\":\"adm','{\"msg\":\"操作成功\",\"code\":200}',0,NULL,'2022-04-26 18:59:04'),
(131,'代码生成',2,'zstu.epidemic.generator.controller.GenController.editSave()','PUT',1,'admin',NULL,'/tool/gen','127.0.0.1','内网IP','{\"sub\":false,\"subTableName\":\"\",\"functionAuthor\":\"iwan\",\"columns\":[{\"capJavaField\":\"PatientId\",\"usableColumn\":false,\"columnId\":133,\"isIncrement\":\"0\",\"increment\":false,\"insert\":true,\"dictType\":\"\",\"required\":false,\"superColumn\":false,\"updateBy\":\"\",\"isInsert\":\"1\",\"javaField\":\"patientId\",\"htmlType\":\"input\",\"edit\":false,\"query\":false,\"columnComment\":\"病人id\",\"sort\":1,\"list\":false,\"params\":{},\"javaType\":\"Long\",\"queryType\":\"EQ\",\"columnType\":\"bigint\",\"createBy\":\"admin\",\"isPk\":\"1\",\"createTime\":1650715671000,\"tableId\":14,\"pk\":true,\"columnName\":\"patient_id\"},{\"capJavaField\":\"IllnessId\",\"usableColumn\":false,\"columnId\":134,\"isIncrement\":\"0\",\"increment\":false,\"insert\":true,\"dictType\":\"\",\"required\":false,\"superColumn\":false,\"updateBy\":\"\",\"isInsert\":\"1\",\"javaField\":\"illnessId\",\"htmlType\":\"input\",\"edit\":false,\"query\":false,\"columnComment\":\"病id（病史未登记）\",\"sort\":2,\"list\":false,\"params\":{},\"javaType\":\"Long\",\"queryType\":\"EQ\",\"columnType\":\"bigint\",\"createBy\":\"admin\",\"isPk\":\"1\",\"createTime\":1650715671000,\"tableId\":14,\"pk\":true,\"columnName\":\"illness_id\"}],\"businessName\":\"history_patient\",\"moduleName\":\"case\",\"className\":\"EpidemicHistoryPatient\",\"tableName\":\"epidemic_history_patient\",\"crud\":true,\"options\":\"{\\\"parentMenuId\\\":2000}\",\"subTableFkName\":\"\",\"genType\":\"0\",\"packageName\":\"zstu.epidemic.case\",\"functionName\":\"病史管理\",\"tree\":false,\"tableComment\":\"病史管理\",\"params\":{\"parentMenuId\":2000},\"tplCategory\":\"crud\",\"parentMenuId\":\"2000\",\"tableId\":14,\"genPath\":\"/\"}','{\"msg\":\"操作成功\",\"code\":200}',0,NULL,'2022-04-26 19:00:22'),
(132,'代码生成',2,'zstu.epidemic.generator.controller.GenController.editSave()','PUT',1,'admin',NULL,'/tool/gen','127.0.0.1','内网IP','{\"sub\":false,\"subTableName\":\"\",\"functionAuthor\":\"iwan\",\"columns\":[{\"capJavaField\":\"CaseId\",\"usableColumn\":false,\"columnId\":1,\"isIncrement\":\"1\",\"increment\":true,\"insert\":true,\"required\":false,\"superColumn\":false,\"isInsert\":\"1\",\"javaField\":\"caseId\",\"htmlType\":\"input\",\"edit\":false,\"query\":false,\"columnComment\":\"病例id\",\"updateTime\":1650970077000,\"sort\":1,\"list\":false,\"params\":{},\"javaType\":\"Long\",\"queryType\":\"EQ\",\"columnType\":\"bigint\",\"createBy\":\"admin\",\"isPk\":\"1\",\"createTime\":1650715655000,\"tableId\":1,\"pk\":true,\"columnName\":\"case_id\"},{\"capJavaField\":\"PatientId\",\"usableColumn\":false,\"columnId\":2,\"isIncrement\":\"0\",\"increment\":false,\"insert\":true,\"isList\":\"1\",\"dictType\":\"\",\"required\":true,\"superColumn\":false,\"isInsert\":\"1\",\"isRequired\":\"1\",\"javaField\":\"patientId\",\"htmlType\":\"input\",\"edit\":true,\"query\":true,\"columnComment\":\"患者id\",\"isQuery\":\"1\",\"updateTime\":1650970077000,\"sort\":2,\"list\":true,\"params\":{},\"javaType\":\"Long\",\"queryType\":\"EQ\",\"columnType\":\"bigint\",\"createBy\":\"admin\",\"isPk\":\"0\",\"createTime\":1650715655000,\"isEdit\":\"1\",\"tableId\":1,\"pk\":false,\"columnName\":\"patient_id\"},{\"capJavaField\":\"IllnessId\",\"usableColumn\":false,\"columnId\":3,\"isIncrement\":\"0\",\"increment\":false,\"insert\":true,\"isList\":\"1\",\"dictType\":\"\",\"required\":true,\"superColumn\":false,\"isInsert\":\"1\",\"isRequired\":\"1\",\"javaField\":\"illnessId\",\"htmlType\":\"input\",\"edit\":true,\"query\":true,\"columnComment\":\"病id\",\"isQuery\":\"1\",\"updateTime\":1650970077000,\"sort\":3,\"list\":true,\"params\":{},\"javaType\":\"Long\",\"queryType\":\"EQ\",\"columnType\":\"bigint\",\"createBy\":\"admin\",\"isPk\":\"0\",\"createTime\":1650715655000,\"isEdit\":\"1\",\"tableId\":1,\"pk\":false,\"columnName\":\"illness_id\"},{\"capJavaField\":\"InfectedRegionId\",\"usableColumn\":false,\"columnId\":4,\"isIncrement\":\"0\",\"increment\":false,\"insert\":true,\"isList\":\"1\",\"dictType\":\"\",\"required\":true,\"superColumn\":false,\"isInsert\":\"1\",\"isRequired\":\"1\",\"javaField\":\"infectedRegionId\",\"htmlType\":\"input\",\"edit\":true,\"query\":true,\"columnComment\":\"感染地区id\",\"isQuery\":\"1\",\"updateTime\":1650970077000,\"sort\":4,\"l','{\"msg\":\"操作成功\",\"code\":200}',0,NULL,'2022-04-26 19:00:53'),
(133,'代码生成',2,'zstu.epidemic.generator.controller.GenController.editSave()','PUT',1,'admin',NULL,'/tool/gen','127.0.0.1','内网IP','{\"sub\":false,\"functionAuthor\":\"iwan\",\"columns\":[{\"capJavaField\":\"CaseHospitalId\",\"usableColumn\":false,\"columnId\":17,\"isIncrement\":\"1\",\"increment\":true,\"insert\":true,\"dictType\":\"\",\"required\":false,\"superColumn\":false,\"updateBy\":\"\",\"isInsert\":\"1\",\"javaField\":\"caseHospitalId\",\"htmlType\":\"input\",\"edit\":false,\"query\":false,\"columnComment\":\"病例医院id\",\"updateTime\":1650716473000,\"sort\":1,\"list\":false,\"params\":{},\"javaType\":\"Long\",\"queryType\":\"EQ\",\"columnType\":\"bigint\",\"createBy\":\"admin\",\"isPk\":\"1\",\"createTime\":1650715655000,\"tableId\":2,\"pk\":true,\"columnName\":\"case_hospital_id\"},{\"capJavaField\":\"CaseId\",\"usableColumn\":false,\"columnId\":18,\"isIncrement\":\"0\",\"increment\":false,\"insert\":true,\"isList\":\"1\",\"dictType\":\"\",\"required\":true,\"superColumn\":false,\"updateBy\":\"\",\"isInsert\":\"1\",\"isRequired\":\"1\",\"javaField\":\"caseId\",\"htmlType\":\"input\",\"edit\":true,\"query\":true,\"columnComment\":\"病例id\",\"isQuery\":\"1\",\"updateTime\":1650716473000,\"sort\":2,\"list\":true,\"params\":{},\"javaType\":\"Long\",\"queryType\":\"EQ\",\"columnType\":\"bigint\",\"createBy\":\"admin\",\"isPk\":\"0\",\"createTime\":1650715655000,\"isEdit\":\"1\",\"tableId\":2,\"pk\":false,\"columnName\":\"case_id\"},{\"capJavaField\":\"HospitalId\",\"usableColumn\":false,\"columnId\":19,\"isIncrement\":\"0\",\"increment\":false,\"insert\":true,\"isList\":\"1\",\"dictType\":\"\",\"required\":true,\"superColumn\":false,\"updateBy\":\"\",\"isInsert\":\"1\",\"isRequired\":\"1\",\"javaField\":\"hospitalId\",\"htmlType\":\"input\",\"edit\":true,\"query\":true,\"columnComment\":\"医院id\",\"isQuery\":\"1\",\"updateTime\":1650716473000,\"sort\":3,\"list\":true,\"params\":{},\"javaType\":\"Long\",\"queryType\":\"EQ\",\"columnType\":\"bigint\",\"createBy\":\"admin\",\"isPk\":\"0\",\"createTime\":1650715655000,\"isEdit\":\"1\",\"tableId\":2,\"pk\":false,\"columnName\":\"hospital_id\"},{\"capJavaField\":\"VisitTime\",\"usableColumn\":false,\"columnId\":20,\"isIncrement\":\"0\",\"increment\":false,\"insert\":true,\"isList\":\"1\",\"dictType\":\"\",\"required\":true,\"superColumn\":false,\"updateBy\":\"\",\"isInsert\":\"1\",\"isRequired\":\"1\",\"javaField\":\"visitTime\",\"htmlType\":\"input\",\"edit\":true,\"query\":true,\"columnCommen','{\"msg\":\"操作成功\",\"code\":200}',0,NULL,'2022-04-26 19:01:05'),
(134,'代码生成',2,'zstu.epidemic.generator.controller.GenController.editSave()','PUT',1,'admin',NULL,'/tool/gen','127.0.0.1','内网IP','{\"sub\":false,\"functionAuthor\":\"iwan\",\"columns\":[{\"capJavaField\":\"CompanyId\",\"usableColumn\":false,\"columnId\":37,\"isIncrement\":\"0\",\"increment\":false,\"insert\":true,\"dictType\":\"\",\"required\":false,\"superColumn\":false,\"updateBy\":\"\",\"isInsert\":\"1\",\"javaField\":\"companyId\",\"htmlType\":\"input\",\"edit\":false,\"query\":false,\"updateTime\":1650970336000,\"sort\":1,\"list\":false,\"params\":{},\"javaType\":\"Long\",\"queryType\":\"EQ\",\"columnType\":\"bigint\",\"createBy\":\"admin\",\"isPk\":\"1\",\"createTime\":1650715655000,\"tableId\":4,\"pk\":true,\"columnName\":\"company_id\"},{\"capJavaField\":\"DrugId\",\"usableColumn\":false,\"columnId\":38,\"isIncrement\":\"0\",\"increment\":false,\"insert\":true,\"dictType\":\"\",\"required\":false,\"superColumn\":false,\"updateBy\":\"\",\"isInsert\":\"1\",\"javaField\":\"drugId\",\"htmlType\":\"input\",\"edit\":false,\"query\":false,\"updateTime\":1650970336000,\"sort\":2,\"list\":false,\"params\":{},\"javaType\":\"Long\",\"queryType\":\"EQ\",\"columnType\":\"bigint\",\"createBy\":\"admin\",\"isPk\":\"1\",\"createTime\":1650715655000,\"tableId\":4,\"pk\":true,\"columnName\":\"drug_id\"}],\"businessName\":\"company_drug\",\"moduleName\":\"illness\",\"className\":\"EpidemicComanyDrug\",\"tableName\":\"epidemic_comany_drug\",\"crud\":true,\"options\":\"{\\\"parentMenuId\\\":\\\"2001\\\"}\",\"genType\":\"0\",\"packageName\":\"zstu.epidemic.illness\",\"functionName\":\"company_drug\",\"tree\":false,\"tableComment\":\"药品企业关联\",\"params\":{\"parentMenuId\":\"2001\"},\"tplCategory\":\"crud\",\"parentMenuId\":\"2001\",\"tableId\":4,\"genPath\":\"/\"}','{\"msg\":\"操作成功\",\"code\":200}',0,NULL,'2022-04-26 19:01:43'),
(135,'代码生成',2,'zstu.epidemic.generator.controller.GenController.editSave()','PUT',1,'admin',NULL,'/tool/gen','127.0.0.1','内网IP','{\"sub\":false,\"subTableName\":\"\",\"functionAuthor\":\"iwan\",\"columns\":[{\"capJavaField\":\"ComplicationId\",\"usableColumn\":false,\"columnId\":53,\"isIncrement\":\"0\",\"increment\":false,\"insert\":true,\"dictType\":\"\",\"required\":false,\"superColumn\":false,\"updateBy\":\"\",\"isInsert\":\"1\",\"javaField\":\"complicationId\",\"htmlType\":\"input\",\"edit\":false,\"query\":false,\"columnComment\":\"并发症id\",\"updateTime\":1650970481000,\"sort\":1,\"list\":false,\"params\":{},\"javaType\":\"Long\",\"queryType\":\"EQ\",\"columnType\":\"bigint\",\"createBy\":\"admin\",\"isPk\":\"1\",\"createTime\":1650715655000,\"tableId\":6,\"pk\":true,\"columnName\":\"complication_id\"},{\"capJavaField\":\"InfectiousId\",\"usableColumn\":false,\"columnId\":54,\"isIncrement\":\"0\",\"increment\":false,\"insert\":true,\"isList\":\"1\",\"dictType\":\"\",\"required\":true,\"superColumn\":false,\"updateBy\":\"\",\"isInsert\":\"1\",\"isRequired\":\"1\",\"javaField\":\"infectiousId\",\"htmlType\":\"input\",\"edit\":true,\"query\":true,\"columnComment\":\"传染病id（引发）\",\"isQuery\":\"1\",\"updateTime\":1650970481000,\"sort\":2,\"list\":true,\"params\":{},\"javaType\":\"Long\",\"queryType\":\"EQ\",\"columnType\":\"bigint\",\"createBy\":\"admin\",\"isPk\":\"0\",\"createTime\":1650715655000,\"isEdit\":\"1\",\"tableId\":6,\"pk\":false,\"columnName\":\"infectious_id\"}],\"businessName\":\"complication\",\"moduleName\":\"illness\",\"className\":\"EpidemicComplication\",\"tableName\":\"epidemic_complication\",\"crud\":true,\"options\":\"{\\\"parentMenuId\\\":\\\"2001\\\"}\",\"subTableFkName\":\"\",\"genType\":\"0\",\"packageName\":\"zstu.epidemic.illness\",\"functionName\":\"并发症管理\",\"tree\":false,\"tableComment\":\"并发症管理\",\"params\":{\"parentMenuId\":\"2001\"},\"tplCategory\":\"crud\",\"parentMenuId\":\"2001\",\"tableId\":6,\"genPath\":\"/\"}','{\"msg\":\"操作成功\",\"code\":200}',0,NULL,'2022-04-26 19:02:07'),
(136,'代码生成',2,'zstu.epidemic.generator.controller.GenController.editSave()','PUT',1,'admin',NULL,'/tool/gen','127.0.0.1','内网IP','{\"sub\":false,\"subTableName\":\"\",\"functionAuthor\":\"iwan\",\"columns\":[{\"capJavaField\":\"SequelaeId\",\"usableColumn\":false,\"columnId\":86,\"isIncrement\":\"0\",\"increment\":false,\"insert\":true,\"dictType\":\"\",\"required\":false,\"superColumn\":false,\"updateBy\":\"\",\"isInsert\":\"1\",\"javaField\":\"sequelaeId\",\"htmlType\":\"input\",\"edit\":false,\"query\":false,\"columnComment\":\"后遗症id\",\"updateTime\":1650970454000,\"sort\":1,\"list\":false,\"params\":{},\"javaType\":\"Long\",\"queryType\":\"EQ\",\"columnType\":\"bigint\",\"createBy\":\"admin\",\"isPk\":\"1\",\"createTime\":1650715655000,\"tableId\":9,\"pk\":true,\"columnName\":\"sequelae_id\"},{\"capJavaField\":\"InfectiousId\",\"usableColumn\":false,\"columnId\":87,\"isIncrement\":\"0\",\"increment\":false,\"insert\":true,\"isList\":\"1\",\"dictType\":\"\",\"required\":true,\"superColumn\":false,\"updateBy\":\"\",\"isInsert\":\"1\",\"isRequired\":\"1\",\"javaField\":\"infectiousId\",\"htmlType\":\"input\",\"edit\":true,\"query\":true,\"columnComment\":\"传染病id（引发）\",\"isQuery\":\"1\",\"updateTime\":1650970454000,\"sort\":2,\"list\":true,\"params\":{},\"javaType\":\"Long\",\"queryType\":\"EQ\",\"columnType\":\"bigint\",\"createBy\":\"admin\",\"isPk\":\"0\",\"createTime\":1650715655000,\"isEdit\":\"1\",\"tableId\":9,\"pk\":false,\"columnName\":\"infectious_id\"}],\"businessName\":\"sequelae\",\"moduleName\":\"illness\",\"className\":\"EpidemicSequelae\",\"tableName\":\"epidemic_sequelae\",\"crud\":true,\"options\":\"{\\\"parentMenuId\\\":\\\"2001\\\"}\",\"subTableFkName\":\"\",\"genType\":\"0\",\"packageName\":\"zstu.epidemic.system\",\"functionName\":\"sequelae\",\"tree\":false,\"tableComment\":\"后遗症管理\",\"params\":{\"parentMenuId\":\"2001\"},\"tplCategory\":\"crud\",\"parentMenuId\":\"2001\",\"tableId\":9,\"genPath\":\"/\"}','{\"msg\":\"操作成功\",\"code\":200}',0,NULL,'2022-04-26 19:02:43'),
(137,'代码生成',2,'zstu.epidemic.generator.controller.GenController.editSave()','PUT',1,'admin',NULL,'/tool/gen','127.0.0.1','内网IP','{\"sub\":false,\"functionAuthor\":\"iwan\",\"columns\":[{\"capJavaField\":\"TransmissionId\",\"usableColumn\":false,\"columnId\":88,\"isIncrement\":\"1\",\"increment\":true,\"insert\":true,\"dictType\":\"\",\"required\":false,\"superColumn\":false,\"updateBy\":\"\",\"isInsert\":\"1\",\"javaField\":\"transmissionId\",\"htmlType\":\"input\",\"edit\":false,\"query\":false,\"columnComment\":\"传播途径id\",\"updateTime\":1650970575000,\"sort\":1,\"list\":false,\"params\":{},\"javaType\":\"Long\",\"queryType\":\"EQ\",\"columnType\":\"bigint\",\"createBy\":\"admin\",\"isPk\":\"1\",\"createTime\":1650715655000,\"tableId\":10,\"pk\":true,\"columnName\":\"transmission_id\"},{\"capJavaField\":\"TransmissionName\",\"usableColumn\":false,\"columnId\":89,\"isIncrement\":\"0\",\"increment\":false,\"insert\":true,\"isList\":\"1\",\"dictType\":\"\",\"required\":true,\"superColumn\":false,\"updateBy\":\"\",\"isInsert\":\"1\",\"isRequired\":\"1\",\"javaField\":\"transmissionName\",\"htmlType\":\"input\",\"edit\":true,\"query\":true,\"columnComment\":\"传播途径名\",\"isQuery\":\"1\",\"updateTime\":1650970575000,\"sort\":2,\"list\":true,\"params\":{},\"javaType\":\"String\",\"queryType\":\"LIKE\",\"columnType\":\"varchar(30)\",\"createBy\":\"admin\",\"isPk\":\"0\",\"createTime\":1650715655000,\"isEdit\":\"1\",\"tableId\":10,\"pk\":false,\"columnName\":\"transmission_name\"},{\"capJavaField\":\"Distance\",\"usableColumn\":false,\"columnId\":90,\"isIncrement\":\"0\",\"increment\":false,\"insert\":true,\"isList\":\"1\",\"dictType\":\"\",\"required\":true,\"superColumn\":false,\"updateBy\":\"\",\"isInsert\":\"1\",\"isRequired\":\"1\",\"javaField\":\"distance\",\"htmlType\":\"input\",\"edit\":true,\"query\":true,\"columnComment\":\"影响范围\",\"isQuery\":\"1\",\"updateTime\":1650970575000,\"sort\":3,\"list\":true,\"params\":{},\"javaType\":\"String\",\"queryType\":\"EQ\",\"columnType\":\"varchar(10)\",\"createBy\":\"admin\",\"isPk\":\"0\",\"createTime\":1650715655000,\"isEdit\":\"1\",\"tableId\":10,\"pk\":false,\"columnName\":\"distance\"},{\"capJavaField\":\"Duration\",\"usableColumn\":false,\"columnId\":91,\"isIncrement\":\"0\",\"increment\":false,\"insert\":true,\"isList\":\"1\",\"dictType\":\"\",\"required\":true,\"superColumn\":false,\"updateBy\":\"\",\"isInsert\":\"1\",\"isRequired\":\"1\",\"javaField\":\"duration\",\"htmlType\":\"input','{\"msg\":\"操作成功\",\"code\":200}',0,NULL,'2022-04-26 19:03:17'),
(138,'代码生成',2,'zstu.epidemic.generator.controller.GenController.editSave()','PUT',1,'admin',NULL,'/tool/gen','127.0.0.1','内网IP','{\"sub\":false,\"functionAuthor\":\"iwan\",\"columns\":[{\"capJavaField\":\"HospitalId\",\"usableColumn\":false,\"columnId\":135,\"isIncrement\":\"1\",\"increment\":true,\"insert\":true,\"dictType\":\"\",\"required\":false,\"superColumn\":false,\"updateBy\":\"\",\"isInsert\":\"1\",\"javaField\":\"hospitalId\",\"htmlType\":\"input\",\"edit\":false,\"query\":false,\"columnComment\":\"医院id\",\"sort\":1,\"list\":false,\"params\":{},\"javaType\":\"Long\",\"queryType\":\"EQ\",\"columnType\":\"bigint\",\"createBy\":\"admin\",\"isPk\":\"1\",\"createTime\":1650715671000,\"tableId\":15,\"pk\":true,\"columnName\":\"hospital_id\"},{\"capJavaField\":\"HospitalName\",\"usableColumn\":false,\"columnId\":136,\"isIncrement\":\"0\",\"increment\":false,\"insert\":true,\"isList\":\"1\",\"dictType\":\"\",\"required\":true,\"superColumn\":false,\"updateBy\":\"\",\"isInsert\":\"1\",\"isRequired\":\"1\",\"javaField\":\"hospitalName\",\"htmlType\":\"input\",\"edit\":true,\"query\":true,\"columnComment\":\"医院名称\",\"isQuery\":\"1\",\"sort\":2,\"list\":true,\"params\":{},\"javaType\":\"String\",\"queryType\":\"LIKE\",\"columnType\":\"varchar(50)\",\"createBy\":\"admin\",\"isPk\":\"0\",\"createTime\":1650715671000,\"isEdit\":\"1\",\"tableId\":15,\"pk\":false,\"columnName\":\"hospital_name\"},{\"capJavaField\":\"EstablishRegionId\",\"usableColumn\":false,\"columnId\":137,\"isIncrement\":\"0\",\"increment\":false,\"insert\":true,\"isList\":\"1\",\"dictType\":\"\",\"required\":true,\"superColumn\":false,\"updateBy\":\"\",\"isInsert\":\"1\",\"isRequired\":\"1\",\"javaField\":\"establishRegionId\",\"htmlType\":\"input\",\"edit\":true,\"query\":true,\"columnComment\":\"地区id\",\"isQuery\":\"1\",\"sort\":3,\"list\":true,\"params\":{},\"javaType\":\"Long\",\"queryType\":\"EQ\",\"columnType\":\"bigint\",\"createBy\":\"admin\",\"isPk\":\"0\",\"createTime\":1650715671000,\"isEdit\":\"1\",\"tableId\":15,\"pk\":false,\"columnName\":\"establish_region_id\"},{\"capJavaField\":\"EstabilshAddress\",\"usableColumn\":false,\"columnId\":138,\"isIncrement\":\"0\",\"increment\":false,\"insert\":true,\"isList\":\"1\",\"dictType\":\"\",\"required\":true,\"superColumn\":false,\"updateBy\":\"\",\"isInsert\":\"1\",\"isRequired\":\"1\",\"javaField\":\"estabilshAddress\",\"htmlType\":\"input\",\"edit\":true,\"query\":true,\"columnComment\":\"详细地址\",\"isQuery\":\"1\",\"s','{\"msg\":\"操作成功\",\"code\":200}',0,NULL,'2022-04-26 19:04:02'),
(139,'代码生成',2,'zstu.epidemic.generator.controller.GenController.editSave()','PUT',1,'admin',NULL,'/tool/gen','127.0.0.1','内网IP','{\"sub\":false,\"functionAuthor\":\"iwan\",\"columns\":[{\"capJavaField\":\"IllnessId\",\"usableColumn\":false,\"columnId\":150,\"isIncrement\":\"1\",\"increment\":true,\"insert\":true,\"dictType\":\"\",\"required\":false,\"superColumn\":false,\"updateBy\":\"\",\"isInsert\":\"1\",\"javaField\":\"illnessId\",\"htmlType\":\"input\",\"edit\":false,\"query\":false,\"columnComment\":\"病id\",\"sort\":1,\"list\":false,\"params\":{},\"javaType\":\"Long\",\"queryType\":\"EQ\",\"columnType\":\"bigint\",\"createBy\":\"admin\",\"isPk\":\"1\",\"createTime\":1650715671000,\"tableId\":16,\"pk\":true,\"columnName\":\"illness_id\"},{\"capJavaField\":\"IllnessName\",\"usableColumn\":false,\"columnId\":151,\"isIncrement\":\"0\",\"increment\":false,\"insert\":true,\"isList\":\"1\",\"dictType\":\"\",\"required\":true,\"superColumn\":false,\"updateBy\":\"\",\"isInsert\":\"1\",\"isRequired\":\"1\",\"javaField\":\"illnessName\",\"htmlType\":\"input\",\"edit\":true,\"query\":true,\"columnComment\":\"病名\",\"isQuery\":\"1\",\"sort\":2,\"list\":true,\"params\":{},\"javaType\":\"String\",\"queryType\":\"LIKE\",\"columnType\":\"varchar(30)\",\"createBy\":\"admin\",\"isPk\":\"0\",\"createTime\":1650715671000,\"isEdit\":\"1\",\"tableId\":16,\"pk\":false,\"columnName\":\"illness_name\"},{\"capJavaField\":\"CatrgoryId\",\"usableColumn\":false,\"columnId\":152,\"isIncrement\":\"0\",\"increment\":false,\"insert\":true,\"isList\":\"1\",\"dictType\":\"\",\"required\":true,\"superColumn\":false,\"updateBy\":\"\",\"isInsert\":\"1\",\"isRequired\":\"1\",\"javaField\":\"catrgoryId\",\"htmlType\":\"input\",\"edit\":true,\"query\":true,\"columnComment\":\"所属类id\",\"isQuery\":\"1\",\"sort\":3,\"list\":true,\"params\":{},\"javaType\":\"Long\",\"queryType\":\"EQ\",\"columnType\":\"bigint\",\"createBy\":\"admin\",\"isPk\":\"0\",\"createTime\":1650715671000,\"isEdit\":\"1\",\"tableId\":16,\"pk\":false,\"columnName\":\"catrgory_id\"},{\"capJavaField\":\"Symptom\",\"usableColumn\":false,\"columnId\":153,\"isIncrement\":\"0\",\"increment\":false,\"insert\":true,\"isList\":\"1\",\"dictType\":\"\",\"required\":true,\"superColumn\":false,\"updateBy\":\"\",\"isInsert\":\"1\",\"isRequired\":\"1\",\"javaField\":\"symptom\",\"htmlType\":\"input\",\"edit\":true,\"query\":true,\"columnComment\":\"症状描述\",\"isQuery\":\"1\",\"sort\":4,\"list\":true,\"params\":{},\"javaType\":\"Strin','{\"msg\":\"操作成功\",\"code\":200}',0,NULL,'2022-04-26 19:04:28'),
(140,'代码生成',2,'zstu.epidemic.generator.controller.GenController.editSave()','PUT',1,'admin',NULL,'/tool/gen','127.0.0.1','内网IP','{\"sub\":false,\"functionAuthor\":\"iwna\",\"columns\":[{\"capJavaField\":\"FactoryId\",\"usableColumn\":false,\"columnId\":163,\"isIncrement\":\"0\",\"increment\":false,\"insert\":true,\"dictType\":\"\",\"required\":false,\"superColumn\":false,\"updateBy\":\"\",\"isInsert\":\"1\",\"javaField\":\"factoryId\",\"htmlType\":\"input\",\"edit\":false,\"query\":false,\"sort\":1,\"list\":false,\"params\":{},\"javaType\":\"Long\",\"queryType\":\"EQ\",\"columnType\":\"bigint\",\"createBy\":\"admin\",\"isPk\":\"1\",\"createTime\":1650715671000,\"tableId\":17,\"pk\":true,\"columnName\":\"factory_id\"},{\"capJavaField\":\"IllnessId\",\"usableColumn\":false,\"columnId\":164,\"isIncrement\":\"0\",\"increment\":false,\"insert\":true,\"dictType\":\"\",\"required\":false,\"superColumn\":false,\"updateBy\":\"\",\"isInsert\":\"1\",\"javaField\":\"illnessId\",\"htmlType\":\"input\",\"edit\":false,\"query\":false,\"sort\":2,\"list\":false,\"params\":{},\"javaType\":\"Long\",\"queryType\":\"EQ\",\"columnType\":\"bigint\",\"createBy\":\"admin\",\"isPk\":\"1\",\"createTime\":1650715671000,\"tableId\":17,\"pk\":true,\"columnName\":\"illness_id\"}],\"businessName\":\"illness_factory\",\"moduleName\":\"factory\",\"className\":\"EpidemicIllnessFactory\",\"tableName\":\"epidemic_illness_factory\",\"crud\":true,\"options\":\"{\\\"parentMenuId\\\":2001}\",\"genType\":\"0\",\"packageName\":\"zstu.epidemic.illness\",\"functionName\":\"疾病工厂管理\",\"tree\":false,\"tableComment\":\"疾病工厂管理\",\"params\":{\"parentMenuId\":2001},\"tplCategory\":\"crud\",\"parentMenuId\":\"2001\",\"tableId\":17,\"genPath\":\"/\"}','{\"msg\":\"操作成功\",\"code\":200}',0,NULL,'2022-04-26 19:05:24'),
(141,'代码生成',2,'zstu.epidemic.generator.controller.GenController.editSave()','PUT',1,'admin',NULL,'/tool/gen','127.0.0.1','内网IP','{\"sub\":false,\"functionAuthor\":\"iwan\",\"columns\":[{\"capJavaField\":\"TransId\",\"usableColumn\":false,\"columnId\":165,\"isIncrement\":\"1\",\"increment\":true,\"insert\":true,\"dictType\":\"\",\"required\":false,\"superColumn\":false,\"updateBy\":\"\",\"isInsert\":\"1\",\"javaField\":\"transId\",\"htmlType\":\"input\",\"edit\":false,\"query\":false,\"sort\":1,\"list\":false,\"params\":{},\"javaType\":\"Long\",\"queryType\":\"EQ\",\"columnType\":\"bigint\",\"createBy\":\"admin\",\"isPk\":\"1\",\"createTime\":1650715671000,\"tableId\":18,\"pk\":true,\"columnName\":\"trans_id\"},{\"capJavaField\":\"IllnessId\",\"usableColumn\":false,\"columnId\":166,\"isIncrement\":\"0\",\"increment\":false,\"insert\":true,\"dictType\":\"\",\"required\":false,\"superColumn\":false,\"updateBy\":\"\",\"isInsert\":\"1\",\"javaField\":\"illnessId\",\"htmlType\":\"input\",\"edit\":false,\"query\":false,\"sort\":2,\"list\":false,\"params\":{},\"javaType\":\"Long\",\"queryType\":\"EQ\",\"columnType\":\"bigint\",\"createBy\":\"admin\",\"isPk\":\"1\",\"createTime\":1650715671000,\"tableId\":18,\"pk\":true,\"columnName\":\"illness_id\"}],\"businessName\":\"illness_trans\",\"moduleName\":\"illness\",\"className\":\"EpidemicIllnessTrans\",\"tableName\":\"epidemic_illness_trans\",\"crud\":true,\"options\":\"{\\\"parentMenuId\\\":2001}\",\"genType\":\"0\",\"packageName\":\"zstu.epidemic.illness\",\"functionName\":\"疾病传播方式\",\"tree\":false,\"tableComment\":\"疾病传播方式\",\"params\":{\"parentMenuId\":2001},\"tplCategory\":\"crud\",\"parentMenuId\":\"2001\",\"tableId\":18,\"genPath\":\"/\"}','{\"msg\":\"操作成功\",\"code\":200}',0,NULL,'2022-04-26 19:06:20'),
(142,'代码生成',2,'zstu.epidemic.generator.controller.GenController.editSave()','PUT',1,'admin',NULL,'/tool/gen','127.0.0.1','内网IP','{\"sub\":false,\"functionAuthor\":\"iwan\",\"columns\":[{\"capJavaField\":\"PassageId\",\"usableColumn\":false,\"columnId\":167,\"isIncrement\":\"1\",\"increment\":true,\"insert\":true,\"dictType\":\"\",\"required\":false,\"superColumn\":false,\"updateBy\":\"\",\"isInsert\":\"1\",\"javaField\":\"passageId\",\"htmlType\":\"input\",\"edit\":false,\"query\":false,\"columnComment\":\"文章id\",\"sort\":1,\"list\":false,\"params\":{},\"javaType\":\"Long\",\"queryType\":\"EQ\",\"columnType\":\"bigint\",\"createBy\":\"admin\",\"isPk\":\"1\",\"createTime\":1650715671000,\"tableId\":19,\"pk\":true,\"columnName\":\"passage_id\"},{\"capJavaField\":\"Title\",\"usableColumn\":false,\"columnId\":168,\"isIncrement\":\"0\",\"increment\":false,\"insert\":true,\"isList\":\"1\",\"dictType\":\"\",\"required\":true,\"superColumn\":false,\"updateBy\":\"\",\"isInsert\":\"1\",\"isRequired\":\"1\",\"javaField\":\"title\",\"htmlType\":\"input\",\"edit\":true,\"query\":true,\"columnComment\":\"文章标题\",\"isQuery\":\"1\",\"sort\":2,\"list\":true,\"params\":{},\"javaType\":\"String\",\"queryType\":\"EQ\",\"columnType\":\"varchar(50)\",\"createBy\":\"admin\",\"isPk\":\"0\",\"createTime\":1650715671000,\"isEdit\":\"1\",\"tableId\":19,\"pk\":false,\"columnName\":\"title\"},{\"capJavaField\":\"Author\",\"usableColumn\":false,\"columnId\":169,\"isIncrement\":\"0\",\"increment\":false,\"insert\":true,\"isList\":\"1\",\"dictType\":\"\",\"required\":true,\"superColumn\":false,\"updateBy\":\"\",\"isInsert\":\"1\",\"isRequired\":\"1\",\"javaField\":\"author\",\"htmlType\":\"input\",\"edit\":true,\"query\":true,\"columnComment\":\"文章作者\",\"isQuery\":\"1\",\"sort\":3,\"list\":true,\"params\":{},\"javaType\":\"String\",\"queryType\":\"EQ\",\"columnType\":\"varchar(50)\",\"createBy\":\"admin\",\"isPk\":\"0\",\"createTime\":1650715671000,\"isEdit\":\"1\",\"tableId\":19,\"pk\":false,\"columnName\":\"author\"},{\"capJavaField\":\"ContentId\",\"usableColumn\":false,\"columnId\":170,\"isIncrement\":\"0\",\"increment\":false,\"insert\":true,\"isList\":\"1\",\"dictType\":\"\",\"required\":true,\"superColumn\":false,\"updateBy\":\"\",\"isInsert\":\"1\",\"isRequired\":\"1\",\"javaField\":\"contentId\",\"htmlType\":\"input\",\"edit\":true,\"query\":true,\"columnComment\":\"内容id\",\"isQuery\":\"1\",\"sort\":4,\"list\":true,\"params\":{},\"javaType\":\"Long\",\"queryType\":\"EQ\",\"co','{\"msg\":\"操作成功\",\"code\":200}',0,NULL,'2022-04-26 19:07:05'),
(143,'代码生成',2,'zstu.epidemic.generator.controller.GenController.editSave()','PUT',1,'admin',NULL,'/tool/gen','127.0.0.1','内网IP','{\"sub\":false,\"functionAuthor\":\"iwan\",\"columns\":[{\"capJavaField\":\"ContentId\",\"usableColumn\":false,\"columnId\":178,\"isIncrement\":\"1\",\"increment\":true,\"insert\":true,\"dictType\":\"\",\"required\":false,\"superColumn\":false,\"updateBy\":\"\",\"isInsert\":\"1\",\"javaField\":\"contentId\",\"htmlType\":\"input\",\"edit\":false,\"query\":false,\"columnComment\":\"文章内容id\",\"sort\":1,\"list\":false,\"params\":{},\"javaType\":\"Long\",\"queryType\":\"EQ\",\"columnType\":\"bigint\",\"createBy\":\"admin\",\"isPk\":\"1\",\"createTime\":1650715671000,\"tableId\":20,\"pk\":true,\"columnName\":\"content_id\"},{\"capJavaField\":\"Content\",\"usableColumn\":false,\"columnId\":179,\"isIncrement\":\"0\",\"increment\":false,\"insert\":true,\"isList\":\"1\",\"dictType\":\"\",\"required\":true,\"superColumn\":false,\"updateBy\":\"\",\"isInsert\":\"1\",\"isRequired\":\"1\",\"javaField\":\"content\",\"htmlType\":\"editor\",\"edit\":true,\"query\":true,\"columnComment\":\"文章内容\",\"isQuery\":\"1\",\"sort\":2,\"list\":true,\"params\":{},\"javaType\":\"String\",\"queryType\":\"EQ\",\"columnType\":\"text\",\"createBy\":\"admin\",\"isPk\":\"0\",\"createTime\":1650715671000,\"isEdit\":\"1\",\"tableId\":20,\"pk\":false,\"columnName\":\"content\"},{\"capJavaField\":\"IsDelete\",\"usableColumn\":false,\"columnId\":180,\"isIncrement\":\"0\",\"increment\":false,\"insert\":true,\"isList\":\"1\",\"dictType\":\"\",\"required\":false,\"superColumn\":false,\"updateBy\":\"\",\"isInsert\":\"1\",\"javaField\":\"isDelete\",\"htmlType\":\"input\",\"edit\":true,\"query\":true,\"columnComment\":\"删除标志（0代表存在 1代表删除）\",\"isQuery\":\"1\",\"sort\":3,\"list\":true,\"params\":{},\"javaType\":\"Long\",\"queryType\":\"EQ\",\"columnType\":\"tinyint\",\"createBy\":\"admin\",\"isPk\":\"0\",\"createTime\":1650715671000,\"isEdit\":\"1\",\"tableId\":20,\"pk\":false,\"columnName\":\"is_delete\"},{\"capJavaField\":\"CreateTime\",\"usableColumn\":false,\"columnId\":181,\"isIncrement\":\"0\",\"increment\":false,\"insert\":true,\"dictType\":\"\",\"required\":false,\"superColumn\":true,\"updateBy\":\"\",\"isInsert\":\"1\",\"javaField\":\"createTime\",\"htmlType\":\"datetime\",\"edit\":false,\"query\":false,\"columnComment\":\"创建日期\",\"sort\":4,\"list\":false,\"params\":{},\"javaType\":\"Date\",\"queryType\":\"EQ\",\"columnType\":\"datetime\",\"createBy\":\"adm','{\"msg\":\"操作成功\",\"code\":200}',0,NULL,'2022-04-26 19:07:50'),
(144,'代码生成',2,'zstu.epidemic.generator.controller.GenController.editSave()','PUT',1,'admin',NULL,'/tool/gen','127.0.0.1','内网IP','{\"sub\":false,\"functionAuthor\":\"iwan\",\"columns\":[{\"capJavaField\":\"PatientId\",\"usableColumn\":false,\"columnId\":192,\"isIncrement\":\"1\",\"increment\":true,\"insert\":true,\"dictType\":\"\",\"required\":false,\"superColumn\":false,\"updateBy\":\"\",\"isInsert\":\"1\",\"javaField\":\"patientId\",\"htmlType\":\"input\",\"edit\":false,\"query\":false,\"columnComment\":\"病人id\",\"sort\":1,\"list\":false,\"params\":{},\"javaType\":\"Long\",\"queryType\":\"EQ\",\"columnType\":\"bigint\",\"createBy\":\"admin\",\"isPk\":\"1\",\"createTime\":1650715677000,\"tableId\":24,\"pk\":true,\"columnName\":\"patient_id\"},{\"capJavaField\":\"PatientName\",\"usableColumn\":false,\"columnId\":193,\"isIncrement\":\"0\",\"increment\":false,\"insert\":true,\"isList\":\"1\",\"dictType\":\"\",\"required\":true,\"superColumn\":false,\"updateBy\":\"\",\"isInsert\":\"1\",\"isRequired\":\"1\",\"javaField\":\"patientName\",\"htmlType\":\"input\",\"edit\":true,\"query\":true,\"columnComment\":\"名称\",\"isQuery\":\"1\",\"sort\":2,\"list\":true,\"params\":{},\"javaType\":\"String\",\"queryType\":\"LIKE\",\"columnType\":\"varchar(30)\",\"createBy\":\"admin\",\"isPk\":\"0\",\"createTime\":1650715677000,\"isEdit\":\"1\",\"tableId\":24,\"pk\":false,\"columnName\":\"patient_name\"},{\"capJavaField\":\"PatientSex\",\"usableColumn\":false,\"columnId\":194,\"isIncrement\":\"0\",\"increment\":false,\"insert\":true,\"isList\":\"1\",\"dictType\":\"\",\"required\":false,\"superColumn\":false,\"updateBy\":\"\",\"isInsert\":\"1\",\"javaField\":\"patientSex\",\"htmlType\":\"select\",\"edit\":true,\"query\":true,\"columnComment\":\"病人性别\",\"isQuery\":\"1\",\"sort\":3,\"list\":true,\"params\":{},\"javaType\":\"String\",\"queryType\":\"EQ\",\"columnType\":\"char(1)\",\"createBy\":\"admin\",\"isPk\":\"0\",\"createTime\":1650715677000,\"isEdit\":\"1\",\"tableId\":24,\"pk\":false,\"columnName\":\"patient_sex\"},{\"capJavaField\":\"Avatar\",\"usableColumn\":false,\"columnId\":195,\"isIncrement\":\"0\",\"increment\":false,\"insert\":true,\"isList\":\"1\",\"dictType\":\"\",\"required\":true,\"superColumn\":false,\"updateBy\":\"\",\"isInsert\":\"1\",\"isRequired\":\"1\",\"javaField\":\"avatar\",\"htmlType\":\"input\",\"edit\":true,\"query\":true,\"columnComment\":\"照片\",\"isQuery\":\"1\",\"sort\":4,\"list\":true,\"params\":{},\"javaType\":\"String\",\"queryType\":\"','{\"msg\":\"操作成功\",\"code\":200}',0,NULL,'2022-04-26 19:10:47'),
(145,'代码生成',2,'zstu.epidemic.generator.controller.GenController.editSave()','PUT',1,'admin',NULL,'/tool/gen','127.0.0.1','内网IP','{\"sub\":false,\"functionAuthor\":\"iwan\",\"columns\":[{\"capJavaField\":\"PassageId\",\"usableColumn\":false,\"columnId\":190,\"isIncrement\":\"1\",\"increment\":true,\"insert\":true,\"dictType\":\"\",\"required\":false,\"superColumn\":false,\"updateBy\":\"\",\"isInsert\":\"1\",\"javaField\":\"passageId\",\"htmlType\":\"input\",\"edit\":false,\"query\":false,\"sort\":1,\"list\":false,\"params\":{},\"javaType\":\"Long\",\"queryType\":\"EQ\",\"columnType\":\"bigint\",\"createBy\":\"admin\",\"isPk\":\"1\",\"createTime\":1650715677000,\"tableId\":23,\"pk\":true,\"columnName\":\"passage_id\"},{\"capJavaField\":\"IllnessId\",\"usableColumn\":false,\"columnId\":191,\"isIncrement\":\"0\",\"increment\":false,\"insert\":true,\"dictType\":\"\",\"required\":false,\"superColumn\":false,\"updateBy\":\"\",\"isInsert\":\"1\",\"javaField\":\"illnessId\",\"htmlType\":\"input\",\"edit\":false,\"query\":false,\"sort\":2,\"list\":false,\"params\":{},\"javaType\":\"Long\",\"queryType\":\"EQ\",\"columnType\":\"bigint\",\"createBy\":\"admin\",\"isPk\":\"1\",\"createTime\":1650715677000,\"tableId\":23,\"pk\":true,\"columnName\":\"illness_id\"}],\"businessName\":\"illness\",\"moduleName\":\"illness\",\"className\":\"EpidemicPassageIllness\",\"tableName\":\"epidemic_passage_illness\",\"crud\":true,\"options\":\"{\\\"parentMenuId\\\":2001}\",\"genType\":\"0\",\"packageName\":\"zstu.epidemic.illness\",\"functionName\":\"文章疾病\",\"tree\":false,\"tableComment\":\"文章疾病\",\"params\":{\"parentMenuId\":2001},\"tplCategory\":\"crud\",\"parentMenuId\":\"2001\",\"tableId\":23,\"genPath\":\"/\"}','{\"msg\":\"操作成功\",\"code\":200}',0,NULL,'2022-04-26 19:11:31'),
(146,'代码生成',2,'zstu.epidemic.generator.controller.GenController.editSave()','PUT',1,'admin',NULL,'/tool/gen','127.0.0.1','内网IP','{\"sub\":false,\"subTableName\":\"\",\"functionAuthor\":\"iwan\",\"columns\":[{\"capJavaField\":\"CategoryId\",\"usableColumn\":false,\"columnId\":28,\"isIncrement\":\"1\",\"increment\":true,\"insert\":true,\"dictType\":\"\",\"required\":false,\"superColumn\":false,\"updateBy\":\"\",\"isInsert\":\"1\",\"javaField\":\"categoryId\",\"htmlType\":\"input\",\"edit\":false,\"query\":false,\"columnComment\":\"类型id\",\"updateTime\":1650970115000,\"sort\":1,\"list\":false,\"params\":{},\"javaType\":\"Long\",\"queryType\":\"EQ\",\"columnType\":\"bigint\",\"createBy\":\"admin\",\"isPk\":\"1\",\"createTime\":1650715655000,\"tableId\":3,\"pk\":true,\"columnName\":\"category_id\"},{\"capJavaField\":\"ParentId\",\"usableColumn\":true,\"columnId\":29,\"isIncrement\":\"0\",\"increment\":false,\"insert\":true,\"isList\":\"1\",\"dictType\":\"\",\"required\":true,\"superColumn\":true,\"updateBy\":\"\",\"isInsert\":\"1\",\"isRequired\":\"1\",\"javaField\":\"parentId\",\"htmlType\":\"input\",\"edit\":true,\"query\":true,\"columnComment\":\"上级类id\",\"isQuery\":\"1\",\"updateTime\":1650970115000,\"sort\":2,\"list\":true,\"params\":{},\"javaType\":\"Long\",\"queryType\":\"EQ\",\"columnType\":\"bigint\",\"createBy\":\"admin\",\"isPk\":\"0\",\"createTime\":1650715655000,\"isEdit\":\"1\",\"tableId\":3,\"pk\":false,\"columnName\":\"parent_id\"},{\"capJavaField\":\"CategoryName\",\"usableColumn\":false,\"columnId\":30,\"isIncrement\":\"0\",\"increment\":false,\"insert\":true,\"isList\":\"1\",\"dictType\":\"\",\"required\":true,\"superColumn\":false,\"updateBy\":\"\",\"isInsert\":\"1\",\"isRequired\":\"1\",\"javaField\":\"categoryName\",\"htmlType\":\"input\",\"edit\":true,\"query\":true,\"columnComment\":\"类名\",\"isQuery\":\"1\",\"updateTime\":1650970115000,\"sort\":3,\"list\":true,\"params\":{},\"javaType\":\"String\",\"queryType\":\"LIKE\",\"columnType\":\"varchar(30)\",\"createBy\":\"admin\",\"isPk\":\"0\",\"createTime\":1650715655000,\"isEdit\":\"1\",\"tableId\":3,\"pk\":false,\"columnName\":\"category_name\"},{\"capJavaField\":\"IsDelete\",\"usableColumn\":false,\"columnId\":31,\"isIncrement\":\"0\",\"increment\":false,\"insert\":true,\"isList\":\"1\",\"dictType\":\"\",\"required\":false,\"superColumn\":false,\"updateBy\":\"\",\"isInsert\":\"1\",\"javaField\":\"isDelete\",\"htmlType\":\"input\",\"edit\":true,\"query\":true,\"columnCom','{\"msg\":\"操作成功\",\"code\":200}',0,NULL,'2022-04-26 19:12:34'),
(147,'代码生成',2,'zstu.epidemic.generator.controller.GenController.editSave()','PUT',1,'admin',NULL,'/tool/gen','127.0.0.1','内网IP','{\"sub\":false,\"functionAuthor\":\"iwan\",\"columns\":[{\"capJavaField\":\"CompanyId\",\"usableColumn\":false,\"columnId\":37,\"isIncrement\":\"0\",\"increment\":false,\"insert\":true,\"dictType\":\"\",\"required\":false,\"superColumn\":false,\"updateBy\":\"\",\"isInsert\":\"1\",\"javaField\":\"companyId\",\"htmlType\":\"input\",\"edit\":false,\"query\":false,\"updateTime\":1650970903000,\"sort\":1,\"list\":false,\"params\":{},\"javaType\":\"Long\",\"queryType\":\"EQ\",\"columnType\":\"bigint\",\"createBy\":\"admin\",\"isPk\":\"1\",\"createTime\":1650715655000,\"tableId\":4,\"pk\":true,\"columnName\":\"company_id\"},{\"capJavaField\":\"DrugId\",\"usableColumn\":false,\"columnId\":38,\"isIncrement\":\"0\",\"increment\":false,\"insert\":true,\"dictType\":\"\",\"required\":false,\"superColumn\":false,\"updateBy\":\"\",\"isInsert\":\"1\",\"javaField\":\"drugId\",\"htmlType\":\"input\",\"edit\":false,\"query\":false,\"updateTime\":1650970903000,\"sort\":2,\"list\":false,\"params\":{},\"javaType\":\"Long\",\"queryType\":\"EQ\",\"columnType\":\"bigint\",\"createBy\":\"admin\",\"isPk\":\"1\",\"createTime\":1650715655000,\"tableId\":4,\"pk\":true,\"columnName\":\"drug_id\"}],\"businessName\":\"company_drug\",\"moduleName\":\"case\",\"className\":\"EpidemicComanyDrug\",\"tableName\":\"epidemic_comany_drug\",\"crud\":true,\"options\":\"{\\\"parentMenuId\\\":\\\"2001\\\"}\",\"genType\":\"0\",\"packageName\":\"zstu.epidemic.illness\",\"functionName\":\"company_drug\",\"tree\":false,\"tableComment\":\"药品企业关联\",\"params\":{\"parentMenuId\":\"2001\"},\"tplCategory\":\"crud\",\"parentMenuId\":\"2001\",\"tableId\":4,\"genPath\":\"/\"}','{\"msg\":\"操作成功\",\"code\":200}',0,NULL,'2022-04-26 19:13:25'),
(148,'代码生成',2,'zstu.epidemic.generator.controller.GenController.editSave()','PUT',1,'admin',NULL,'/tool/gen','127.0.0.1','内网IP','{\"sub\":false,\"subTableName\":\"\",\"functionAuthor\":\"iwan\",\"columns\":[{\"capJavaField\":\"CaseId\",\"usableColumn\":false,\"columnId\":1,\"isIncrement\":\"1\",\"increment\":true,\"insert\":true,\"required\":false,\"superColumn\":false,\"isInsert\":\"1\",\"javaField\":\"caseId\",\"htmlType\":\"input\",\"edit\":false,\"query\":false,\"columnComment\":\"病例id\",\"updateTime\":1650970853000,\"sort\":1,\"list\":false,\"params\":{},\"javaType\":\"Long\",\"queryType\":\"EQ\",\"columnType\":\"bigint\",\"createBy\":\"admin\",\"isPk\":\"1\",\"createTime\":1650715655000,\"tableId\":1,\"pk\":true,\"columnName\":\"case_id\"},{\"capJavaField\":\"PatientId\",\"usableColumn\":false,\"columnId\":2,\"isIncrement\":\"0\",\"increment\":false,\"insert\":true,\"isList\":\"1\",\"dictType\":\"\",\"required\":true,\"superColumn\":false,\"isInsert\":\"1\",\"isRequired\":\"1\",\"javaField\":\"patientId\",\"htmlType\":\"input\",\"edit\":true,\"query\":true,\"columnComment\":\"患者id\",\"isQuery\":\"1\",\"updateTime\":1650970853000,\"sort\":2,\"list\":true,\"params\":{},\"javaType\":\"Long\",\"queryType\":\"EQ\",\"columnType\":\"bigint\",\"createBy\":\"admin\",\"isPk\":\"0\",\"createTime\":1650715655000,\"isEdit\":\"1\",\"tableId\":1,\"pk\":false,\"columnName\":\"patient_id\"},{\"capJavaField\":\"IllnessId\",\"usableColumn\":false,\"columnId\":3,\"isIncrement\":\"0\",\"increment\":false,\"insert\":true,\"isList\":\"1\",\"dictType\":\"\",\"required\":true,\"superColumn\":false,\"isInsert\":\"1\",\"isRequired\":\"1\",\"javaField\":\"illnessId\",\"htmlType\":\"input\",\"edit\":true,\"query\":true,\"columnComment\":\"病id\",\"isQuery\":\"1\",\"updateTime\":1650970853000,\"sort\":3,\"list\":true,\"params\":{},\"javaType\":\"Long\",\"queryType\":\"EQ\",\"columnType\":\"bigint\",\"createBy\":\"admin\",\"isPk\":\"0\",\"createTime\":1650715655000,\"isEdit\":\"1\",\"tableId\":1,\"pk\":false,\"columnName\":\"illness_id\"},{\"capJavaField\":\"InfectedRegionId\",\"usableColumn\":false,\"columnId\":4,\"isIncrement\":\"0\",\"increment\":false,\"insert\":true,\"isList\":\"1\",\"dictType\":\"\",\"required\":true,\"superColumn\":false,\"isInsert\":\"1\",\"isRequired\":\"1\",\"javaField\":\"infectedRegionId\",\"htmlType\":\"input\",\"edit\":true,\"query\":true,\"columnComment\":\"感染地区id\",\"isQuery\":\"1\",\"updateTime\":1650970853000,\"sort\":4,\"l','{\"msg\":\"操作成功\",\"code\":200}',0,NULL,'2022-04-26 19:13:31'),
(149,'代码生成',2,'zstu.epidemic.generator.controller.GenController.editSave()','PUT',1,'admin',NULL,'/tool/gen','127.0.0.1','内网IP','{\"sub\":false,\"functionAuthor\":\"iwan\",\"columns\":[{\"capJavaField\":\"CaseHospitalId\",\"usableColumn\":false,\"columnId\":17,\"isIncrement\":\"1\",\"increment\":true,\"insert\":true,\"dictType\":\"\",\"required\":false,\"superColumn\":false,\"updateBy\":\"\",\"isInsert\":\"1\",\"javaField\":\"caseHospitalId\",\"htmlType\":\"input\",\"edit\":false,\"query\":false,\"columnComment\":\"病例医院id\",\"updateTime\":1650970865000,\"sort\":1,\"list\":false,\"params\":{},\"javaType\":\"Long\",\"queryType\":\"EQ\",\"columnType\":\"bigint\",\"createBy\":\"admin\",\"isPk\":\"1\",\"createTime\":1650715655000,\"tableId\":2,\"pk\":true,\"columnName\":\"case_hospital_id\"},{\"capJavaField\":\"CaseId\",\"usableColumn\":false,\"columnId\":18,\"isIncrement\":\"0\",\"increment\":false,\"insert\":true,\"isList\":\"1\",\"dictType\":\"\",\"required\":true,\"superColumn\":false,\"updateBy\":\"\",\"isInsert\":\"1\",\"isRequired\":\"1\",\"javaField\":\"caseId\",\"htmlType\":\"input\",\"edit\":true,\"query\":true,\"columnComment\":\"病例id\",\"isQuery\":\"1\",\"updateTime\":1650970865000,\"sort\":2,\"list\":true,\"params\":{},\"javaType\":\"Long\",\"queryType\":\"EQ\",\"columnType\":\"bigint\",\"createBy\":\"admin\",\"isPk\":\"0\",\"createTime\":1650715655000,\"isEdit\":\"1\",\"tableId\":2,\"pk\":false,\"columnName\":\"case_id\"},{\"capJavaField\":\"HospitalId\",\"usableColumn\":false,\"columnId\":19,\"isIncrement\":\"0\",\"increment\":false,\"insert\":true,\"isList\":\"1\",\"dictType\":\"\",\"required\":true,\"superColumn\":false,\"updateBy\":\"\",\"isInsert\":\"1\",\"isRequired\":\"1\",\"javaField\":\"hospitalId\",\"htmlType\":\"input\",\"edit\":true,\"query\":true,\"columnComment\":\"医院id\",\"isQuery\":\"1\",\"updateTime\":1650970865000,\"sort\":3,\"list\":true,\"params\":{},\"javaType\":\"Long\",\"queryType\":\"EQ\",\"columnType\":\"bigint\",\"createBy\":\"admin\",\"isPk\":\"0\",\"createTime\":1650715655000,\"isEdit\":\"1\",\"tableId\":2,\"pk\":false,\"columnName\":\"hospital_id\"},{\"capJavaField\":\"VisitTime\",\"usableColumn\":false,\"columnId\":20,\"isIncrement\":\"0\",\"increment\":false,\"insert\":true,\"isList\":\"1\",\"dictType\":\"\",\"required\":true,\"superColumn\":false,\"updateBy\":\"\",\"isInsert\":\"1\",\"isRequired\":\"1\",\"javaField\":\"visitTime\",\"htmlType\":\"input\",\"edit\":true,\"query\":true,\"columnCommen','{\"msg\":\"操作成功\",\"code\":200}',0,NULL,'2022-04-26 19:13:36'),
(150,'代码生成',2,'zstu.epidemic.generator.controller.GenController.editSave()','PUT',1,'admin',NULL,'/tool/gen','127.0.0.1','内网IP','{\"sub\":false,\"subTableName\":\"\",\"functionAuthor\":\"iwan\",\"columns\":[{\"capJavaField\":\"CategoryId\",\"usableColumn\":false,\"columnId\":28,\"isIncrement\":\"1\",\"increment\":true,\"insert\":true,\"dictType\":\"\",\"required\":false,\"superColumn\":false,\"updateBy\":\"\",\"isInsert\":\"1\",\"javaField\":\"categoryId\",\"htmlType\":\"input\",\"edit\":false,\"query\":false,\"columnComment\":\"类型id\",\"updateTime\":1650971554000,\"sort\":1,\"list\":false,\"params\":{},\"javaType\":\"Long\",\"queryType\":\"EQ\",\"columnType\":\"bigint\",\"createBy\":\"admin\",\"isPk\":\"1\",\"createTime\":1650715655000,\"tableId\":3,\"pk\":true,\"columnName\":\"category_id\"},{\"capJavaField\":\"ParentId\",\"usableColumn\":true,\"columnId\":29,\"isIncrement\":\"0\",\"increment\":false,\"insert\":true,\"isList\":\"1\",\"dictType\":\"\",\"required\":true,\"superColumn\":true,\"updateBy\":\"\",\"isInsert\":\"1\",\"isRequired\":\"1\",\"javaField\":\"parentId\",\"htmlType\":\"input\",\"edit\":true,\"query\":true,\"columnComment\":\"上级类id\",\"isQuery\":\"1\",\"updateTime\":1650971554000,\"sort\":2,\"list\":true,\"params\":{},\"javaType\":\"Long\",\"queryType\":\"EQ\",\"columnType\":\"bigint\",\"createBy\":\"admin\",\"isPk\":\"0\",\"createTime\":1650715655000,\"isEdit\":\"1\",\"tableId\":3,\"pk\":false,\"columnName\":\"parent_id\"},{\"capJavaField\":\"CategoryName\",\"usableColumn\":false,\"columnId\":30,\"isIncrement\":\"0\",\"increment\":false,\"insert\":true,\"isList\":\"1\",\"dictType\":\"\",\"required\":true,\"superColumn\":false,\"updateBy\":\"\",\"isInsert\":\"1\",\"isRequired\":\"1\",\"javaField\":\"categoryName\",\"htmlType\":\"input\",\"edit\":true,\"query\":true,\"columnComment\":\"类名\",\"isQuery\":\"1\",\"updateTime\":1650971554000,\"sort\":3,\"list\":true,\"params\":{},\"javaType\":\"String\",\"queryType\":\"LIKE\",\"columnType\":\"varchar(30)\",\"createBy\":\"admin\",\"isPk\":\"0\",\"createTime\":1650715655000,\"isEdit\":\"1\",\"tableId\":3,\"pk\":false,\"columnName\":\"category_name\"},{\"capJavaField\":\"IsDelete\",\"usableColumn\":false,\"columnId\":31,\"isIncrement\":\"0\",\"increment\":false,\"insert\":true,\"isList\":\"1\",\"dictType\":\"\",\"required\":false,\"superColumn\":false,\"updateBy\":\"\",\"isInsert\":\"1\",\"javaField\":\"isDelete\",\"htmlType\":\"input\",\"edit\":true,\"query\":true,\"columnCom','{\"msg\":\"操作成功\",\"code\":200}',0,NULL,'2022-04-26 19:13:50'),
(151,'代码生成',2,'zstu.epidemic.generator.controller.GenController.editSave()','PUT',1,'admin',NULL,'/tool/gen','127.0.0.1','内网IP','{\"sub\":false,\"functionAuthor\":\"iwan\",\"columns\":[{\"capJavaField\":\"CompanyId\",\"usableColumn\":false,\"columnId\":37,\"isIncrement\":\"0\",\"increment\":false,\"insert\":true,\"dictType\":\"\",\"required\":false,\"superColumn\":false,\"updateBy\":\"\",\"isInsert\":\"1\",\"javaField\":\"companyId\",\"htmlType\":\"input\",\"edit\":false,\"query\":false,\"updateTime\":1650971605000,\"sort\":1,\"list\":false,\"params\":{},\"javaType\":\"Long\",\"queryType\":\"EQ\",\"columnType\":\"bigint\",\"createBy\":\"admin\",\"isPk\":\"1\",\"createTime\":1650715655000,\"tableId\":4,\"pk\":true,\"columnName\":\"company_id\"},{\"capJavaField\":\"DrugId\",\"usableColumn\":false,\"columnId\":38,\"isIncrement\":\"0\",\"increment\":false,\"insert\":true,\"dictType\":\"\",\"required\":false,\"superColumn\":false,\"updateBy\":\"\",\"isInsert\":\"1\",\"javaField\":\"drugId\",\"htmlType\":\"input\",\"edit\":false,\"query\":false,\"updateTime\":1650971605000,\"sort\":2,\"list\":false,\"params\":{},\"javaType\":\"Long\",\"queryType\":\"EQ\",\"columnType\":\"bigint\",\"createBy\":\"admin\",\"isPk\":\"1\",\"createTime\":1650715655000,\"tableId\":4,\"pk\":true,\"columnName\":\"drug_id\"}],\"businessName\":\"company_drug\",\"moduleName\":\"illness\",\"className\":\"EpidemicComanyDrug\",\"tableName\":\"epidemic_comany_drug\",\"crud\":true,\"options\":\"{\\\"parentMenuId\\\":\\\"2001\\\"}\",\"genType\":\"0\",\"packageName\":\"zstu.epidemic.illness\",\"functionName\":\"company_drug\",\"tree\":false,\"tableComment\":\"药品企业关联\",\"params\":{\"parentMenuId\":\"2001\"},\"tplCategory\":\"crud\",\"parentMenuId\":\"2001\",\"tableId\":4,\"genPath\":\"/\"}','{\"msg\":\"操作成功\",\"code\":200}',0,NULL,'2022-04-26 19:13:59'),
(152,'代码生成',2,'zstu.epidemic.generator.controller.GenController.editSave()','PUT',1,'admin',NULL,'/tool/gen','127.0.0.1','内网IP','{\"sub\":false,\"functionAuthor\":\"iwan\",\"columns\":[{\"capJavaField\":\"CompanyId\",\"usableColumn\":false,\"columnId\":39,\"isIncrement\":\"1\",\"increment\":true,\"insert\":true,\"dictType\":\"\",\"required\":false,\"superColumn\":false,\"updateBy\":\"\",\"isInsert\":\"1\",\"javaField\":\"companyId\",\"htmlType\":\"input\",\"edit\":false,\"query\":false,\"updateTime\":1650970270000,\"sort\":1,\"list\":false,\"params\":{},\"javaType\":\"Long\",\"queryType\":\"EQ\",\"columnType\":\"bigint\",\"createBy\":\"admin\",\"isPk\":\"1\",\"createTime\":1650715655000,\"tableId\":5,\"pk\":true,\"columnName\":\"company_id\"},{\"capJavaField\":\"CompantName\",\"usableColumn\":false,\"columnId\":40,\"isIncrement\":\"0\",\"increment\":false,\"insert\":true,\"isList\":\"1\",\"dictType\":\"\",\"required\":false,\"superColumn\":false,\"updateBy\":\"\",\"isInsert\":\"1\",\"javaField\":\"compantName\",\"htmlType\":\"input\",\"edit\":true,\"query\":true,\"isQuery\":\"1\",\"updateTime\":1650970270000,\"sort\":2,\"list\":true,\"params\":{},\"javaType\":\"String\",\"queryType\":\"LIKE\",\"columnType\":\"varchar(255)\",\"createBy\":\"admin\",\"isPk\":\"0\",\"createTime\":1650715655000,\"isEdit\":\"1\",\"tableId\":5,\"pk\":false,\"columnName\":\"compant_name\"},{\"capJavaField\":\"CompanyAddress\",\"usableColumn\":false,\"columnId\":41,\"isIncrement\":\"0\",\"increment\":false,\"insert\":true,\"isList\":\"1\",\"dictType\":\"\",\"required\":false,\"superColumn\":false,\"updateBy\":\"\",\"isInsert\":\"1\",\"javaField\":\"companyAddress\",\"htmlType\":\"input\",\"edit\":true,\"query\":true,\"isQuery\":\"1\",\"updateTime\":1650970270000,\"sort\":3,\"list\":true,\"params\":{},\"javaType\":\"String\",\"queryType\":\"EQ\",\"columnType\":\"varchar(255)\",\"createBy\":\"admin\",\"isPk\":\"0\",\"createTime\":1650715655000,\"isEdit\":\"1\",\"tableId\":5,\"pk\":false,\"columnName\":\"company_address\"},{\"capJavaField\":\"PostalCode\",\"usableColumn\":false,\"columnId\":42,\"isIncrement\":\"0\",\"increment\":false,\"insert\":true,\"isList\":\"1\",\"dictType\":\"\",\"required\":false,\"superColumn\":false,\"updateBy\":\"\",\"isInsert\":\"1\",\"javaField\":\"postalCode\",\"htmlType\":\"input\",\"edit\":true,\"query\":true,\"isQuery\":\"1\",\"updateTime\":1650970270000,\"sort\":4,\"list\":true,\"params\":{},\"javaType\":\"String\",\"queryT','{\"msg\":\"操作成功\",\"code\":200}',0,NULL,'2022-04-26 19:14:05'),
(153,'代码生成',2,'zstu.epidemic.generator.controller.GenController.editSave()','PUT',1,'admin',NULL,'/tool/gen','127.0.0.1','内网IP','{\"sub\":false,\"subTableName\":\"\",\"functionAuthor\":\"iwan\",\"columns\":[{\"capJavaField\":\"ComplicationId\",\"usableColumn\":false,\"columnId\":53,\"isIncrement\":\"0\",\"increment\":false,\"insert\":true,\"dictType\":\"\",\"required\":false,\"superColumn\":false,\"updateBy\":\"\",\"isInsert\":\"1\",\"javaField\":\"complicationId\",\"htmlType\":\"input\",\"edit\":false,\"query\":false,\"columnComment\":\"并发症id\",\"updateTime\":1650970927000,\"sort\":1,\"list\":false,\"params\":{},\"javaType\":\"Long\",\"queryType\":\"EQ\",\"columnType\":\"bigint\",\"createBy\":\"admin\",\"isPk\":\"1\",\"createTime\":1650715655000,\"tableId\":6,\"pk\":true,\"columnName\":\"complication_id\"},{\"capJavaField\":\"InfectiousId\",\"usableColumn\":false,\"columnId\":54,\"isIncrement\":\"0\",\"increment\":false,\"insert\":true,\"isList\":\"1\",\"dictType\":\"\",\"required\":true,\"superColumn\":false,\"updateBy\":\"\",\"isInsert\":\"1\",\"isRequired\":\"1\",\"javaField\":\"infectiousId\",\"htmlType\":\"input\",\"edit\":true,\"query\":true,\"columnComment\":\"传染病id（引发）\",\"isQuery\":\"1\",\"updateTime\":1650970927000,\"sort\":2,\"list\":true,\"params\":{},\"javaType\":\"Long\",\"queryType\":\"EQ\",\"columnType\":\"bigint\",\"createBy\":\"admin\",\"isPk\":\"0\",\"createTime\":1650715655000,\"isEdit\":\"1\",\"tableId\":6,\"pk\":false,\"columnName\":\"infectious_id\"}],\"businessName\":\"complication\",\"moduleName\":\"illness\",\"className\":\"EpidemicComplication\",\"tableName\":\"epidemic_complication\",\"crud\":true,\"options\":\"{\\\"parentMenuId\\\":\\\"2001\\\"}\",\"subTableFkName\":\"\",\"genType\":\"0\",\"packageName\":\"zstu.epidemic.illness\",\"functionName\":\"并发症管理\",\"tree\":false,\"tableComment\":\"并发症管理\",\"params\":{\"parentMenuId\":\"2001\"},\"tplCategory\":\"crud\",\"parentMenuId\":\"2001\",\"tableId\":6,\"genPath\":\"/\"}','{\"msg\":\"操作成功\",\"code\":200}',0,NULL,'2022-04-26 19:14:11'),
(154,'代码生成',2,'zstu.epidemic.generator.controller.GenController.editSave()','PUT',1,'admin',NULL,'/tool/gen','127.0.0.1','内网IP','{\"sub\":false,\"functionAuthor\":\"iwan\",\"columns\":[{\"capJavaField\":\"TransmissionId\",\"usableColumn\":false,\"columnId\":88,\"isIncrement\":\"1\",\"increment\":true,\"insert\":true,\"dictType\":\"\",\"required\":false,\"superColumn\":false,\"updateBy\":\"\",\"isInsert\":\"1\",\"javaField\":\"transmissionId\",\"htmlType\":\"input\",\"edit\":false,\"query\":false,\"columnComment\":\"传播途径id\",\"updateTime\":1650970997000,\"sort\":1,\"list\":false,\"params\":{},\"javaType\":\"Long\",\"queryType\":\"EQ\",\"columnType\":\"bigint\",\"createBy\":\"admin\",\"isPk\":\"1\",\"createTime\":1650715655000,\"tableId\":10,\"pk\":true,\"columnName\":\"transmission_id\"},{\"capJavaField\":\"TransmissionName\",\"usableColumn\":false,\"columnId\":89,\"isIncrement\":\"0\",\"increment\":false,\"insert\":true,\"isList\":\"1\",\"dictType\":\"\",\"required\":true,\"superColumn\":false,\"updateBy\":\"\",\"isInsert\":\"1\",\"isRequired\":\"1\",\"javaField\":\"transmissionName\",\"htmlType\":\"input\",\"edit\":true,\"query\":true,\"columnComment\":\"传播途径名\",\"isQuery\":\"1\",\"updateTime\":1650970997000,\"sort\":2,\"list\":true,\"params\":{},\"javaType\":\"String\",\"queryType\":\"LIKE\",\"columnType\":\"varchar(30)\",\"createBy\":\"admin\",\"isPk\":\"0\",\"createTime\":1650715655000,\"isEdit\":\"1\",\"tableId\":10,\"pk\":false,\"columnName\":\"transmission_name\"},{\"capJavaField\":\"Distance\",\"usableColumn\":false,\"columnId\":90,\"isIncrement\":\"0\",\"increment\":false,\"insert\":true,\"isList\":\"1\",\"dictType\":\"\",\"required\":true,\"superColumn\":false,\"updateBy\":\"\",\"isInsert\":\"1\",\"isRequired\":\"1\",\"javaField\":\"distance\",\"htmlType\":\"input\",\"edit\":true,\"query\":true,\"columnComment\":\"影响范围\",\"isQuery\":\"1\",\"updateTime\":1650970997000,\"sort\":3,\"list\":true,\"params\":{},\"javaType\":\"String\",\"queryType\":\"EQ\",\"columnType\":\"varchar(10)\",\"createBy\":\"admin\",\"isPk\":\"0\",\"createTime\":1650715655000,\"isEdit\":\"1\",\"tableId\":10,\"pk\":false,\"columnName\":\"distance\"},{\"capJavaField\":\"Duration\",\"usableColumn\":false,\"columnId\":91,\"isIncrement\":\"0\",\"increment\":false,\"insert\":true,\"isList\":\"1\",\"dictType\":\"\",\"required\":true,\"superColumn\":false,\"updateBy\":\"\",\"isInsert\":\"1\",\"isRequired\":\"1\",\"javaField\":\"duration\",\"htmlType\":\"input','{\"msg\":\"操作成功\",\"code\":200}',0,NULL,'2022-04-26 19:14:42'),
(155,'代码生成',2,'zstu.epidemic.generator.controller.GenController.editSave()','PUT',1,'admin',NULL,'/tool/gen','127.0.0.1','内网IP','{\"sub\":false,\"functionAuthor\":\"iwan\",\"columns\":[{\"capJavaField\":\"TransId\",\"usableColumn\":false,\"columnId\":165,\"isIncrement\":\"1\",\"increment\":true,\"insert\":true,\"dictType\":\"\",\"required\":false,\"superColumn\":false,\"updateBy\":\"\",\"isInsert\":\"1\",\"javaField\":\"transId\",\"htmlType\":\"input\",\"edit\":false,\"query\":false,\"updateTime\":1650971180000,\"sort\":1,\"list\":false,\"params\":{},\"javaType\":\"Long\",\"queryType\":\"EQ\",\"columnType\":\"bigint\",\"createBy\":\"admin\",\"isPk\":\"1\",\"createTime\":1650715671000,\"tableId\":18,\"pk\":true,\"columnName\":\"trans_id\"},{\"capJavaField\":\"IllnessId\",\"usableColumn\":false,\"columnId\":166,\"isIncrement\":\"0\",\"increment\":false,\"insert\":true,\"dictType\":\"\",\"required\":false,\"superColumn\":false,\"updateBy\":\"\",\"isInsert\":\"1\",\"javaField\":\"illnessId\",\"htmlType\":\"input\",\"edit\":false,\"query\":false,\"updateTime\":1650971180000,\"sort\":2,\"list\":false,\"params\":{},\"javaType\":\"Long\",\"queryType\":\"EQ\",\"columnType\":\"bigint\",\"createBy\":\"admin\",\"isPk\":\"1\",\"createTime\":1650715671000,\"tableId\":18,\"pk\":true,\"columnName\":\"illness_id\"}],\"businessName\":\"illness_trans\",\"moduleName\":\"illness\",\"className\":\"EpidemicIllnessTrans\",\"tableName\":\"epidemic_illness_trans\",\"crud\":true,\"options\":\"{\\\"parentMenuId\\\":\\\"2001\\\"}\",\"genType\":\"0\",\"packageName\":\"zstu.epidemic.illness.trans\",\"functionName\":\"疾病传播方式\",\"tree\":false,\"tableComment\":\"疾病传播方式\",\"params\":{\"parentMenuId\":\"2001\"},\"tplCategory\":\"crud\",\"parentMenuId\":\"2001\",\"tableId\":18,\"genPath\":\"/\"}','{\"msg\":\"操作成功\",\"code\":200}',0,NULL,'2022-04-26 19:15:03'),
(156,'代码生成',2,'zstu.epidemic.generator.controller.GenController.editSave()','PUT',1,'admin',NULL,'/tool/gen','127.0.0.1','内网IP','{\"sub\":false,\"subTableName\":\"\",\"functionAuthor\":\"iwan\",\"columns\":[{\"capJavaField\":\"DrugId\",\"usableColumn\":false,\"columnId\":99,\"isIncrement\":\"1\",\"increment\":true,\"insert\":true,\"dictType\":\"\",\"required\":false,\"superColumn\":false,\"updateBy\":\"\",\"isInsert\":\"1\",\"javaField\":\"drugId\",\"htmlType\":\"input\",\"edit\":false,\"query\":false,\"updateTime\":1650970643000,\"sort\":1,\"list\":false,\"params\":{},\"javaType\":\"Long\",\"queryType\":\"EQ\",\"columnType\":\"bigint\",\"createBy\":\"admin\",\"isPk\":\"1\",\"createTime\":1650715670000,\"tableId\":11,\"pk\":true,\"columnName\":\"drug_id\"},{\"capJavaField\":\"IllnessId\",\"usableColumn\":false,\"columnId\":100,\"isIncrement\":\"0\",\"increment\":false,\"insert\":true,\"dictType\":\"\",\"required\":false,\"superColumn\":false,\"updateBy\":\"\",\"isInsert\":\"1\",\"javaField\":\"illnessId\",\"htmlType\":\"input\",\"edit\":false,\"query\":false,\"updateTime\":1650970643000,\"sort\":2,\"list\":false,\"params\":{},\"javaType\":\"Long\",\"queryType\":\"EQ\",\"columnType\":\"bigint\",\"createBy\":\"admin\",\"isPk\":\"1\",\"createTime\":1650715670000,\"tableId\":11,\"pk\":true,\"columnName\":\"illness_id\"}],\"businessName\":\"drug\",\"moduleName\":\"illness\",\"className\":\"EpidemicDrugIllness\",\"tableName\":\"epidemic_drug_illness\",\"crud\":true,\"options\":\"{\\\"parentMenuId\\\":\\\"2001\\\"}\",\"subTableFkName\":\"\",\"genType\":\"0\",\"packageName\":\"zstu.epidemic.illness.drug\",\"functionName\":\"药品管理\",\"tree\":false,\"tableComment\":\"药品管理\",\"params\":{\"parentMenuId\":\"2001\"},\"tplCategory\":\"crud\",\"parentMenuId\":\"2001\",\"tableId\":11,\"genPath\":\"/\"}','{\"msg\":\"操作成功\",\"code\":200}',0,NULL,'2022-04-26 19:15:39'),
(157,'代码生成',2,'zstu.epidemic.generator.controller.GenController.editSave()','PUT',1,'admin',NULL,'/tool/gen','127.0.0.1','内网IP','{\"sub\":false,\"functionAuthor\":\"iwan\",\"columns\":[{\"capJavaField\":\"FactoryId\",\"usableColumn\":false,\"columnId\":120,\"isIncrement\":\"1\",\"increment\":true,\"insert\":true,\"dictType\":\"\",\"required\":false,\"superColumn\":false,\"updateBy\":\"\",\"isInsert\":\"1\",\"javaField\":\"factoryId\",\"htmlType\":\"input\",\"edit\":false,\"query\":false,\"updateTime\":1650970744000,\"sort\":1,\"list\":false,\"params\":{},\"javaType\":\"Long\",\"queryType\":\"EQ\",\"columnType\":\"bigint\",\"createBy\":\"admin\",\"isPk\":\"1\",\"createTime\":1650715670000,\"tableId\":13,\"pk\":true,\"columnName\":\"factory_id\"},{\"capJavaField\":\"FactoryName\",\"usableColumn\":false,\"columnId\":121,\"isIncrement\":\"0\",\"increment\":false,\"insert\":true,\"isList\":\"1\",\"dictType\":\"\",\"required\":true,\"superColumn\":false,\"updateBy\":\"\",\"isInsert\":\"1\",\"isRequired\":\"1\",\"javaField\":\"factoryName\",\"htmlType\":\"input\",\"edit\":true,\"query\":true,\"isQuery\":\"1\",\"updateTime\":1650970744000,\"sort\":2,\"list\":true,\"params\":{},\"javaType\":\"String\",\"queryType\":\"LIKE\",\"columnType\":\"varchar(255)\",\"createBy\":\"admin\",\"isPk\":\"0\",\"createTime\":1650715670000,\"isEdit\":\"1\",\"tableId\":13,\"pk\":false,\"columnName\":\"factory_name\"},{\"capJavaField\":\"FactoryAddress\",\"usableColumn\":false,\"columnId\":122,\"isIncrement\":\"0\",\"increment\":false,\"insert\":true,\"isList\":\"1\",\"dictType\":\"\",\"required\":true,\"superColumn\":false,\"updateBy\":\"\",\"isInsert\":\"1\",\"isRequired\":\"1\",\"javaField\":\"factoryAddress\",\"htmlType\":\"input\",\"edit\":true,\"query\":true,\"isQuery\":\"1\",\"updateTime\":1650970744000,\"sort\":3,\"list\":true,\"params\":{},\"javaType\":\"String\",\"queryType\":\"EQ\",\"columnType\":\"varchar(255)\",\"createBy\":\"admin\",\"isPk\":\"0\",\"createTime\":1650715670000,\"isEdit\":\"1\",\"tableId\":13,\"pk\":false,\"columnName\":\"factory_address\"},{\"capJavaField\":\"PostalCode\",\"usableColumn\":false,\"columnId\":123,\"isIncrement\":\"0\",\"increment\":false,\"insert\":true,\"isList\":\"1\",\"dictType\":\"\",\"required\":true,\"superColumn\":false,\"updateBy\":\"\",\"isInsert\":\"1\",\"isRequired\":\"1\",\"javaField\":\"postalCode\",\"htmlType\":\"input\",\"edit\":true,\"query\":true,\"isQuery\":\"1\",\"updateTime\":1650970744000,\"sort','{\"msg\":\"操作成功\",\"code\":200}',0,NULL,'2022-04-26 19:16:01'),
(158,'代码生成',2,'zstu.epidemic.generator.controller.GenController.synchDb()','GET',1,'admin',NULL,'/tool/gen/synchDb/epidemic_illness_trans','127.0.0.1','内网IP','{tableName=epidemic_illness_trans}','{\"msg\":\"操作成功\",\"code\":200}',0,NULL,'2022-04-26 19:19:44'),
(159,'代码生成',2,'zstu.epidemic.generator.controller.GenController.synchDb()','GET',1,'admin',NULL,'/tool/gen/synchDb/epidemic_illness_factory','127.0.0.1','内网IP','{tableName=epidemic_illness_factory}',NULL,1,'同步数据失败，原表结构不存在','2022-04-26 19:19:45'),
(160,'代码生成',2,'zstu.epidemic.generator.controller.GenController.synchDb()','GET',1,'admin',NULL,'/tool/gen/synchDb/epidemic_comany_drug','127.0.0.1','内网IP','{tableName=epidemic_comany_drug}',NULL,1,'同步数据失败，原表结构不存在','2022-04-26 19:20:01'),
(161,'代码生成',3,'zstu.epidemic.generator.controller.GenController.remove()','DELETE',1,'admin',NULL,'/tool/gen/11','127.0.0.1','内网IP','{tableIds=11}','{\"msg\":\"操作成功\",\"code\":200}',0,NULL,'2022-04-26 19:20:08'),
(162,'代码生成',3,'zstu.epidemic.generator.controller.GenController.remove()','DELETE',1,'admin',NULL,'/tool/gen/4','127.0.0.1','内网IP','{tableIds=4}','{\"msg\":\"操作成功\",\"code\":200}',0,NULL,'2022-04-26 19:20:19'),
(163,'代码生成',6,'zstu.epidemic.generator.controller.GenController.importTableSave()','POST',1,'admin',NULL,'/tool/gen/importTable','127.0.0.1','内网IP','epidemic_drug_factory,epidemic_drug_company,epidemic_drug_illness','{\"msg\":\"操作成功\",\"code\":200}',0,NULL,'2022-04-26 19:20:49'),
(164,'代码生成',3,'zstu.epidemic.generator.controller.GenController.remove()','DELETE',1,'admin',NULL,'/tool/gen/27','127.0.0.1','内网IP','{tableIds=27}','{\"msg\":\"操作成功\",\"code\":200}',0,NULL,'2022-04-26 19:21:02'),
(165,'代码生成',2,'zstu.epidemic.generator.controller.GenController.editSave()','PUT',1,'admin',NULL,'/tool/gen','127.0.0.1','内网IP','{\"sub\":false,\"functionAuthor\":\"iwan\",\"columns\":[{\"capJavaField\":\"CompanyId\",\"usableColumn\":false,\"columnId\":209,\"isIncrement\":\"0\",\"increment\":false,\"insert\":true,\"dictType\":\"\",\"required\":false,\"superColumn\":false,\"updateBy\":\"\",\"isInsert\":\"1\",\"javaField\":\"companyId\",\"htmlType\":\"input\",\"edit\":false,\"query\":false,\"sort\":1,\"list\":false,\"params\":{},\"javaType\":\"Long\",\"queryType\":\"EQ\",\"columnType\":\"bigint\",\"createBy\":\"admin\",\"isPk\":\"1\",\"createTime\":1650972049000,\"tableId\":25,\"pk\":true,\"columnName\":\"company_id\"},{\"capJavaField\":\"DrugId\",\"usableColumn\":false,\"columnId\":210,\"isIncrement\":\"0\",\"increment\":false,\"insert\":true,\"dictType\":\"\",\"required\":false,\"superColumn\":false,\"updateBy\":\"\",\"isInsert\":\"1\",\"javaField\":\"drugId\",\"htmlType\":\"input\",\"edit\":false,\"query\":false,\"sort\":2,\"list\":false,\"params\":{},\"javaType\":\"Long\",\"queryType\":\"EQ\",\"columnType\":\"bigint\",\"createBy\":\"admin\",\"isPk\":\"1\",\"createTime\":1650972049000,\"tableId\":25,\"pk\":true,\"columnName\":\"drug_id\"}],\"businessName\":\"company\",\"moduleName\":\"illness\",\"className\":\"EpidemicDrugCompany\",\"tableName\":\"epidemic_drug_company\",\"crud\":true,\"options\":\"{\\\"parentMenuId\\\":2001}\",\"genType\":\"0\",\"packageName\":\"zstu.epidemic.illness.drug\",\"functionName\":\"公司管理\",\"tree\":false,\"tableComment\":\"公司管理\",\"params\":{\"parentMenuId\":2001},\"tplCategory\":\"crud\",\"parentMenuId\":\"2001\",\"tableId\":25,\"genPath\":\"/\"}','{\"msg\":\"操作成功\",\"code\":200}',0,NULL,'2022-04-26 19:21:51'),
(166,'代码生成',2,'zstu.epidemic.generator.controller.GenController.editSave()','PUT',1,'admin',NULL,'/tool/gen','127.0.0.1','内网IP','{\"sub\":false,\"functionAuthor\":\"iwan\",\"columns\":[{\"capJavaField\":\"FactoryId\",\"usableColumn\":false,\"columnId\":211,\"isIncrement\":\"0\",\"increment\":false,\"insert\":true,\"dictType\":\"\",\"required\":false,\"superColumn\":false,\"updateBy\":\"\",\"isInsert\":\"1\",\"javaField\":\"factoryId\",\"htmlType\":\"input\",\"edit\":false,\"query\":false,\"sort\":1,\"list\":false,\"params\":{},\"javaType\":\"Long\",\"queryType\":\"EQ\",\"columnType\":\"bigint\",\"createBy\":\"admin\",\"isPk\":\"1\",\"createTime\":1650972049000,\"tableId\":26,\"pk\":true,\"columnName\":\"factory_id\"},{\"capJavaField\":\"DrugId\",\"usableColumn\":false,\"columnId\":212,\"isIncrement\":\"0\",\"increment\":false,\"insert\":true,\"dictType\":\"\",\"required\":false,\"superColumn\":false,\"updateBy\":\"\",\"isInsert\":\"1\",\"javaField\":\"drugId\",\"htmlType\":\"input\",\"edit\":false,\"query\":false,\"sort\":2,\"list\":false,\"params\":{},\"javaType\":\"Long\",\"queryType\":\"EQ\",\"columnType\":\"bigint\",\"createBy\":\"admin\",\"isPk\":\"1\",\"createTime\":1650972049000,\"tableId\":26,\"pk\":true,\"columnName\":\"drug_id\"}],\"businessName\":\"factory\",\"moduleName\":\"drug\",\"className\":\"EpidemicDrugFactory\",\"tableName\":\"epidemic_drug_factory\",\"crud\":true,\"options\":\"{\\\"parentMenuId\\\":2001}\",\"genType\":\"0\",\"packageName\":\"zstu.epidemic.illness.drug\",\"functionName\":\"工厂管理\",\"tree\":false,\"tableComment\":\"工厂管理\",\"params\":{\"parentMenuId\":2001},\"tplCategory\":\"crud\",\"parentMenuId\":\"2001\",\"tableId\":26,\"genPath\":\"/\"}','{\"msg\":\"操作成功\",\"code\":200}',0,NULL,'2022-04-26 19:22:20'),
(167,'代码生成',3,'zstu.epidemic.generator.controller.GenController.remove()','DELETE',1,'admin',NULL,'/tool/gen/14','127.0.0.1','内网IP','{tableIds=14}','{\"msg\":\"操作成功\",\"code\":200}',0,NULL,'2022-04-26 19:24:23'),
(168,'代码生成',6,'zstu.epidemic.generator.controller.GenController.importTableSave()','POST',1,'admin',NULL,'/tool/gen/importTable','127.0.0.1','内网IP','epidemic_patient_history','{\"msg\":\"操作成功\",\"code\":200}',0,NULL,'2022-04-26 19:24:31'),
(169,'代码生成',3,'zstu.epidemic.generator.controller.GenController.remove()','DELETE',1,'admin',NULL,'/tool/gen/21','127.0.0.1','内网IP','{tableIds=21}','{\"msg\":\"操作成功\",\"code\":200}',0,NULL,'2022-04-26 19:24:42'),
(170,'代码生成',2,'zstu.epidemic.generator.controller.GenController.editSave()','PUT',1,'admin',NULL,'/tool/gen','127.0.0.1','内网IP','{\"sub\":false,\"functionAuthor\":\"iwan\",\"columns\":[{\"capJavaField\":\"PatientId\",\"usableColumn\":false,\"columnId\":215,\"isIncrement\":\"0\",\"increment\":false,\"insert\":true,\"dictType\":\"\",\"required\":false,\"superColumn\":false,\"updateBy\":\"\",\"isInsert\":\"1\",\"javaField\":\"patientId\",\"htmlType\":\"input\",\"edit\":false,\"query\":false,\"columnComment\":\"病人id\",\"sort\":1,\"list\":false,\"params\":{},\"javaType\":\"Long\",\"queryType\":\"EQ\",\"columnType\":\"bigint\",\"createBy\":\"admin\",\"isPk\":\"1\",\"createTime\":1650972271000,\"tableId\":28,\"pk\":true,\"columnName\":\"patient_id\"},{\"capJavaField\":\"IllnessId\",\"usableColumn\":false,\"columnId\":216,\"isIncrement\":\"0\",\"increment\":false,\"insert\":true,\"dictType\":\"\",\"required\":false,\"superColumn\":false,\"updateBy\":\"\",\"isInsert\":\"1\",\"javaField\":\"illnessId\",\"htmlType\":\"input\",\"edit\":false,\"query\":false,\"columnComment\":\"病id（病史未登记）\",\"sort\":2,\"list\":false,\"params\":{},\"javaType\":\"Long\",\"queryType\":\"EQ\",\"columnType\":\"bigint\",\"createBy\":\"admin\",\"isPk\":\"1\",\"createTime\":1650972271000,\"tableId\":28,\"pk\":true,\"columnName\":\"illness_id\"}],\"businessName\":\"history\",\"moduleName\":\"case\",\"className\":\"EpidemicPatientHistory\",\"tableName\":\"epidemic_patient_history\",\"crud\":true,\"options\":\"{\\\"parentMenuId\\\":2000}\",\"genType\":\"0\",\"packageName\":\"zstu.epidemic.illness\",\"functionName\":\"history\",\"tree\":false,\"tableComment\":\"病史管理\",\"params\":{\"parentMenuId\":2000},\"tplCategory\":\"crud\",\"parentMenuId\":\"2000\",\"tableId\":28,\"genPath\":\"/\"}','{\"msg\":\"操作成功\",\"code\":200}',0,NULL,'2022-04-26 19:25:12'),
(171,'代码生成',3,'zstu.epidemic.generator.controller.GenController.remove()','DELETE',1,'admin',NULL,'/tool/gen/17','127.0.0.1','内网IP','{tableIds=17}','{\"msg\":\"操作成功\",\"code\":200}',0,NULL,'2022-04-26 19:25:45'),
(172,'代码生成',2,'zstu.epidemic.generator.controller.GenController.editSave()','PUT',1,'admin',NULL,'/tool/gen','127.0.0.1','内网IP','{\"sub\":false,\"functionAuthor\":\"iwan\",\"columns\":[{\"capJavaField\":\"CompanyId\",\"usableColumn\":false,\"columnId\":39,\"isIncrement\":\"1\",\"increment\":true,\"insert\":true,\"dictType\":\"\",\"required\":false,\"superColumn\":false,\"updateBy\":\"\",\"isInsert\":\"1\",\"javaField\":\"companyId\",\"htmlType\":\"input\",\"edit\":false,\"query\":false,\"updateTime\":1650971645000,\"sort\":1,\"list\":false,\"params\":{},\"javaType\":\"Long\",\"queryType\":\"EQ\",\"columnType\":\"bigint\",\"createBy\":\"admin\",\"isPk\":\"1\",\"createTime\":1650715655000,\"tableId\":5,\"pk\":true,\"columnName\":\"company_id\"},{\"capJavaField\":\"CompantName\",\"usableColumn\":false,\"columnId\":40,\"isIncrement\":\"0\",\"increment\":false,\"insert\":true,\"isList\":\"1\",\"dictType\":\"\",\"required\":false,\"superColumn\":false,\"updateBy\":\"\",\"isInsert\":\"1\",\"javaField\":\"compantName\",\"htmlType\":\"input\",\"edit\":true,\"query\":true,\"isQuery\":\"1\",\"updateTime\":1650971645000,\"sort\":2,\"list\":true,\"params\":{},\"javaType\":\"String\",\"queryType\":\"LIKE\",\"columnType\":\"varchar(255)\",\"createBy\":\"admin\",\"isPk\":\"0\",\"createTime\":1650715655000,\"isEdit\":\"1\",\"tableId\":5,\"pk\":false,\"columnName\":\"compant_name\"},{\"capJavaField\":\"CompanyAddress\",\"usableColumn\":false,\"columnId\":41,\"isIncrement\":\"0\",\"increment\":false,\"insert\":true,\"isList\":\"1\",\"dictType\":\"\",\"required\":false,\"superColumn\":false,\"updateBy\":\"\",\"isInsert\":\"1\",\"javaField\":\"companyAddress\",\"htmlType\":\"input\",\"edit\":true,\"query\":true,\"isQuery\":\"1\",\"updateTime\":1650971645000,\"sort\":3,\"list\":true,\"params\":{},\"javaType\":\"String\",\"queryType\":\"EQ\",\"columnType\":\"varchar(255)\",\"createBy\":\"admin\",\"isPk\":\"0\",\"createTime\":1650715655000,\"isEdit\":\"1\",\"tableId\":5,\"pk\":false,\"columnName\":\"company_address\"},{\"capJavaField\":\"PostalCode\",\"usableColumn\":false,\"columnId\":42,\"isIncrement\":\"0\",\"increment\":false,\"insert\":true,\"isList\":\"1\",\"dictType\":\"\",\"required\":false,\"superColumn\":false,\"updateBy\":\"\",\"isInsert\":\"1\",\"javaField\":\"postalCode\",\"htmlType\":\"input\",\"edit\":true,\"query\":true,\"isQuery\":\"1\",\"updateTime\":1650971645000,\"sort\":4,\"list\":true,\"params\":{},\"javaType\":\"String\",\"queryT','{\"msg\":\"操作成功\",\"code\":200}',0,NULL,'2022-04-26 19:26:12'),
(173,'代码生成',2,'zstu.epidemic.generator.controller.GenController.editSave()','PUT',1,'admin',NULL,'/tool/gen','127.0.0.1','内网IP','{\"sub\":false,\"functionAuthor\":\"iwan\",\"columns\":[{\"capJavaField\":\"CompanyId\",\"usableColumn\":false,\"columnId\":209,\"isIncrement\":\"0\",\"increment\":false,\"insert\":true,\"dictType\":\"\",\"required\":false,\"superColumn\":false,\"updateBy\":\"\",\"isInsert\":\"1\",\"javaField\":\"companyId\",\"htmlType\":\"input\",\"edit\":false,\"query\":false,\"updateTime\":1650972111000,\"sort\":1,\"list\":false,\"params\":{},\"javaType\":\"Long\",\"queryType\":\"EQ\",\"columnType\":\"bigint\",\"createBy\":\"admin\",\"isPk\":\"1\",\"createTime\":1650972049000,\"tableId\":25,\"pk\":true,\"columnName\":\"company_id\"},{\"capJavaField\":\"DrugId\",\"usableColumn\":false,\"columnId\":210,\"isIncrement\":\"0\",\"increment\":false,\"insert\":true,\"dictType\":\"\",\"required\":false,\"superColumn\":false,\"updateBy\":\"\",\"isInsert\":\"1\",\"javaField\":\"drugId\",\"htmlType\":\"input\",\"edit\":false,\"query\":false,\"updateTime\":1650972111000,\"sort\":2,\"list\":false,\"params\":{},\"javaType\":\"Long\",\"queryType\":\"EQ\",\"columnType\":\"bigint\",\"createBy\":\"admin\",\"isPk\":\"1\",\"createTime\":1650972049000,\"tableId\":25,\"pk\":true,\"columnName\":\"drug_id\"}],\"businessName\":\"company\",\"moduleName\":\"illness\",\"className\":\"EpidemicDrugCompany\",\"tableName\":\"epidemic_drug_company\",\"crud\":true,\"options\":\"{\\\"parentMenuId\\\":\\\"2001\\\"}\",\"genType\":\"0\",\"packageName\":\"zstu.epidemic.illness.drug\",\"functionName\":\"公司管理\",\"tree\":false,\"tableComment\":\"公司管理\",\"params\":{\"parentMenuId\":\"2001\"},\"tplCategory\":\"crud\",\"parentMenuId\":\"2001\",\"tableId\":25,\"genPath\":\"/\"}','{\"msg\":\"操作成功\",\"code\":200}',0,NULL,'2022-04-26 19:26:18'),
(174,'代码生成',6,'zstu.epidemic.generator.controller.GenController.importTableSave()','POST',1,'admin',NULL,'/tool/gen/importTable','127.0.0.1','内网IP','epidemic_drug_illness','{\"msg\":\"操作成功\",\"code\":200}',0,NULL,'2022-04-26 19:27:35'),
(175,'代码生成',2,'zstu.epidemic.generator.controller.GenController.editSave()','PUT',1,'admin',NULL,'/tool/gen','127.0.0.1','内网IP','{\"sub\":false,\"functionAuthor\":\"iwan\",\"columns\":[{\"capJavaField\":\"DrugId\",\"usableColumn\":false,\"columnId\":217,\"isIncrement\":\"1\",\"increment\":true,\"insert\":true,\"dictType\":\"\",\"required\":false,\"superColumn\":false,\"updateBy\":\"\",\"isInsert\":\"1\",\"javaField\":\"drugId\",\"htmlType\":\"input\",\"edit\":false,\"query\":false,\"sort\":1,\"list\":false,\"params\":{},\"javaType\":\"Long\",\"queryType\":\"EQ\",\"columnType\":\"bigint\",\"createBy\":\"admin\",\"isPk\":\"1\",\"createTime\":1650972455000,\"tableId\":29,\"pk\":true,\"columnName\":\"drug_id\"},{\"capJavaField\":\"IllnessId\",\"usableColumn\":false,\"columnId\":218,\"isIncrement\":\"0\",\"increment\":false,\"insert\":true,\"dictType\":\"\",\"required\":false,\"superColumn\":false,\"updateBy\":\"\",\"isInsert\":\"1\",\"javaField\":\"illnessId\",\"htmlType\":\"input\",\"edit\":false,\"query\":false,\"sort\":2,\"list\":false,\"params\":{},\"javaType\":\"Long\",\"queryType\":\"EQ\",\"columnType\":\"bigint\",\"createBy\":\"admin\",\"isPk\":\"1\",\"createTime\":1650972455000,\"tableId\":29,\"pk\":true,\"columnName\":\"illness_id\"}],\"businessName\":\"drug\",\"moduleName\":\"illness\",\"className\":\"EpidemicDrugIllness\",\"tableName\":\"epidemic_drug_illness\",\"crud\":true,\"options\":\"{\\\"parentMenuId\\\":2001}\",\"genType\":\"0\",\"packageName\":\"zstu.epidemic.illness.drug\",\"functionName\":\"疾病药品\",\"tree\":false,\"tableComment\":\"疾病药品\",\"params\":{\"parentMenuId\":2001},\"tplCategory\":\"crud\",\"parentMenuId\":\"2001\",\"tableId\":29,\"genPath\":\"/\"}','{\"msg\":\"操作成功\",\"code\":200}',0,NULL,'2022-04-26 19:28:26'),
(176,'代码生成',2,'zstu.epidemic.generator.controller.GenController.editSave()','PUT',1,'admin',NULL,'/tool/gen','127.0.0.1','内网IP','{\"sub\":false,\"functionAuthor\":\"iwan\",\"columns\":[{\"capJavaField\":\"PassageId\",\"usableColumn\":false,\"columnId\":167,\"isIncrement\":\"1\",\"increment\":true,\"insert\":true,\"dictType\":\"\",\"required\":false,\"superColumn\":false,\"updateBy\":\"\",\"isInsert\":\"1\",\"javaField\":\"passageId\",\"htmlType\":\"input\",\"edit\":false,\"query\":false,\"columnComment\":\"文章id\",\"updateTime\":1650971225000,\"sort\":1,\"list\":false,\"params\":{},\"javaType\":\"Long\",\"queryType\":\"EQ\",\"columnType\":\"bigint\",\"createBy\":\"admin\",\"isPk\":\"1\",\"createTime\":1650715671000,\"tableId\":19,\"pk\":true,\"columnName\":\"passage_id\"},{\"capJavaField\":\"Title\",\"usableColumn\":false,\"columnId\":168,\"isIncrement\":\"0\",\"increment\":false,\"insert\":true,\"isList\":\"1\",\"dictType\":\"\",\"required\":true,\"superColumn\":false,\"updateBy\":\"\",\"isInsert\":\"1\",\"isRequired\":\"1\",\"javaField\":\"title\",\"htmlType\":\"input\",\"edit\":true,\"query\":true,\"columnComment\":\"文章标题\",\"isQuery\":\"1\",\"updateTime\":1650971225000,\"sort\":2,\"list\":true,\"params\":{},\"javaType\":\"String\",\"queryType\":\"EQ\",\"columnType\":\"varchar(50)\",\"createBy\":\"admin\",\"isPk\":\"0\",\"createTime\":1650715671000,\"isEdit\":\"1\",\"tableId\":19,\"pk\":false,\"columnName\":\"title\"},{\"capJavaField\":\"Author\",\"usableColumn\":false,\"columnId\":169,\"isIncrement\":\"0\",\"increment\":false,\"insert\":true,\"isList\":\"1\",\"dictType\":\"\",\"required\":true,\"superColumn\":false,\"updateBy\":\"\",\"isInsert\":\"1\",\"isRequired\":\"1\",\"javaField\":\"author\",\"htmlType\":\"input\",\"edit\":true,\"query\":true,\"columnComment\":\"文章作者\",\"isQuery\":\"1\",\"updateTime\":1650971225000,\"sort\":3,\"list\":true,\"params\":{},\"javaType\":\"String\",\"queryType\":\"EQ\",\"columnType\":\"varchar(50)\",\"createBy\":\"admin\",\"isPk\":\"0\",\"createTime\":1650715671000,\"isEdit\":\"1\",\"tableId\":19,\"pk\":false,\"columnName\":\"author\"},{\"capJavaField\":\"ContentId\",\"usableColumn\":false,\"columnId\":170,\"isIncrement\":\"0\",\"increment\":false,\"insert\":true,\"isList\":\"1\",\"dictType\":\"\",\"required\":true,\"superColumn\":false,\"updateBy\":\"\",\"isInsert\":\"1\",\"isRequired\":\"1\",\"javaField\":\"contentId\",\"htmlType\":\"input\",\"edit\":true,\"query\":true,\"columnComment\":\"内容id\",\"isQ','{\"msg\":\"操作成功\",\"code\":200}',0,NULL,'2022-04-26 19:29:21'),
(177,'代码生成',2,'zstu.epidemic.generator.controller.GenController.editSave()','PUT',1,'admin',NULL,'/tool/gen','127.0.0.1','内网IP','{\"sub\":false,\"functionAuthor\":\"iwan\",\"columns\":[{\"capJavaField\":\"ContentId\",\"usableColumn\":false,\"columnId\":178,\"isIncrement\":\"1\",\"increment\":true,\"insert\":true,\"dictType\":\"\",\"required\":false,\"superColumn\":false,\"updateBy\":\"\",\"isInsert\":\"1\",\"javaField\":\"contentId\",\"htmlType\":\"input\",\"edit\":false,\"query\":false,\"columnComment\":\"文章内容id\",\"updateTime\":1650971270000,\"sort\":1,\"list\":false,\"params\":{},\"javaType\":\"Long\",\"queryType\":\"EQ\",\"columnType\":\"bigint\",\"createBy\":\"admin\",\"isPk\":\"1\",\"createTime\":1650715671000,\"tableId\":20,\"pk\":true,\"columnName\":\"content_id\"},{\"capJavaField\":\"Content\",\"usableColumn\":false,\"columnId\":179,\"isIncrement\":\"0\",\"increment\":false,\"insert\":true,\"isList\":\"1\",\"dictType\":\"\",\"required\":true,\"superColumn\":false,\"updateBy\":\"\",\"isInsert\":\"1\",\"isRequired\":\"1\",\"javaField\":\"content\",\"htmlType\":\"editor\",\"edit\":true,\"query\":true,\"columnComment\":\"文章内容\",\"isQuery\":\"1\",\"updateTime\":1650971270000,\"sort\":2,\"list\":true,\"params\":{},\"javaType\":\"String\",\"queryType\":\"EQ\",\"columnType\":\"text\",\"createBy\":\"admin\",\"isPk\":\"0\",\"createTime\":1650715671000,\"isEdit\":\"1\",\"tableId\":20,\"pk\":false,\"columnName\":\"content\"},{\"capJavaField\":\"IsDelete\",\"usableColumn\":false,\"columnId\":180,\"isIncrement\":\"0\",\"increment\":false,\"insert\":true,\"isList\":\"1\",\"dictType\":\"\",\"required\":false,\"superColumn\":false,\"updateBy\":\"\",\"isInsert\":\"1\",\"javaField\":\"isDelete\",\"htmlType\":\"input\",\"edit\":true,\"query\":true,\"columnComment\":\"删除标志（0代表存在 1代表删除）\",\"isQuery\":\"1\",\"updateTime\":1650971270000,\"sort\":3,\"list\":true,\"params\":{},\"javaType\":\"Long\",\"queryType\":\"EQ\",\"columnType\":\"tinyint\",\"createBy\":\"admin\",\"isPk\":\"0\",\"createTime\":1650715671000,\"isEdit\":\"1\",\"tableId\":20,\"pk\":false,\"columnName\":\"is_delete\"},{\"capJavaField\":\"CreateTime\",\"usableColumn\":false,\"columnId\":181,\"isIncrement\":\"0\",\"increment\":false,\"insert\":true,\"dictType\":\"\",\"required\":false,\"superColumn\":true,\"updateBy\":\"\",\"isInsert\":\"1\",\"javaField\":\"createTime\",\"htmlType\":\"datetime\",\"edit\":false,\"query\":false,\"columnComment\":\"创建日期\",\"updateTime\":1650971270000,','{\"msg\":\"操作成功\",\"code\":200}',0,NULL,'2022-04-26 19:29:26'),
(178,'代码生成',2,'zstu.epidemic.generator.controller.GenController.editSave()','PUT',1,'admin',NULL,'/tool/gen','127.0.0.1','内网IP','{\"sub\":false,\"functionAuthor\":\"iwan\",\"columns\":[{\"capJavaField\":\"PassageId\",\"usableColumn\":false,\"columnId\":190,\"isIncrement\":\"1\",\"increment\":true,\"insert\":true,\"dictType\":\"\",\"required\":false,\"superColumn\":false,\"updateBy\":\"\",\"isInsert\":\"1\",\"javaField\":\"passageId\",\"htmlType\":\"input\",\"edit\":false,\"query\":false,\"updateTime\":1650971491000,\"sort\":1,\"list\":false,\"params\":{},\"javaType\":\"Long\",\"queryType\":\"EQ\",\"columnType\":\"bigint\",\"createBy\":\"admin\",\"isPk\":\"1\",\"createTime\":1650715677000,\"tableId\":23,\"pk\":true,\"columnName\":\"passage_id\"},{\"capJavaField\":\"IllnessId\",\"usableColumn\":false,\"columnId\":191,\"isIncrement\":\"0\",\"increment\":false,\"insert\":true,\"dictType\":\"\",\"required\":false,\"superColumn\":false,\"updateBy\":\"\",\"isInsert\":\"1\",\"javaField\":\"illnessId\",\"htmlType\":\"input\",\"edit\":false,\"query\":false,\"updateTime\":1650971491000,\"sort\":2,\"list\":false,\"params\":{},\"javaType\":\"Long\",\"queryType\":\"EQ\",\"columnType\":\"bigint\",\"createBy\":\"admin\",\"isPk\":\"1\",\"createTime\":1650715677000,\"tableId\":23,\"pk\":true,\"columnName\":\"illness_id\"}],\"businessName\":\"illness\",\"moduleName\":\"illness\",\"className\":\"EpidemicPassageIllness\",\"tableName\":\"epidemic_passage_illness\",\"crud\":true,\"options\":\"{\\\"parentMenuId\\\":\\\"2001\\\"}\",\"genType\":\"0\",\"packageName\":\"zstu.epidemic.illness.passage\",\"functionName\":\"文章疾病\",\"tree\":false,\"tableComment\":\"文章疾病\",\"params\":{\"parentMenuId\":\"2001\"},\"tplCategory\":\"crud\",\"parentMenuId\":\"2001\",\"tableId\":23,\"genPath\":\"/\"}','{\"msg\":\"操作成功\",\"code\":200}',0,NULL,'2022-04-26 19:29:32'),
(179,'代码生成',8,'zstu.epidemic.generator.controller.GenController.batchGenCode()','GET',1,'admin',NULL,'/tool/gen/batchGenCode','127.0.0.1','内网IP','{}',NULL,0,NULL,'2022-04-26 19:30:09'),
(180,'代码生成',8,'zstu.epidemic.generator.controller.GenController.batchGenCode()','GET',1,'admin',NULL,'/tool/gen/batchGenCode','127.0.0.1','内网IP','{}',NULL,0,NULL,'2022-04-26 19:30:12'),
(181,'代码生成',8,'zstu.epidemic.generator.controller.GenController.batchGenCode()','GET',1,'admin',NULL,'/tool/gen/batchGenCode','127.0.0.1','内网IP','{}',NULL,0,NULL,'2022-04-26 19:30:34'),
(182,'代码生成',2,'zstu.epidemic.generator.controller.GenController.editSave()','PUT',1,'admin',NULL,'/tool/gen','127.0.0.1','内网IP','{\"sub\":false,\"functionAuthor\":\"iwan\",\"columns\":[{\"capJavaField\":\"ComplicationId\",\"usableColumn\":false,\"columnId\":188,\"isIncrement\":\"0\",\"increment\":false,\"insert\":true,\"dictType\":\"\",\"required\":false,\"superColumn\":false,\"updateBy\":\"\",\"isInsert\":\"1\",\"javaField\":\"complicationId\",\"htmlType\":\"input\",\"edit\":false,\"query\":false,\"columnComment\":\"并发症id\",\"sort\":1,\"list\":false,\"params\":{},\"javaType\":\"Long\",\"queryType\":\"EQ\",\"columnType\":\"bigint\",\"createBy\":\"admin\",\"isPk\":\"1\",\"createTime\":1650715677000,\"tableId\":22,\"pk\":true,\"columnName\":\"complication_id\"},{\"capJavaField\":\"InfectiousId\",\"usableColumn\":false,\"columnId\":189,\"isIncrement\":\"0\",\"increment\":false,\"insert\":true,\"dictType\":\"\",\"required\":false,\"superColumn\":false,\"updateBy\":\"\",\"isInsert\":\"1\",\"javaField\":\"infectiousId\",\"htmlType\":\"input\",\"edit\":false,\"query\":false,\"columnComment\":\"传染病id（引发）\",\"sort\":2,\"list\":false,\"params\":{},\"javaType\":\"Long\",\"queryType\":\"EQ\",\"columnType\":\"bigint\",\"createBy\":\"admin\",\"isPk\":\"1\",\"createTime\":1650715677000,\"tableId\":22,\"pk\":true,\"columnName\":\"infectious_id\"}],\"businessName\":\"omplication\",\"moduleName\":\"illness\",\"className\":\"EpidemicOmplication\",\"tableName\":\"epidemic_omplication\",\"crud\":true,\"options\":\"{\\\"parentMenuId\\\":2001}\",\"genType\":\"0\",\"packageName\":\"zstu.epidemic.illness\",\"functionName\":\"omplication\",\"tree\":false,\"tableComment\":\"并发症管理\",\"params\":{\"parentMenuId\":2001},\"tplCategory\":\"crud\",\"parentMenuId\":\"2001\",\"tableId\":22,\"genPath\":\"/\"}','{\"msg\":\"操作成功\",\"code\":200}',0,NULL,'2022-04-26 19:31:32'),
(183,'代码生成',8,'zstu.epidemic.generator.controller.GenController.batchGenCode()','GET',1,'admin',NULL,'/tool/gen/batchGenCode','127.0.0.1','内网IP','{}',NULL,0,NULL,'2022-04-26 19:32:06'),
(184,'代码生成',2,'zstu.epidemic.generator.controller.GenController.editSave()','PUT',1,'admin',NULL,'/tool/gen','127.0.0.1','内网IP','{\"sub\":false,\"subTableName\":\"\",\"functionAuthor\":\"iwan\",\"columns\":[{\"capJavaField\":\"SequelaeId\",\"usableColumn\":false,\"columnId\":86,\"isIncrement\":\"0\",\"increment\":false,\"insert\":true,\"dictType\":\"\",\"required\":false,\"superColumn\":false,\"updateBy\":\"\",\"isInsert\":\"1\",\"javaField\":\"sequelaeId\",\"htmlType\":\"input\",\"edit\":false,\"query\":false,\"columnComment\":\"后遗症id\",\"updateTime\":1650970963000,\"sort\":1,\"list\":false,\"params\":{},\"javaType\":\"Long\",\"queryType\":\"EQ\",\"columnType\":\"bigint\",\"createBy\":\"admin\",\"isPk\":\"1\",\"createTime\":1650715655000,\"tableId\":9,\"pk\":true,\"columnName\":\"sequelae_id\"},{\"capJavaField\":\"InfectiousId\",\"usableColumn\":false,\"columnId\":87,\"isIncrement\":\"0\",\"increment\":false,\"insert\":true,\"isList\":\"1\",\"dictType\":\"\",\"required\":true,\"superColumn\":false,\"updateBy\":\"\",\"isInsert\":\"1\",\"isRequired\":\"1\",\"javaField\":\"infectiousId\",\"htmlType\":\"input\",\"edit\":true,\"query\":true,\"columnComment\":\"传染病id（引发）\",\"isQuery\":\"1\",\"updateTime\":1650970963000,\"sort\":2,\"list\":true,\"params\":{},\"javaType\":\"Long\",\"queryType\":\"EQ\",\"columnType\":\"bigint\",\"createBy\":\"admin\",\"isPk\":\"0\",\"createTime\":1650715655000,\"isEdit\":\"1\",\"tableId\":9,\"pk\":false,\"columnName\":\"infectious_id\"}],\"businessName\":\"sequelae\",\"moduleName\":\"illness\",\"className\":\"EpidemicSequelae\",\"tableName\":\"epidemic_sequelae\",\"crud\":true,\"options\":\"{\\\"parentMenuId\\\":\\\"2001\\\"}\",\"subTableFkName\":\"\",\"genType\":\"0\",\"packageName\":\"zstu.epidemic.illness\",\"functionName\":\"sequelae\",\"tree\":false,\"tableComment\":\"后遗症管理\",\"params\":{\"parentMenuId\":\"2001\"},\"tplCategory\":\"crud\",\"parentMenuId\":\"2001\",\"tableId\":9,\"genPath\":\"/\"}','{\"msg\":\"操作成功\",\"code\":200}',0,NULL,'2022-04-26 19:33:50'),
(185,'代码生成',8,'zstu.epidemic.generator.controller.GenController.batchGenCode()','GET',1,'admin',NULL,'/tool/gen/batchGenCode','127.0.0.1','内网IP','{}',NULL,0,NULL,'2022-04-26 19:33:56'),
(186,'代码生成',8,'zstu.epidemic.generator.controller.GenController.batchGenCode()','GET',1,'admin',NULL,'/tool/gen/batchGenCode','127.0.0.1','内网IP','{}',NULL,0,NULL,'2022-04-26 19:36:02'),
(187,'代码生成',8,'zstu.epidemic.generator.controller.GenController.batchGenCode()','GET',1,'admin',NULL,'/tool/gen/batchGenCode','127.0.0.1','内网IP','{}',NULL,0,NULL,'2022-04-26 19:36:16'),
(188,'代码生成',2,'zstu.epidemic.generator.controller.GenController.editSave()','PUT',1,'admin',NULL,'/tool/gen','127.0.0.1','内网IP','{\"sub\":false,\"functionAuthor\":\"iwan\",\"columns\":[{\"capJavaField\":\"FactoryId\",\"usableColumn\":false,\"columnId\":211,\"isIncrement\":\"0\",\"increment\":false,\"insert\":true,\"dictType\":\"\",\"required\":false,\"superColumn\":false,\"updateBy\":\"\",\"isInsert\":\"1\",\"javaField\":\"factoryId\",\"htmlType\":\"input\",\"edit\":false,\"query\":false,\"updateTime\":1650972140000,\"sort\":1,\"list\":false,\"params\":{},\"javaType\":\"Long\",\"queryType\":\"EQ\",\"columnType\":\"bigint\",\"createBy\":\"admin\",\"isPk\":\"1\",\"createTime\":1650972049000,\"tableId\":26,\"pk\":true,\"columnName\":\"factory_id\"},{\"capJavaField\":\"DrugId\",\"usableColumn\":false,\"columnId\":212,\"isIncrement\":\"0\",\"increment\":false,\"insert\":true,\"dictType\":\"\",\"required\":false,\"superColumn\":false,\"updateBy\":\"\",\"isInsert\":\"1\",\"javaField\":\"drugId\",\"htmlType\":\"input\",\"edit\":false,\"query\":false,\"updateTime\":1650972140000,\"sort\":2,\"list\":false,\"params\":{},\"javaType\":\"Long\",\"queryType\":\"EQ\",\"columnType\":\"bigint\",\"createBy\":\"admin\",\"isPk\":\"1\",\"createTime\":1650972049000,\"tableId\":26,\"pk\":true,\"columnName\":\"drug_id\"}],\"businessName\":\"drag_factory\",\"moduleName\":\"illness\",\"className\":\"EpidemicDrugFactory\",\"tableName\":\"epidemic_drug_factory\",\"crud\":true,\"options\":\"{\\\"parentMenuId\\\":\\\"2001\\\"}\",\"genType\":\"0\",\"packageName\":\"zstu.epidemic.illness.drug\",\"functionName\":\"工厂管理\",\"tree\":false,\"tableComment\":\"疾病工厂管理\",\"params\":{\"parentMenuId\":\"2001\"},\"tplCategory\":\"crud\",\"parentMenuId\":\"2001\",\"tableId\":26,\"genPath\":\"/\"}','{\"msg\":\"操作成功\",\"code\":200}',0,NULL,'2022-04-26 19:38:00'),
(189,'代码生成',8,'zstu.epidemic.generator.controller.GenController.batchGenCode()','GET',1,'admin',NULL,'/tool/gen/batchGenCode','127.0.0.1','内网IP','{}',NULL,0,NULL,'2022-04-26 19:38:09'),
(190,'代码生成',2,'zstu.epidemic.generator.controller.GenController.editSave()','PUT',1,'admin',NULL,'/tool/gen','127.0.0.1','内网IP','{\"sub\":false,\"functionAuthor\":\"iwan\",\"columns\":[{\"capJavaField\":\"CompanyId\",\"usableColumn\":false,\"columnId\":209,\"isIncrement\":\"0\",\"increment\":false,\"insert\":true,\"dictType\":\"\",\"required\":false,\"superColumn\":false,\"updateBy\":\"\",\"isInsert\":\"1\",\"javaField\":\"companyId\",\"htmlType\":\"input\",\"edit\":false,\"query\":false,\"updateTime\":1650972378000,\"sort\":1,\"list\":false,\"params\":{},\"javaType\":\"Long\",\"queryType\":\"EQ\",\"columnType\":\"bigint\",\"createBy\":\"admin\",\"isPk\":\"1\",\"createTime\":1650972049000,\"tableId\":25,\"pk\":true,\"columnName\":\"company_id\"},{\"capJavaField\":\"DrugId\",\"usableColumn\":false,\"columnId\":210,\"isIncrement\":\"0\",\"increment\":false,\"insert\":true,\"dictType\":\"\",\"required\":false,\"superColumn\":false,\"updateBy\":\"\",\"isInsert\":\"1\",\"javaField\":\"drugId\",\"htmlType\":\"input\",\"edit\":false,\"query\":false,\"updateTime\":1650972378000,\"sort\":2,\"list\":false,\"params\":{},\"javaType\":\"Long\",\"queryType\":\"EQ\",\"columnType\":\"bigint\",\"createBy\":\"admin\",\"isPk\":\"1\",\"createTime\":1650972049000,\"tableId\":25,\"pk\":true,\"columnName\":\"drug_id\"}],\"businessName\":\"company\",\"moduleName\":\"illness\",\"className\":\"EpidemicDrugCompany\",\"tableName\":\"epidemic_drug_company\",\"crud\":true,\"options\":\"{\\\"parentMenuId\\\":\\\"2001\\\"}\",\"genType\":\"0\",\"packageName\":\"zstu.epidemic.illness\",\"functionName\":\"公司管理\",\"tree\":false,\"tableComment\":\"公司管理\",\"params\":{\"parentMenuId\":\"2001\"},\"tplCategory\":\"crud\",\"parentMenuId\":\"2001\",\"tableId\":25,\"genPath\":\"/\"}','{\"msg\":\"操作成功\",\"code\":200}',0,NULL,'2022-04-26 19:39:42'),
(191,'代码生成',2,'zstu.epidemic.generator.controller.GenController.editSave()','PUT',1,'admin',NULL,'/tool/gen','127.0.0.1','内网IP','{\"sub\":false,\"functionAuthor\":\"iwan\",\"columns\":[{\"capJavaField\":\"FactoryId\",\"usableColumn\":false,\"columnId\":211,\"isIncrement\":\"0\",\"increment\":false,\"insert\":true,\"dictType\":\"\",\"required\":false,\"superColumn\":false,\"updateBy\":\"\",\"isInsert\":\"1\",\"javaField\":\"factoryId\",\"htmlType\":\"input\",\"edit\":false,\"query\":false,\"updateTime\":1650973080000,\"sort\":1,\"list\":false,\"params\":{},\"javaType\":\"Long\",\"queryType\":\"EQ\",\"columnType\":\"bigint\",\"createBy\":\"admin\",\"isPk\":\"1\",\"createTime\":1650972049000,\"tableId\":26,\"pk\":true,\"columnName\":\"factory_id\"},{\"capJavaField\":\"DrugId\",\"usableColumn\":false,\"columnId\":212,\"isIncrement\":\"0\",\"increment\":false,\"insert\":true,\"dictType\":\"\",\"required\":false,\"superColumn\":false,\"updateBy\":\"\",\"isInsert\":\"1\",\"javaField\":\"drugId\",\"htmlType\":\"input\",\"edit\":false,\"query\":false,\"updateTime\":1650973080000,\"sort\":2,\"list\":false,\"params\":{},\"javaType\":\"Long\",\"queryType\":\"EQ\",\"columnType\":\"bigint\",\"createBy\":\"admin\",\"isPk\":\"1\",\"createTime\":1650972049000,\"tableId\":26,\"pk\":true,\"columnName\":\"drug_id\"}],\"businessName\":\"drag_factory\",\"moduleName\":\"illness\",\"className\":\"EpidemicDrugFactory\",\"tableName\":\"epidemic_drug_factory\",\"crud\":true,\"options\":\"{\\\"parentMenuId\\\":\\\"2001\\\"}\",\"genType\":\"0\",\"packageName\":\"zstu.epidemic.illness\",\"functionName\":\"工厂管理\",\"tree\":false,\"tableComment\":\"疾病工厂管理\",\"params\":{\"parentMenuId\":\"2001\"},\"tplCategory\":\"crud\",\"parentMenuId\":\"2001\",\"tableId\":26,\"genPath\":\"/\"}','{\"msg\":\"操作成功\",\"code\":200}',0,NULL,'2022-04-26 19:39:47'),
(192,'代码生成',2,'zstu.epidemic.generator.controller.GenController.editSave()','PUT',1,'admin',NULL,'/tool/gen','127.0.0.1','内网IP','{\"sub\":false,\"functionAuthor\":\"iwan\",\"columns\":[{\"capJavaField\":\"DrugId\",\"usableColumn\":false,\"columnId\":217,\"isIncrement\":\"1\",\"increment\":true,\"insert\":true,\"dictType\":\"\",\"required\":false,\"superColumn\":false,\"updateBy\":\"\",\"isInsert\":\"1\",\"javaField\":\"drugId\",\"htmlType\":\"input\",\"edit\":false,\"query\":false,\"updateTime\":1650972506000,\"sort\":1,\"list\":false,\"params\":{},\"javaType\":\"Long\",\"queryType\":\"EQ\",\"columnType\":\"bigint\",\"createBy\":\"admin\",\"isPk\":\"1\",\"createTime\":1650972455000,\"tableId\":29,\"pk\":true,\"columnName\":\"drug_id\"},{\"capJavaField\":\"IllnessId\",\"usableColumn\":false,\"columnId\":218,\"isIncrement\":\"0\",\"increment\":false,\"insert\":true,\"dictType\":\"\",\"required\":false,\"superColumn\":false,\"updateBy\":\"\",\"isInsert\":\"1\",\"javaField\":\"illnessId\",\"htmlType\":\"input\",\"edit\":false,\"query\":false,\"updateTime\":1650972506000,\"sort\":2,\"list\":false,\"params\":{},\"javaType\":\"Long\",\"queryType\":\"EQ\",\"columnType\":\"bigint\",\"createBy\":\"admin\",\"isPk\":\"1\",\"createTime\":1650972455000,\"tableId\":29,\"pk\":true,\"columnName\":\"illness_id\"}],\"businessName\":\"drug\",\"moduleName\":\"illness\",\"className\":\"EpidemicDrugIllness\",\"tableName\":\"epidemic_drug_illness\",\"crud\":true,\"options\":\"{\\\"parentMenuId\\\":\\\"2001\\\"}\",\"genType\":\"0\",\"packageName\":\"zstu.epidemic.illness\",\"functionName\":\"疾病药品\",\"tree\":false,\"tableComment\":\"疾病药品\",\"params\":{\"parentMenuId\":\"2001\"},\"tplCategory\":\"crud\",\"parentMenuId\":\"2001\",\"tableId\":29,\"genPath\":\"/\"}','{\"msg\":\"操作成功\",\"code\":200}',0,NULL,'2022-04-26 19:39:52'),
(193,'代码生成',2,'zstu.epidemic.generator.controller.GenController.editSave()','PUT',1,'admin',NULL,'/tool/gen','127.0.0.1','内网IP','{\"sub\":false,\"functionAuthor\":\"iwan\",\"columns\":[{\"capJavaField\":\"CompanyId\",\"usableColumn\":false,\"columnId\":39,\"isIncrement\":\"1\",\"increment\":true,\"insert\":true,\"dictType\":\"\",\"required\":false,\"superColumn\":false,\"updateBy\":\"\",\"isInsert\":\"1\",\"javaField\":\"companyId\",\"htmlType\":\"input\",\"edit\":false,\"query\":false,\"updateTime\":1650972372000,\"sort\":1,\"list\":false,\"params\":{},\"javaType\":\"Long\",\"queryType\":\"EQ\",\"columnType\":\"bigint\",\"createBy\":\"admin\",\"isPk\":\"1\",\"createTime\":1650715655000,\"tableId\":5,\"pk\":true,\"columnName\":\"company_id\"},{\"capJavaField\":\"CompantName\",\"usableColumn\":false,\"columnId\":40,\"isIncrement\":\"0\",\"increment\":false,\"insert\":true,\"isList\":\"1\",\"dictType\":\"\",\"required\":false,\"superColumn\":false,\"updateBy\":\"\",\"isInsert\":\"1\",\"javaField\":\"compantName\",\"htmlType\":\"input\",\"edit\":true,\"query\":true,\"isQuery\":\"1\",\"updateTime\":1650972372000,\"sort\":2,\"list\":true,\"params\":{},\"javaType\":\"String\",\"queryType\":\"LIKE\",\"columnType\":\"varchar(255)\",\"createBy\":\"admin\",\"isPk\":\"0\",\"createTime\":1650715655000,\"isEdit\":\"1\",\"tableId\":5,\"pk\":false,\"columnName\":\"compant_name\"},{\"capJavaField\":\"CompanyAddress\",\"usableColumn\":false,\"columnId\":41,\"isIncrement\":\"0\",\"increment\":false,\"insert\":true,\"isList\":\"1\",\"dictType\":\"\",\"required\":false,\"superColumn\":false,\"updateBy\":\"\",\"isInsert\":\"1\",\"javaField\":\"companyAddress\",\"htmlType\":\"input\",\"edit\":true,\"query\":true,\"isQuery\":\"1\",\"updateTime\":1650972372000,\"sort\":3,\"list\":true,\"params\":{},\"javaType\":\"String\",\"queryType\":\"EQ\",\"columnType\":\"varchar(255)\",\"createBy\":\"admin\",\"isPk\":\"0\",\"createTime\":1650715655000,\"isEdit\":\"1\",\"tableId\":5,\"pk\":false,\"columnName\":\"company_address\"},{\"capJavaField\":\"PostalCode\",\"usableColumn\":false,\"columnId\":42,\"isIncrement\":\"0\",\"increment\":false,\"insert\":true,\"isList\":\"1\",\"dictType\":\"\",\"required\":false,\"superColumn\":false,\"updateBy\":\"\",\"isInsert\":\"1\",\"javaField\":\"postalCode\",\"htmlType\":\"input\",\"edit\":true,\"query\":true,\"isQuery\":\"1\",\"updateTime\":1650972372000,\"sort\":4,\"list\":true,\"params\":{},\"javaType\":\"String\",\"queryT','{\"msg\":\"操作成功\",\"code\":200}',0,NULL,'2022-04-26 19:40:11'),
(194,'代码生成',2,'zstu.epidemic.generator.controller.GenController.editSave()','PUT',1,'admin',NULL,'/tool/gen','127.0.0.1','内网IP','{\"sub\":false,\"functionAuthor\":\"iwan\",\"columns\":[{\"capJavaField\":\"FactoryId\",\"usableColumn\":false,\"columnId\":120,\"isIncrement\":\"1\",\"increment\":true,\"insert\":true,\"dictType\":\"\",\"required\":false,\"superColumn\":false,\"updateBy\":\"\",\"isInsert\":\"1\",\"javaField\":\"factoryId\",\"htmlType\":\"input\",\"edit\":false,\"query\":false,\"updateTime\":1650971761000,\"sort\":1,\"list\":false,\"params\":{},\"javaType\":\"Long\",\"queryType\":\"EQ\",\"columnType\":\"bigint\",\"createBy\":\"admin\",\"isPk\":\"1\",\"createTime\":1650715670000,\"tableId\":13,\"pk\":true,\"columnName\":\"factory_id\"},{\"capJavaField\":\"FactoryName\",\"usableColumn\":false,\"columnId\":121,\"isIncrement\":\"0\",\"increment\":false,\"insert\":true,\"isList\":\"1\",\"dictType\":\"\",\"required\":true,\"superColumn\":false,\"updateBy\":\"\",\"isInsert\":\"1\",\"isRequired\":\"1\",\"javaField\":\"factoryName\",\"htmlType\":\"input\",\"edit\":true,\"query\":true,\"isQuery\":\"1\",\"updateTime\":1650971761000,\"sort\":2,\"list\":true,\"params\":{},\"javaType\":\"String\",\"queryType\":\"LIKE\",\"columnType\":\"varchar(255)\",\"createBy\":\"admin\",\"isPk\":\"0\",\"createTime\":1650715670000,\"isEdit\":\"1\",\"tableId\":13,\"pk\":false,\"columnName\":\"factory_name\"},{\"capJavaField\":\"FactoryAddress\",\"usableColumn\":false,\"columnId\":122,\"isIncrement\":\"0\",\"increment\":false,\"insert\":true,\"isList\":\"1\",\"dictType\":\"\",\"required\":true,\"superColumn\":false,\"updateBy\":\"\",\"isInsert\":\"1\",\"isRequired\":\"1\",\"javaField\":\"factoryAddress\",\"htmlType\":\"input\",\"edit\":true,\"query\":true,\"isQuery\":\"1\",\"updateTime\":1650971761000,\"sort\":3,\"list\":true,\"params\":{},\"javaType\":\"String\",\"queryType\":\"EQ\",\"columnType\":\"varchar(255)\",\"createBy\":\"admin\",\"isPk\":\"0\",\"createTime\":1650715670000,\"isEdit\":\"1\",\"tableId\":13,\"pk\":false,\"columnName\":\"factory_address\"},{\"capJavaField\":\"PostalCode\",\"usableColumn\":false,\"columnId\":123,\"isIncrement\":\"0\",\"increment\":false,\"insert\":true,\"isList\":\"1\",\"dictType\":\"\",\"required\":true,\"superColumn\":false,\"updateBy\":\"\",\"isInsert\":\"1\",\"isRequired\":\"1\",\"javaField\":\"postalCode\",\"htmlType\":\"input\",\"edit\":true,\"query\":true,\"isQuery\":\"1\",\"updateTime\":1650971761000,\"sort','{\"msg\":\"操作成功\",\"code\":200}',0,NULL,'2022-04-26 19:40:24'),
(195,'代码生成',2,'zstu.epidemic.generator.controller.GenController.editSave()','PUT',1,'admin',NULL,'/tool/gen','127.0.0.1','内网IP','{\"sub\":false,\"functionAuthor\":\"iwan\",\"columns\":[{\"capJavaField\":\"TransmissionId\",\"usableColumn\":false,\"columnId\":88,\"isIncrement\":\"1\",\"increment\":true,\"insert\":true,\"dictType\":\"\",\"required\":false,\"superColumn\":false,\"updateBy\":\"\",\"isInsert\":\"1\",\"javaField\":\"transmissionId\",\"htmlType\":\"input\",\"edit\":false,\"query\":false,\"columnComment\":\"传播途径id\",\"updateTime\":1650971682000,\"sort\":1,\"list\":false,\"params\":{},\"javaType\":\"Long\",\"queryType\":\"EQ\",\"columnType\":\"bigint\",\"createBy\":\"admin\",\"isPk\":\"1\",\"createTime\":1650715655000,\"tableId\":10,\"pk\":true,\"columnName\":\"transmission_id\"},{\"capJavaField\":\"TransmissionName\",\"usableColumn\":false,\"columnId\":89,\"isIncrement\":\"0\",\"increment\":false,\"insert\":true,\"isList\":\"1\",\"dictType\":\"\",\"required\":true,\"superColumn\":false,\"updateBy\":\"\",\"isInsert\":\"1\",\"isRequired\":\"1\",\"javaField\":\"transmissionName\",\"htmlType\":\"input\",\"edit\":true,\"query\":true,\"columnComment\":\"传播途径名\",\"isQuery\":\"1\",\"updateTime\":1650971682000,\"sort\":2,\"list\":true,\"params\":{},\"javaType\":\"String\",\"queryType\":\"LIKE\",\"columnType\":\"varchar(30)\",\"createBy\":\"admin\",\"isPk\":\"0\",\"createTime\":1650715655000,\"isEdit\":\"1\",\"tableId\":10,\"pk\":false,\"columnName\":\"transmission_name\"},{\"capJavaField\":\"Distance\",\"usableColumn\":false,\"columnId\":90,\"isIncrement\":\"0\",\"increment\":false,\"insert\":true,\"isList\":\"1\",\"dictType\":\"\",\"required\":true,\"superColumn\":false,\"updateBy\":\"\",\"isInsert\":\"1\",\"isRequired\":\"1\",\"javaField\":\"distance\",\"htmlType\":\"input\",\"edit\":true,\"query\":true,\"columnComment\":\"影响范围\",\"isQuery\":\"1\",\"updateTime\":1650971682000,\"sort\":3,\"list\":true,\"params\":{},\"javaType\":\"String\",\"queryType\":\"EQ\",\"columnType\":\"varchar(10)\",\"createBy\":\"admin\",\"isPk\":\"0\",\"createTime\":1650715655000,\"isEdit\":\"1\",\"tableId\":10,\"pk\":false,\"columnName\":\"distance\"},{\"capJavaField\":\"Duration\",\"usableColumn\":false,\"columnId\":91,\"isIncrement\":\"0\",\"increment\":false,\"insert\":true,\"isList\":\"1\",\"dictType\":\"\",\"required\":true,\"superColumn\":false,\"updateBy\":\"\",\"isInsert\":\"1\",\"isRequired\":\"1\",\"javaField\":\"duration\",\"htmlType\":\"input','{\"msg\":\"操作成功\",\"code\":200}',0,NULL,'2022-04-26 19:40:42'),
(196,'代码生成',2,'zstu.epidemic.generator.controller.GenController.editSave()','PUT',1,'admin',NULL,'/tool/gen','127.0.0.1','内网IP','{\"sub\":false,\"functionAuthor\":\"iwan\",\"columns\":[{\"capJavaField\":\"TransId\",\"usableColumn\":false,\"columnId\":165,\"isIncrement\":\"1\",\"increment\":true,\"insert\":true,\"required\":false,\"superColumn\":false,\"isInsert\":\"1\",\"javaField\":\"transId\",\"htmlType\":\"input\",\"edit\":false,\"query\":false,\"columnComment\":\"\",\"updateTime\":1650971984000,\"sort\":1,\"list\":false,\"params\":{},\"javaType\":\"Long\",\"queryType\":\"EQ\",\"columnType\":\"bigint\",\"createBy\":\"admin\",\"isPk\":\"1\",\"createTime\":1650715671000,\"tableId\":18,\"pk\":true,\"columnName\":\"trans_id\"},{\"capJavaField\":\"IllnessId\",\"usableColumn\":false,\"columnId\":166,\"isIncrement\":\"0\",\"increment\":false,\"insert\":true,\"required\":false,\"superColumn\":false,\"isInsert\":\"1\",\"javaField\":\"illnessId\",\"htmlType\":\"input\",\"edit\":false,\"query\":false,\"columnComment\":\"\",\"updateTime\":1650971984000,\"sort\":2,\"list\":false,\"params\":{},\"javaType\":\"Long\",\"queryType\":\"EQ\",\"columnType\":\"bigint\",\"createBy\":\"admin\",\"isPk\":\"1\",\"createTime\":1650715671000,\"tableId\":18,\"pk\":true,\"columnName\":\"illness_id\"}],\"businessName\":\"illness_trans\",\"moduleName\":\"illness\",\"className\":\"EpidemicIllnessTrans\",\"tableName\":\"epidemic_illness_trans\",\"crud\":true,\"options\":\"{\\\"parentMenuId\\\":\\\"2001\\\"}\",\"genType\":\"0\",\"packageName\":\"zstu.epidemic.illness\",\"functionName\":\"疾病传播方式\",\"tree\":false,\"tableComment\":\"疾病传播方式\",\"params\":{\"parentMenuId\":\"2001\"},\"tplCategory\":\"crud\",\"parentMenuId\":\"2001\",\"tableId\":18,\"genPath\":\"/\"}','{\"msg\":\"操作成功\",\"code\":200}',0,NULL,'2022-04-26 19:40:49'),
(197,'代码生成',8,'zstu.epidemic.generator.controller.GenController.batchGenCode()','GET',1,'admin',NULL,'/tool/gen/batchGenCode','127.0.0.1','内网IP','{}',NULL,0,NULL,'2022-04-26 19:41:22'),
(198,'代码生成',2,'zstu.epidemic.generator.controller.GenController.editSave()','PUT',1,'admin',NULL,'/tool/gen','127.0.0.1','内网IP','{\"sub\":false,\"functionAuthor\":\"iwan\",\"columns\":[{\"capJavaField\":\"PassageId\",\"usableColumn\":false,\"columnId\":167,\"isIncrement\":\"1\",\"increment\":true,\"insert\":true,\"dictType\":\"\",\"required\":false,\"superColumn\":false,\"updateBy\":\"\",\"isInsert\":\"1\",\"javaField\":\"passageId\",\"htmlType\":\"input\",\"edit\":false,\"query\":false,\"columnComment\":\"文章id\",\"updateTime\":1650972561000,\"sort\":1,\"list\":false,\"params\":{},\"javaType\":\"Long\",\"queryType\":\"EQ\",\"columnType\":\"bigint\",\"createBy\":\"admin\",\"isPk\":\"1\",\"createTime\":1650715671000,\"tableId\":19,\"pk\":true,\"columnName\":\"passage_id\"},{\"capJavaField\":\"Title\",\"usableColumn\":false,\"columnId\":168,\"isIncrement\":\"0\",\"increment\":false,\"insert\":true,\"isList\":\"1\",\"dictType\":\"\",\"required\":true,\"superColumn\":false,\"updateBy\":\"\",\"isInsert\":\"1\",\"isRequired\":\"1\",\"javaField\":\"title\",\"htmlType\":\"input\",\"edit\":true,\"query\":true,\"columnComment\":\"文章标题\",\"isQuery\":\"1\",\"updateTime\":1650972561000,\"sort\":2,\"list\":true,\"params\":{},\"javaType\":\"String\",\"queryType\":\"EQ\",\"columnType\":\"varchar(50)\",\"createBy\":\"admin\",\"isPk\":\"0\",\"createTime\":1650715671000,\"isEdit\":\"1\",\"tableId\":19,\"pk\":false,\"columnName\":\"title\"},{\"capJavaField\":\"Author\",\"usableColumn\":false,\"columnId\":169,\"isIncrement\":\"0\",\"increment\":false,\"insert\":true,\"isList\":\"1\",\"dictType\":\"\",\"required\":true,\"superColumn\":false,\"updateBy\":\"\",\"isInsert\":\"1\",\"isRequired\":\"1\",\"javaField\":\"author\",\"htmlType\":\"input\",\"edit\":true,\"query\":true,\"columnComment\":\"文章作者\",\"isQuery\":\"1\",\"updateTime\":1650972561000,\"sort\":3,\"list\":true,\"params\":{},\"javaType\":\"String\",\"queryType\":\"EQ\",\"columnType\":\"varchar(50)\",\"createBy\":\"admin\",\"isPk\":\"0\",\"createTime\":1650715671000,\"isEdit\":\"1\",\"tableId\":19,\"pk\":false,\"columnName\":\"author\"},{\"capJavaField\":\"ContentId\",\"usableColumn\":false,\"columnId\":170,\"isIncrement\":\"0\",\"increment\":false,\"insert\":true,\"isList\":\"1\",\"dictType\":\"\",\"required\":true,\"superColumn\":false,\"updateBy\":\"\",\"isInsert\":\"1\",\"isRequired\":\"1\",\"javaField\":\"contentId\",\"htmlType\":\"input\",\"edit\":true,\"query\":true,\"columnComment\":\"内容id\",\"isQ','{\"msg\":\"操作成功\",\"code\":200}',0,NULL,'2022-04-26 19:43:43'),
(199,'代码生成',2,'zstu.epidemic.generator.controller.GenController.editSave()','PUT',1,'admin',NULL,'/tool/gen','127.0.0.1','内网IP','{\"sub\":false,\"functionAuthor\":\"iwan\",\"columns\":[{\"capJavaField\":\"ContentId\",\"usableColumn\":false,\"columnId\":178,\"isIncrement\":\"1\",\"increment\":true,\"insert\":true,\"dictType\":\"\",\"required\":false,\"superColumn\":false,\"updateBy\":\"\",\"isInsert\":\"1\",\"javaField\":\"contentId\",\"htmlType\":\"input\",\"edit\":false,\"query\":false,\"columnComment\":\"文章内容id\",\"updateTime\":1650972566000,\"sort\":1,\"list\":false,\"params\":{},\"javaType\":\"Long\",\"queryType\":\"EQ\",\"columnType\":\"bigint\",\"createBy\":\"admin\",\"isPk\":\"1\",\"createTime\":1650715671000,\"tableId\":20,\"pk\":true,\"columnName\":\"content_id\"},{\"capJavaField\":\"Content\",\"usableColumn\":false,\"columnId\":179,\"isIncrement\":\"0\",\"increment\":false,\"insert\":true,\"isList\":\"1\",\"dictType\":\"\",\"required\":true,\"superColumn\":false,\"updateBy\":\"\",\"isInsert\":\"1\",\"isRequired\":\"1\",\"javaField\":\"content\",\"htmlType\":\"editor\",\"edit\":true,\"query\":true,\"columnComment\":\"文章内容\",\"isQuery\":\"1\",\"updateTime\":1650972566000,\"sort\":2,\"list\":true,\"params\":{},\"javaType\":\"String\",\"queryType\":\"EQ\",\"columnType\":\"text\",\"createBy\":\"admin\",\"isPk\":\"0\",\"createTime\":1650715671000,\"isEdit\":\"1\",\"tableId\":20,\"pk\":false,\"columnName\":\"content\"},{\"capJavaField\":\"IsDelete\",\"usableColumn\":false,\"columnId\":180,\"isIncrement\":\"0\",\"increment\":false,\"insert\":true,\"isList\":\"1\",\"dictType\":\"\",\"required\":false,\"superColumn\":false,\"updateBy\":\"\",\"isInsert\":\"1\",\"javaField\":\"isDelete\",\"htmlType\":\"input\",\"edit\":true,\"query\":true,\"columnComment\":\"删除标志（0代表存在 1代表删除）\",\"isQuery\":\"1\",\"updateTime\":1650972566000,\"sort\":3,\"list\":true,\"params\":{},\"javaType\":\"Long\",\"queryType\":\"EQ\",\"columnType\":\"tinyint\",\"createBy\":\"admin\",\"isPk\":\"0\",\"createTime\":1650715671000,\"isEdit\":\"1\",\"tableId\":20,\"pk\":false,\"columnName\":\"is_delete\"},{\"capJavaField\":\"CreateTime\",\"usableColumn\":false,\"columnId\":181,\"isIncrement\":\"0\",\"increment\":false,\"insert\":true,\"dictType\":\"\",\"required\":false,\"superColumn\":true,\"updateBy\":\"\",\"isInsert\":\"1\",\"javaField\":\"createTime\",\"htmlType\":\"datetime\",\"edit\":false,\"query\":false,\"columnComment\":\"创建日期\",\"updateTime\":1650972566000,','{\"msg\":\"操作成功\",\"code\":200}',0,NULL,'2022-04-26 19:43:49'),
(200,'代码生成',2,'zstu.epidemic.generator.controller.GenController.editSave()','PUT',1,'admin',NULL,'/tool/gen','127.0.0.1','内网IP','{\"sub\":false,\"functionAuthor\":\"iwan\",\"columns\":[{\"capJavaField\":\"PassageId\",\"usableColumn\":false,\"columnId\":190,\"isIncrement\":\"1\",\"increment\":true,\"insert\":true,\"dictType\":\"\",\"required\":false,\"superColumn\":false,\"updateBy\":\"\",\"isInsert\":\"1\",\"javaField\":\"passageId\",\"htmlType\":\"input\",\"edit\":false,\"query\":false,\"updateTime\":1650972572000,\"sort\":1,\"list\":false,\"params\":{},\"javaType\":\"Long\",\"queryType\":\"EQ\",\"columnType\":\"bigint\",\"createBy\":\"admin\",\"isPk\":\"1\",\"createTime\":1650715677000,\"tableId\":23,\"pk\":true,\"columnName\":\"passage_id\"},{\"capJavaField\":\"IllnessId\",\"usableColumn\":false,\"columnId\":191,\"isIncrement\":\"0\",\"increment\":false,\"insert\":true,\"dictType\":\"\",\"required\":false,\"superColumn\":false,\"updateBy\":\"\",\"isInsert\":\"1\",\"javaField\":\"illnessId\",\"htmlType\":\"input\",\"edit\":false,\"query\":false,\"updateTime\":1650972572000,\"sort\":2,\"list\":false,\"params\":{},\"javaType\":\"Long\",\"queryType\":\"EQ\",\"columnType\":\"bigint\",\"createBy\":\"admin\",\"isPk\":\"1\",\"createTime\":1650715677000,\"tableId\":23,\"pk\":true,\"columnName\":\"illness_id\"}],\"businessName\":\"illness\",\"moduleName\":\"illness\",\"className\":\"EpidemicPassageIllness\",\"tableName\":\"epidemic_passage_illness\",\"crud\":true,\"options\":\"{\\\"parentMenuId\\\":\\\"2001\\\"}\",\"genType\":\"0\",\"packageName\":\"zstu.epidemic.illness\",\"functionName\":\"文章疾病\",\"tree\":false,\"tableComment\":\"文章疾病\",\"params\":{\"parentMenuId\":\"2001\"},\"tplCategory\":\"crud\",\"parentMenuId\":\"2001\",\"tableId\":23,\"genPath\":\"/\"}','{\"msg\":\"操作成功\",\"code\":200}',0,NULL,'2022-04-26 19:43:56'),
(201,'代码生成',8,'zstu.epidemic.generator.controller.GenController.batchGenCode()','GET',1,'admin',NULL,'/tool/gen/batchGenCode','127.0.0.1','内网IP','{}',NULL,0,NULL,'2022-04-26 19:44:09'),
(202,'代码生成',2,'zstu.epidemic.generator.controller.GenController.editSave()','PUT',1,'admin',NULL,'/tool/gen','127.0.0.1','内网IP','{\"sub\":false,\"subTableName\":\"\",\"functionAuthor\":\"iwan\",\"columns\":[{\"capJavaField\":\"CaseId\",\"usableColumn\":false,\"columnId\":1,\"isIncrement\":\"1\",\"increment\":true,\"insert\":true,\"required\":false,\"superColumn\":false,\"isInsert\":\"1\",\"javaField\":\"caseId\",\"htmlType\":\"input\",\"edit\":false,\"query\":false,\"columnComment\":\"病例id\",\"updateTime\":1650971610000,\"sort\":1,\"list\":false,\"params\":{},\"javaType\":\"Long\",\"queryType\":\"EQ\",\"columnType\":\"bigint\",\"createBy\":\"admin\",\"isPk\":\"1\",\"createTime\":1650715655000,\"tableId\":1,\"pk\":true,\"columnName\":\"case_id\"},{\"capJavaField\":\"PatientId\",\"usableColumn\":false,\"columnId\":2,\"isIncrement\":\"0\",\"increment\":false,\"insert\":true,\"isList\":\"1\",\"dictType\":\"\",\"required\":true,\"superColumn\":false,\"isInsert\":\"1\",\"isRequired\":\"1\",\"javaField\":\"patientId\",\"htmlType\":\"input\",\"edit\":true,\"query\":true,\"columnComment\":\"患者id\",\"isQuery\":\"1\",\"updateTime\":1650971610000,\"sort\":2,\"list\":true,\"params\":{},\"javaType\":\"Long\",\"queryType\":\"EQ\",\"columnType\":\"bigint\",\"createBy\":\"admin\",\"isPk\":\"0\",\"createTime\":1650715655000,\"isEdit\":\"1\",\"tableId\":1,\"pk\":false,\"columnName\":\"patient_id\"},{\"capJavaField\":\"IllnessId\",\"usableColumn\":false,\"columnId\":3,\"isIncrement\":\"0\",\"increment\":false,\"insert\":true,\"isList\":\"1\",\"dictType\":\"\",\"required\":true,\"superColumn\":false,\"isInsert\":\"1\",\"isRequired\":\"1\",\"javaField\":\"illnessId\",\"htmlType\":\"input\",\"edit\":true,\"query\":true,\"columnComment\":\"病id\",\"isQuery\":\"1\",\"updateTime\":1650971611000,\"sort\":3,\"list\":true,\"params\":{},\"javaType\":\"Long\",\"queryType\":\"EQ\",\"columnType\":\"bigint\",\"createBy\":\"admin\",\"isPk\":\"0\",\"createTime\":1650715655000,\"isEdit\":\"1\",\"tableId\":1,\"pk\":false,\"columnName\":\"illness_id\"},{\"capJavaField\":\"InfectedRegionId\",\"usableColumn\":false,\"columnId\":4,\"isIncrement\":\"0\",\"increment\":false,\"insert\":true,\"isList\":\"1\",\"dictType\":\"\",\"required\":true,\"superColumn\":false,\"isInsert\":\"1\",\"isRequired\":\"1\",\"javaField\":\"infectedRegionId\",\"htmlType\":\"input\",\"edit\":true,\"query\":true,\"columnComment\":\"感染地区id\",\"isQuery\":\"1\",\"updateTime\":1650971611000,\"sort\":4,\"l','{\"msg\":\"操作成功\",\"code\":200}',0,NULL,'2022-04-26 20:55:37'),
(203,'代码生成',2,'zstu.epidemic.generator.controller.GenController.editSave()','PUT',1,'admin',NULL,'/tool/gen','127.0.0.1','内网IP','{\"sub\":false,\"functionAuthor\":\"iwan\",\"columns\":[{\"capJavaField\":\"CaseHospitalId\",\"usableColumn\":false,\"columnId\":17,\"isIncrement\":\"1\",\"increment\":true,\"insert\":true,\"dictType\":\"\",\"required\":false,\"superColumn\":false,\"updateBy\":\"\",\"isInsert\":\"1\",\"javaField\":\"caseHospitalId\",\"htmlType\":\"input\",\"edit\":false,\"query\":false,\"columnComment\":\"病例医院id\",\"updateTime\":1650971616000,\"sort\":1,\"list\":false,\"params\":{},\"javaType\":\"Long\",\"queryType\":\"EQ\",\"columnType\":\"bigint\",\"createBy\":\"admin\",\"isPk\":\"1\",\"createTime\":1650715655000,\"tableId\":2,\"pk\":true,\"columnName\":\"case_hospital_id\"},{\"capJavaField\":\"CaseId\",\"usableColumn\":false,\"columnId\":18,\"isIncrement\":\"0\",\"increment\":false,\"insert\":true,\"isList\":\"1\",\"dictType\":\"\",\"required\":true,\"superColumn\":false,\"updateBy\":\"\",\"isInsert\":\"1\",\"isRequired\":\"1\",\"javaField\":\"caseId\",\"htmlType\":\"input\",\"edit\":true,\"query\":true,\"columnComment\":\"病例id\",\"isQuery\":\"1\",\"updateTime\":1650971616000,\"sort\":2,\"list\":true,\"params\":{},\"javaType\":\"Long\",\"queryType\":\"EQ\",\"columnType\":\"bigint\",\"createBy\":\"admin\",\"isPk\":\"0\",\"createTime\":1650715655000,\"isEdit\":\"1\",\"tableId\":2,\"pk\":false,\"columnName\":\"case_id\"},{\"capJavaField\":\"HospitalId\",\"usableColumn\":false,\"columnId\":19,\"isIncrement\":\"0\",\"increment\":false,\"insert\":true,\"isList\":\"1\",\"dictType\":\"\",\"required\":true,\"superColumn\":false,\"updateBy\":\"\",\"isInsert\":\"1\",\"isRequired\":\"1\",\"javaField\":\"hospitalId\",\"htmlType\":\"input\",\"edit\":true,\"query\":true,\"columnComment\":\"医院id\",\"isQuery\":\"1\",\"updateTime\":1650971616000,\"sort\":3,\"list\":true,\"params\":{},\"javaType\":\"Long\",\"queryType\":\"EQ\",\"columnType\":\"bigint\",\"createBy\":\"admin\",\"isPk\":\"0\",\"createTime\":1650715655000,\"isEdit\":\"1\",\"tableId\":2,\"pk\":false,\"columnName\":\"hospital_id\"},{\"capJavaField\":\"VisitTime\",\"usableColumn\":false,\"columnId\":20,\"isIncrement\":\"0\",\"increment\":false,\"insert\":true,\"isList\":\"1\",\"dictType\":\"\",\"required\":true,\"superColumn\":false,\"updateBy\":\"\",\"isInsert\":\"1\",\"isRequired\":\"1\",\"javaField\":\"visitTime\",\"htmlType\":\"input\",\"edit\":true,\"query\":true,\"columnCommen','{\"msg\":\"操作成功\",\"code\":200}',0,NULL,'2022-04-26 20:55:46'),
(204,'代码生成',2,'zstu.epidemic.generator.controller.GenController.editSave()','PUT',1,'admin',NULL,'/tool/gen','127.0.0.1','内网IP','{\"sub\":false,\"functionAuthor\":\"iwan\",\"columns\":[{\"capJavaField\":\"ExpertId\",\"usableColumn\":false,\"columnId\":101,\"isIncrement\":\"1\",\"increment\":true,\"insert\":true,\"dictType\":\"\",\"required\":false,\"superColumn\":false,\"updateBy\":\"\",\"isInsert\":\"1\",\"javaField\":\"expertId\",\"htmlType\":\"input\",\"edit\":false,\"query\":false,\"columnComment\":\"专家id\",\"updateTime\":1650970693000,\"sort\":1,\"list\":false,\"params\":{},\"javaType\":\"Long\",\"queryType\":\"EQ\",\"columnType\":\"bigint\",\"createBy\":\"admin\",\"isPk\":\"1\",\"createTime\":1650715670000,\"tableId\":12,\"pk\":true,\"columnName\":\"expert_id\"},{\"capJavaField\":\"ExpertName\",\"usableColumn\":false,\"columnId\":102,\"isIncrement\":\"0\",\"increment\":false,\"insert\":true,\"isList\":\"1\",\"dictType\":\"\",\"required\":true,\"superColumn\":false,\"updateBy\":\"\",\"isInsert\":\"1\",\"isRequired\":\"1\",\"javaField\":\"expertName\",\"htmlType\":\"input\",\"edit\":true,\"query\":true,\"columnComment\":\"专家姓名\",\"isQuery\":\"1\",\"updateTime\":1650970693000,\"sort\":2,\"list\":true,\"params\":{},\"javaType\":\"String\",\"queryType\":\"LIKE\",\"columnType\":\"varchar(30)\",\"createBy\":\"admin\",\"isPk\":\"0\",\"createTime\":1650715670000,\"isEdit\":\"1\",\"tableId\":12,\"pk\":false,\"columnName\":\"expert_name\"},{\"capJavaField\":\"ExpertSex\",\"usableColumn\":false,\"columnId\":103,\"isIncrement\":\"0\",\"increment\":false,\"insert\":true,\"isList\":\"1\",\"dictType\":\"\",\"required\":true,\"superColumn\":false,\"updateBy\":\"\",\"isInsert\":\"1\",\"isRequired\":\"1\",\"javaField\":\"expertSex\",\"htmlType\":\"select\",\"edit\":true,\"query\":true,\"columnComment\":\"专家性别\",\"isQuery\":\"1\",\"updateTime\":1650970693000,\"sort\":3,\"list\":true,\"params\":{},\"javaType\":\"String\",\"queryType\":\"EQ\",\"columnType\":\"char(1)\",\"createBy\":\"admin\",\"isPk\":\"0\",\"createTime\":1650715670000,\"isEdit\":\"1\",\"tableId\":12,\"pk\":false,\"columnName\":\"expert_sex\"},{\"capJavaField\":\"ExpertAge\",\"usableColumn\":false,\"columnId\":104,\"isIncrement\":\"0\",\"increment\":false,\"insert\":true,\"isList\":\"1\",\"dictType\":\"\",\"required\":true,\"superColumn\":false,\"updateBy\":\"\",\"isInsert\":\"1\",\"isRequired\":\"1\",\"javaField\":\"expertAge\",\"htmlType\":\"input\",\"edit\":true,\"query\":true,\"colu','{\"msg\":\"操作成功\",\"code\":200}',0,NULL,'2022-04-26 20:56:48'),
(205,'代码生成',2,'zstu.epidemic.generator.controller.GenController.editSave()','PUT',1,'admin',NULL,'/tool/gen','127.0.0.1','内网IP','{\"sub\":false,\"functionAuthor\":\"iwan\",\"columns\":[{\"capJavaField\":\"HospitalId\",\"usableColumn\":false,\"columnId\":135,\"isIncrement\":\"1\",\"increment\":true,\"insert\":true,\"dictType\":\"\",\"required\":false,\"superColumn\":false,\"updateBy\":\"\",\"isInsert\":\"1\",\"javaField\":\"hospitalId\",\"htmlType\":\"input\",\"edit\":false,\"query\":false,\"columnComment\":\"医院id\",\"updateTime\":1650971041000,\"sort\":1,\"list\":false,\"params\":{},\"javaType\":\"Long\",\"queryType\":\"EQ\",\"columnType\":\"bigint\",\"createBy\":\"admin\",\"isPk\":\"1\",\"createTime\":1650715671000,\"tableId\":15,\"pk\":true,\"columnName\":\"hospital_id\"},{\"capJavaField\":\"HospitalName\",\"usableColumn\":false,\"columnId\":136,\"isIncrement\":\"0\",\"increment\":false,\"insert\":true,\"isList\":\"1\",\"dictType\":\"\",\"required\":true,\"superColumn\":false,\"updateBy\":\"\",\"isInsert\":\"1\",\"isRequired\":\"1\",\"javaField\":\"hospitalName\",\"htmlType\":\"input\",\"edit\":true,\"query\":true,\"columnComment\":\"医院名称\",\"isQuery\":\"1\",\"updateTime\":1650971041000,\"sort\":2,\"list\":true,\"params\":{},\"javaType\":\"String\",\"queryType\":\"LIKE\",\"columnType\":\"varchar(50)\",\"createBy\":\"admin\",\"isPk\":\"0\",\"createTime\":1650715671000,\"isEdit\":\"1\",\"tableId\":15,\"pk\":false,\"columnName\":\"hospital_name\"},{\"capJavaField\":\"EstablishRegionId\",\"usableColumn\":false,\"columnId\":137,\"isIncrement\":\"0\",\"increment\":false,\"insert\":true,\"isList\":\"1\",\"dictType\":\"\",\"required\":true,\"superColumn\":false,\"updateBy\":\"\",\"isInsert\":\"1\",\"isRequired\":\"1\",\"javaField\":\"establishRegionId\",\"htmlType\":\"input\",\"edit\":true,\"query\":true,\"columnComment\":\"地区id\",\"isQuery\":\"1\",\"updateTime\":1650971041000,\"sort\":3,\"list\":true,\"params\":{},\"javaType\":\"Long\",\"queryType\":\"EQ\",\"columnType\":\"bigint\",\"createBy\":\"admin\",\"isPk\":\"0\",\"createTime\":1650715671000,\"isEdit\":\"1\",\"tableId\":15,\"pk\":false,\"columnName\":\"establish_region_id\"},{\"capJavaField\":\"EstabilshAddress\",\"usableColumn\":false,\"columnId\":138,\"isIncrement\":\"0\",\"increment\":false,\"insert\":true,\"isList\":\"1\",\"dictType\":\"\",\"required\":true,\"superColumn\":false,\"updateBy\":\"\",\"isInsert\":\"1\",\"isRequired\":\"1\",\"javaField\":\"estabilshAddress\",\"h','{\"msg\":\"操作成功\",\"code\":200}',0,NULL,'2022-04-26 20:57:07'),
(206,'代码生成',2,'zstu.epidemic.generator.controller.GenController.editSave()','PUT',1,'admin',NULL,'/tool/gen','127.0.0.1','内网IP','{\"sub\":false,\"functionAuthor\":\"iwan\",\"columns\":[{\"capJavaField\":\"PassageId\",\"usableColumn\":false,\"columnId\":190,\"isIncrement\":\"1\",\"increment\":true,\"insert\":true,\"dictType\":\"\",\"required\":false,\"superColumn\":false,\"updateBy\":\"\",\"isInsert\":\"1\",\"javaField\":\"passageId\",\"htmlType\":\"input\",\"edit\":false,\"query\":false,\"updateTime\":1650973436000,\"sort\":1,\"list\":false,\"params\":{},\"javaType\":\"Long\",\"queryType\":\"EQ\",\"columnType\":\"bigint\",\"createBy\":\"admin\",\"isPk\":\"1\",\"createTime\":1650715677000,\"tableId\":23,\"pk\":true,\"columnName\":\"passage_id\"},{\"capJavaField\":\"IllnessId\",\"usableColumn\":false,\"columnId\":191,\"isIncrement\":\"0\",\"increment\":false,\"insert\":true,\"dictType\":\"\",\"required\":false,\"superColumn\":false,\"updateBy\":\"\",\"isInsert\":\"1\",\"javaField\":\"illnessId\",\"htmlType\":\"input\",\"edit\":false,\"query\":false,\"updateTime\":1650973436000,\"sort\":2,\"list\":false,\"params\":{},\"javaType\":\"Long\",\"queryType\":\"EQ\",\"columnType\":\"bigint\",\"createBy\":\"admin\",\"isPk\":\"1\",\"createTime\":1650715677000,\"tableId\":23,\"pk\":true,\"columnName\":\"illness_id\"}],\"businessName\":\"illness_passage\",\"moduleName\":\"illness\",\"className\":\"EpidemicPassageIllness\",\"tableName\":\"epidemic_passage_illness\",\"crud\":true,\"options\":\"{\\\"parentMenuId\\\":\\\"2001\\\"}\",\"genType\":\"0\",\"packageName\":\"zstu.epidemic.illness\",\"functionName\":\"文章疾病\",\"tree\":false,\"tableComment\":\"文章疾病\",\"params\":{\"parentMenuId\":\"2001\"},\"tplCategory\":\"crud\",\"parentMenuId\":\"2001\",\"tableId\":23,\"genPath\":\"/\"}','{\"msg\":\"操作成功\",\"code\":200}',0,NULL,'2022-04-26 20:58:09'),
(207,'代码生成',2,'zstu.epidemic.generator.controller.GenController.editSave()','PUT',1,'admin',NULL,'/tool/gen','127.0.0.1','内网IP','{\"sub\":false,\"functionAuthor\":\"iwan\",\"columns\":[{\"capJavaField\":\"PatientId\",\"usableColumn\":false,\"columnId\":192,\"isIncrement\":\"1\",\"increment\":true,\"insert\":true,\"dictType\":\"\",\"required\":false,\"superColumn\":false,\"updateBy\":\"\",\"isInsert\":\"1\",\"javaField\":\"patientId\",\"htmlType\":\"input\",\"edit\":false,\"query\":false,\"columnComment\":\"病人id\",\"updateTime\":1650971447000,\"sort\":1,\"list\":false,\"params\":{},\"javaType\":\"Long\",\"queryType\":\"EQ\",\"columnType\":\"bigint\",\"createBy\":\"admin\",\"isPk\":\"1\",\"createTime\":1650715677000,\"tableId\":24,\"pk\":true,\"columnName\":\"patient_id\"},{\"capJavaField\":\"PatientName\",\"usableColumn\":false,\"columnId\":193,\"isIncrement\":\"0\",\"increment\":false,\"insert\":true,\"isList\":\"1\",\"dictType\":\"\",\"required\":true,\"superColumn\":false,\"updateBy\":\"\",\"isInsert\":\"1\",\"isRequired\":\"1\",\"javaField\":\"patientName\",\"htmlType\":\"input\",\"edit\":true,\"query\":true,\"columnComment\":\"名称\",\"isQuery\":\"1\",\"updateTime\":1650971447000,\"sort\":2,\"list\":true,\"params\":{},\"javaType\":\"String\",\"queryType\":\"LIKE\",\"columnType\":\"varchar(30)\",\"createBy\":\"admin\",\"isPk\":\"0\",\"createTime\":1650715677000,\"isEdit\":\"1\",\"tableId\":24,\"pk\":false,\"columnName\":\"patient_name\"},{\"capJavaField\":\"PatientSex\",\"usableColumn\":false,\"columnId\":194,\"isIncrement\":\"0\",\"increment\":false,\"insert\":true,\"isList\":\"1\",\"dictType\":\"\",\"required\":false,\"superColumn\":false,\"updateBy\":\"\",\"isInsert\":\"1\",\"javaField\":\"patientSex\",\"htmlType\":\"select\",\"edit\":true,\"query\":true,\"columnComment\":\"病人性别\",\"isQuery\":\"1\",\"updateTime\":1650971447000,\"sort\":3,\"list\":true,\"params\":{},\"javaType\":\"String\",\"queryType\":\"EQ\",\"columnType\":\"char(1)\",\"createBy\":\"admin\",\"isPk\":\"0\",\"createTime\":1650715677000,\"isEdit\":\"1\",\"tableId\":24,\"pk\":false,\"columnName\":\"patient_sex\"},{\"capJavaField\":\"Avatar\",\"usableColumn\":false,\"columnId\":195,\"isIncrement\":\"0\",\"increment\":false,\"insert\":true,\"isList\":\"1\",\"dictType\":\"\",\"required\":true,\"superColumn\":false,\"updateBy\":\"\",\"isInsert\":\"1\",\"isRequired\":\"1\",\"javaField\":\"avatar\",\"htmlType\":\"input\",\"edit\":true,\"query\":true,\"columnComment\":\"照片\"','{\"msg\":\"操作成功\",\"code\":200}',0,NULL,'2022-04-26 20:58:18'),
(208,'代码生成',2,'zstu.epidemic.generator.controller.GenController.editSave()','PUT',1,'admin',NULL,'/tool/gen','127.0.0.1','内网IP','{\"sub\":false,\"functionAuthor\":\"iwan\",\"columns\":[{\"capJavaField\":\"FactoryId\",\"usableColumn\":false,\"columnId\":211,\"isIncrement\":\"0\",\"increment\":false,\"insert\":true,\"dictType\":\"\",\"required\":false,\"superColumn\":false,\"updateBy\":\"\",\"isInsert\":\"1\",\"javaField\":\"factoryId\",\"htmlType\":\"input\",\"edit\":false,\"query\":false,\"updateTime\":1650973187000,\"sort\":1,\"list\":false,\"params\":{},\"javaType\":\"Long\",\"queryType\":\"EQ\",\"columnType\":\"bigint\",\"createBy\":\"admin\",\"isPk\":\"1\",\"createTime\":1650972049000,\"tableId\":26,\"pk\":true,\"columnName\":\"factory_id\"},{\"capJavaField\":\"DrugId\",\"usableColumn\":false,\"columnId\":212,\"isIncrement\":\"0\",\"increment\":false,\"insert\":true,\"dictType\":\"\",\"required\":false,\"superColumn\":false,\"updateBy\":\"\",\"isInsert\":\"1\",\"javaField\":\"drugId\",\"htmlType\":\"input\",\"edit\":false,\"query\":false,\"updateTime\":1650973187000,\"sort\":2,\"list\":false,\"params\":{},\"javaType\":\"Long\",\"queryType\":\"EQ\",\"columnType\":\"bigint\",\"createBy\":\"admin\",\"isPk\":\"1\",\"createTime\":1650972049000,\"tableId\":26,\"pk\":true,\"columnName\":\"drug_id\"}],\"businessName\":\"drug_factory\",\"moduleName\":\"illness\",\"className\":\"EpidemicDrugFactory\",\"tableName\":\"epidemic_drug_factory\",\"crud\":true,\"options\":\"{\\\"parentMenuId\\\":\\\"2001\\\"}\",\"genType\":\"0\",\"packageName\":\"zstu.epidemic.illness\",\"functionName\":\"工厂管理\",\"tree\":false,\"tableComment\":\"疾病工厂管理\",\"params\":{\"parentMenuId\":\"2001\"},\"tplCategory\":\"crud\",\"parentMenuId\":\"2001\",\"tableId\":26,\"genPath\":\"/\"}','{\"msg\":\"操作成功\",\"code\":200}',0,NULL,'2022-04-26 20:58:37'),
(209,'代码生成',2,'zstu.epidemic.generator.controller.GenController.editSave()','PUT',1,'admin',NULL,'/tool/gen','127.0.0.1','内网IP','{\"sub\":false,\"functionAuthor\":\"iwan\",\"columns\":[{\"capJavaField\":\"PatientId\",\"usableColumn\":false,\"columnId\":215,\"isIncrement\":\"0\",\"increment\":false,\"insert\":true,\"dictType\":\"\",\"required\":false,\"superColumn\":false,\"updateBy\":\"\",\"isInsert\":\"1\",\"javaField\":\"patientId\",\"htmlType\":\"input\",\"edit\":false,\"query\":false,\"columnComment\":\"病人id\",\"updateTime\":1650972312000,\"sort\":1,\"list\":false,\"params\":{},\"javaType\":\"Long\",\"queryType\":\"EQ\",\"columnType\":\"bigint\",\"createBy\":\"admin\",\"isPk\":\"1\",\"createTime\":1650972271000,\"tableId\":28,\"pk\":true,\"columnName\":\"patient_id\"},{\"capJavaField\":\"IllnessId\",\"usableColumn\":false,\"columnId\":216,\"isIncrement\":\"0\",\"increment\":false,\"insert\":true,\"dictType\":\"\",\"required\":false,\"superColumn\":false,\"updateBy\":\"\",\"isInsert\":\"1\",\"javaField\":\"illnessId\",\"htmlType\":\"input\",\"edit\":false,\"query\":false,\"columnComment\":\"病id（病史未登记）\",\"updateTime\":1650972312000,\"sort\":2,\"list\":false,\"params\":{},\"javaType\":\"Long\",\"queryType\":\"EQ\",\"columnType\":\"bigint\",\"createBy\":\"admin\",\"isPk\":\"1\",\"createTime\":1650972271000,\"tableId\":28,\"pk\":true,\"columnName\":\"illness_id\"}],\"businessName\":\"history\",\"moduleName\":\"cases\",\"className\":\"EpidemicPatientHistory\",\"tableName\":\"epidemic_patient_history\",\"crud\":true,\"options\":\"{\\\"parentMenuId\\\":\\\"2000\\\"}\",\"genType\":\"0\",\"packageName\":\"zstu.epidemic.illness\",\"functionName\":\"history\",\"tree\":false,\"tableComment\":\"病史管理\",\"params\":{\"parentMenuId\":\"2000\"},\"tplCategory\":\"crud\",\"parentMenuId\":\"2000\",\"tableId\":28,\"genPath\":\"/\"}','{\"msg\":\"操作成功\",\"code\":200}',0,NULL,'2022-04-26 20:58:47'),
(210,'代码生成',2,'zstu.epidemic.generator.controller.GenController.editSave()','PUT',1,'admin',NULL,'/tool/gen','127.0.0.1','内网IP','{\"sub\":false,\"functionAuthor\":\"iwan\",\"columns\":[{\"capJavaField\":\"DrugId\",\"usableColumn\":false,\"columnId\":217,\"isIncrement\":\"1\",\"increment\":true,\"insert\":true,\"dictType\":\"\",\"required\":false,\"superColumn\":false,\"updateBy\":\"\",\"isInsert\":\"1\",\"javaField\":\"drugId\",\"htmlType\":\"input\",\"edit\":false,\"query\":false,\"updateTime\":1650973192000,\"sort\":1,\"list\":false,\"params\":{},\"javaType\":\"Long\",\"queryType\":\"EQ\",\"columnType\":\"bigint\",\"createBy\":\"admin\",\"isPk\":\"1\",\"createTime\":1650972455000,\"tableId\":29,\"pk\":true,\"columnName\":\"drug_id\"},{\"capJavaField\":\"IllnessId\",\"usableColumn\":false,\"columnId\":218,\"isIncrement\":\"0\",\"increment\":false,\"insert\":true,\"dictType\":\"\",\"required\":false,\"superColumn\":false,\"updateBy\":\"\",\"isInsert\":\"1\",\"javaField\":\"illnessId\",\"htmlType\":\"input\",\"edit\":false,\"query\":false,\"updateTime\":1650973192000,\"sort\":2,\"list\":false,\"params\":{},\"javaType\":\"Long\",\"queryType\":\"EQ\",\"columnType\":\"bigint\",\"createBy\":\"admin\",\"isPk\":\"1\",\"createTime\":1650972455000,\"tableId\":29,\"pk\":true,\"columnName\":\"illness_id\"}],\"businessName\":\"drug_illness\",\"moduleName\":\"illness\",\"className\":\"EpidemicDrugIllness\",\"tableName\":\"epidemic_drug_illness\",\"crud\":true,\"options\":\"{\\\"parentMenuId\\\":\\\"2001\\\"}\",\"genType\":\"0\",\"packageName\":\"zstu.epidemic.illness\",\"functionName\":\"疾病药品\",\"tree\":false,\"tableComment\":\"疾病药品\",\"params\":{\"parentMenuId\":\"2001\"},\"tplCategory\":\"crud\",\"parentMenuId\":\"2001\",\"tableId\":29,\"genPath\":\"/\"}','{\"msg\":\"操作成功\",\"code\":200}',0,NULL,'2022-04-26 20:59:04'),
(211,'代码生成',8,'zstu.epidemic.generator.controller.GenController.batchGenCode()','GET',1,'admin',NULL,'/tool/gen/batchGenCode','127.0.0.1','内网IP','{}',NULL,0,NULL,'2022-04-26 20:59:09'),
(212,'代码生成',2,'zstu.epidemic.generator.controller.GenController.editSave()','PUT',1,'admin',NULL,'/tool/gen','127.0.0.1','内网IP','{\"sub\":false,\"functionAuthor\":\"iwan\",\"columns\":[{\"capJavaField\":\"CompanyId\",\"usableColumn\":false,\"columnId\":209,\"isIncrement\":\"0\",\"increment\":false,\"insert\":true,\"dictType\":\"\",\"required\":false,\"superColumn\":false,\"updateBy\":\"\",\"isInsert\":\"1\",\"javaField\":\"companyId\",\"htmlType\":\"input\",\"edit\":false,\"query\":false,\"updateTime\":1650973182000,\"sort\":1,\"list\":false,\"params\":{},\"javaType\":\"Long\",\"queryType\":\"EQ\",\"columnType\":\"bigint\",\"createBy\":\"admin\",\"isPk\":\"1\",\"createTime\":1650972049000,\"tableId\":25,\"pk\":true,\"columnName\":\"company_id\"},{\"capJavaField\":\"DrugId\",\"usableColumn\":false,\"columnId\":210,\"isIncrement\":\"0\",\"increment\":false,\"insert\":true,\"dictType\":\"\",\"required\":false,\"superColumn\":false,\"updateBy\":\"\",\"isInsert\":\"1\",\"javaField\":\"drugId\",\"htmlType\":\"input\",\"edit\":false,\"query\":false,\"updateTime\":1650973182000,\"sort\":2,\"list\":false,\"params\":{},\"javaType\":\"Long\",\"queryType\":\"EQ\",\"columnType\":\"bigint\",\"createBy\":\"admin\",\"isPk\":\"1\",\"createTime\":1650972049000,\"tableId\":25,\"pk\":true,\"columnName\":\"drug_id\"}],\"businessName\":\"drug_company\",\"moduleName\":\"illness\",\"className\":\"EpidemicDrugCompany\",\"tableName\":\"epidemic_drug_company\",\"crud\":true,\"options\":\"{\\\"parentMenuId\\\":\\\"2001\\\"}\",\"genType\":\"0\",\"packageName\":\"zstu.epidemic.illness\",\"functionName\":\"公司管理\",\"tree\":false,\"tableComment\":\"公司管理\",\"params\":{\"parentMenuId\":\"2001\"},\"tplCategory\":\"crud\",\"parentMenuId\":\"2001\",\"tableId\":25,\"genPath\":\"/\"}','{\"msg\":\"操作成功\",\"code\":200}',0,NULL,'2022-04-26 21:00:43'),
(213,'代码生成',8,'zstu.epidemic.generator.controller.GenController.batchGenCode()','GET',1,'admin',NULL,'/tool/gen/batchGenCode','127.0.0.1','内网IP','{}',NULL,0,NULL,'2022-04-26 21:00:51'),
(214,'代码生成',2,'zstu.epidemic.generator.controller.GenController.editSave()','PUT',1,'admin',NULL,'/tool/gen','127.0.0.1','内网IP','{\"sub\":false,\"functionAuthor\":\"iwan\",\"columns\":[{\"capJavaField\":\"ExpertId\",\"usableColumn\":false,\"columnId\":101,\"isIncrement\":\"1\",\"increment\":true,\"insert\":true,\"dictType\":\"\",\"required\":false,\"superColumn\":false,\"updateBy\":\"\",\"isInsert\":\"1\",\"javaField\":\"expertId\",\"htmlType\":\"input\",\"edit\":false,\"query\":false,\"columnComment\":\"专家id\",\"updateTime\":1650977808000,\"sort\":1,\"list\":false,\"params\":{},\"javaType\":\"Long\",\"queryType\":\"EQ\",\"columnType\":\"bigint\",\"createBy\":\"admin\",\"isPk\":\"1\",\"createTime\":1650715670000,\"tableId\":12,\"pk\":true,\"columnName\":\"expert_id\"},{\"capJavaField\":\"ExpertName\",\"usableColumn\":false,\"columnId\":102,\"isIncrement\":\"0\",\"increment\":false,\"insert\":true,\"isList\":\"1\",\"dictType\":\"\",\"required\":true,\"superColumn\":false,\"updateBy\":\"\",\"isInsert\":\"1\",\"isRequired\":\"1\",\"javaField\":\"expertName\",\"htmlType\":\"input\",\"edit\":true,\"query\":true,\"columnComment\":\"专家姓名\",\"isQuery\":\"1\",\"updateTime\":1650977808000,\"sort\":2,\"list\":true,\"params\":{},\"javaType\":\"String\",\"queryType\":\"LIKE\",\"columnType\":\"varchar(30)\",\"createBy\":\"admin\",\"isPk\":\"0\",\"createTime\":1650715670000,\"isEdit\":\"1\",\"tableId\":12,\"pk\":false,\"columnName\":\"expert_name\"},{\"capJavaField\":\"ExpertSex\",\"usableColumn\":false,\"columnId\":103,\"isIncrement\":\"0\",\"increment\":false,\"insert\":true,\"isList\":\"1\",\"dictType\":\"\",\"required\":true,\"superColumn\":false,\"updateBy\":\"\",\"isInsert\":\"1\",\"isRequired\":\"1\",\"javaField\":\"expertSex\",\"htmlType\":\"select\",\"edit\":true,\"query\":true,\"columnComment\":\"专家性别\",\"isQuery\":\"1\",\"updateTime\":1650977808000,\"sort\":3,\"list\":true,\"params\":{},\"javaType\":\"String\",\"queryType\":\"EQ\",\"columnType\":\"char(1)\",\"createBy\":\"admin\",\"isPk\":\"0\",\"createTime\":1650715670000,\"isEdit\":\"1\",\"tableId\":12,\"pk\":false,\"columnName\":\"expert_sex\"},{\"capJavaField\":\"ExpertAge\",\"usableColumn\":false,\"columnId\":104,\"isIncrement\":\"0\",\"increment\":false,\"insert\":true,\"isList\":\"1\",\"dictType\":\"\",\"required\":true,\"superColumn\":false,\"updateBy\":\"\",\"isInsert\":\"1\",\"isRequired\":\"1\",\"javaField\":\"expertAge\",\"htmlType\":\"input\",\"edit\":true,\"query\":true,\"colu','{\"msg\":\"操作成功\",\"code\":200}',0,NULL,'2022-04-26 21:27:25'),
(215,'代码生成',2,'zstu.epidemic.generator.controller.GenController.editSave()','PUT',1,'admin',NULL,'/tool/gen','127.0.0.1','内网IP','{\"sub\":false,\"functionAuthor\":\"iwan\",\"columns\":[{\"capJavaField\":\"PatientId\",\"usableColumn\":false,\"columnId\":215,\"isIncrement\":\"0\",\"increment\":false,\"insert\":true,\"dictType\":\"\",\"required\":false,\"superColumn\":false,\"updateBy\":\"\",\"isInsert\":\"1\",\"javaField\":\"patientId\",\"htmlType\":\"input\",\"edit\":false,\"query\":false,\"columnComment\":\"病人id\",\"updateTime\":1650977927000,\"sort\":1,\"list\":false,\"params\":{},\"javaType\":\"Long\",\"queryType\":\"EQ\",\"columnType\":\"bigint\",\"createBy\":\"admin\",\"isPk\":\"1\",\"createTime\":1650972271000,\"tableId\":28,\"pk\":true,\"columnName\":\"patient_id\"},{\"capJavaField\":\"IllnessId\",\"usableColumn\":false,\"columnId\":216,\"isIncrement\":\"0\",\"increment\":false,\"insert\":true,\"dictType\":\"\",\"required\":false,\"superColumn\":false,\"updateBy\":\"\",\"isInsert\":\"1\",\"javaField\":\"illnessId\",\"htmlType\":\"input\",\"edit\":false,\"query\":false,\"columnComment\":\"病id（病史未登记）\",\"updateTime\":1650977927000,\"sort\":2,\"list\":false,\"params\":{},\"javaType\":\"Long\",\"queryType\":\"EQ\",\"columnType\":\"bigint\",\"createBy\":\"admin\",\"isPk\":\"1\",\"createTime\":1650972271000,\"tableId\":28,\"pk\":true,\"columnName\":\"illness_id\"}],\"businessName\":\"history\",\"moduleName\":\"cases\",\"className\":\"EpidemicPatientHistory\",\"tableName\":\"epidemic_patient_history\",\"crud\":true,\"options\":\"{\\\"parentMenuId\\\":\\\"2000\\\"}\",\"genType\":\"0\",\"packageName\":\"zstu.epidemic.illness\",\"functionName\":\"病史管理\",\"tree\":false,\"tableComment\":\"病史管理\",\"params\":{\"parentMenuId\":\"2000\"},\"tplCategory\":\"crud\",\"parentMenuId\":\"2000\",\"tableId\":28,\"genPath\":\"/\"}','{\"msg\":\"操作成功\",\"code\":200}',0,NULL,'2022-04-26 21:27:45'),
(216,'代码生成',2,'zstu.epidemic.generator.controller.GenController.editSave()','PUT',1,'admin',NULL,'/tool/gen','127.0.0.1','内网IP','{\"sub\":false,\"functionAuthor\":\"iwan\",\"columns\":[{\"capJavaField\":\"DrugId\",\"usableColumn\":false,\"columnId\":55,\"isIncrement\":\"1\",\"increment\":true,\"insert\":true,\"dictType\":\"\",\"required\":false,\"superColumn\":false,\"updateBy\":\"\",\"isInsert\":\"1\",\"javaField\":\"drugId\",\"htmlType\":\"input\",\"edit\":false,\"query\":false,\"columnComment\":\"序号\",\"updateTime\":1650970373000,\"sort\":1,\"list\":false,\"params\":{},\"javaType\":\"Long\",\"queryType\":\"EQ\",\"columnType\":\"bigint\",\"createBy\":\"admin\",\"isPk\":\"1\",\"createTime\":1650715655000,\"tableId\":7,\"pk\":true,\"columnName\":\"drug_id\"},{\"capJavaField\":\"DrugName\",\"usableColumn\":false,\"columnId\":56,\"isIncrement\":\"0\",\"increment\":false,\"insert\":true,\"isList\":\"1\",\"dictType\":\"\",\"required\":true,\"superColumn\":false,\"updateBy\":\"\",\"isInsert\":\"1\",\"isRequired\":\"1\",\"javaField\":\"drugName\",\"htmlType\":\"input\",\"edit\":true,\"query\":true,\"columnComment\":\"药品名称\",\"isQuery\":\"1\",\"updateTime\":1650970373000,\"sort\":2,\"list\":true,\"params\":{},\"javaType\":\"String\",\"queryType\":\"LIKE\",\"columnType\":\"varchar(255)\",\"createBy\":\"admin\",\"isPk\":\"0\",\"createTime\":1650715655000,\"isEdit\":\"1\",\"tableId\":7,\"pk\":false,\"columnName\":\"drug_name\"},{\"capJavaField\":\"Ingredient\",\"usableColumn\":false,\"columnId\":57,\"isIncrement\":\"0\",\"increment\":false,\"insert\":true,\"isList\":\"1\",\"dictType\":\"\",\"required\":true,\"superColumn\":false,\"updateBy\":\"\",\"isInsert\":\"1\",\"isRequired\":\"1\",\"javaField\":\"ingredient\",\"htmlType\":\"input\",\"edit\":true,\"query\":true,\"columnComment\":\"成分\",\"isQuery\":\"1\",\"updateTime\":1650970373000,\"sort\":3,\"list\":true,\"params\":{},\"javaType\":\"String\",\"queryType\":\"EQ\",\"columnType\":\"varchar(255)\",\"createBy\":\"admin\",\"isPk\":\"0\",\"createTime\":1650715655000,\"isEdit\":\"1\",\"tableId\":7,\"pk\":false,\"columnName\":\"ingredient\"},{\"capJavaField\":\"Appearance\",\"usableColumn\":false,\"columnId\":58,\"isIncrement\":\"0\",\"increment\":false,\"insert\":true,\"isList\":\"1\",\"dictType\":\"\",\"required\":true,\"superColumn\":false,\"updateBy\":\"\",\"isInsert\":\"1\",\"isRequired\":\"1\",\"javaField\":\"appearance\",\"htmlType\":\"input\",\"edit\":true,\"query\":true,\"columnComment\":\"药品','{\"msg\":\"操作成功\",\"code\":200}',0,NULL,'2022-04-26 21:28:01'),
(217,'代码生成',2,'zstu.epidemic.generator.controller.GenController.editSave()','PUT',1,'admin',NULL,'/tool/gen','127.0.0.1','内网IP','{\"sub\":false,\"functionAuthor\":\"iwan\",\"columns\":[{\"capJavaField\":\"ComplicationId\",\"usableColumn\":false,\"columnId\":188,\"isIncrement\":\"0\",\"increment\":false,\"insert\":true,\"dictType\":\"\",\"required\":false,\"superColumn\":false,\"updateBy\":\"\",\"isInsert\":\"1\",\"javaField\":\"complicationId\",\"htmlType\":\"input\",\"edit\":false,\"query\":false,\"columnComment\":\"并发症id\",\"updateTime\":1650972692000,\"sort\":1,\"list\":false,\"params\":{},\"javaType\":\"Long\",\"queryType\":\"EQ\",\"columnType\":\"bigint\",\"createBy\":\"admin\",\"isPk\":\"1\",\"createTime\":1650715677000,\"tableId\":22,\"pk\":true,\"columnName\":\"complication_id\"},{\"capJavaField\":\"InfectiousId\",\"usableColumn\":false,\"columnId\":189,\"isIncrement\":\"0\",\"increment\":false,\"insert\":true,\"dictType\":\"\",\"required\":false,\"superColumn\":false,\"updateBy\":\"\",\"isInsert\":\"1\",\"javaField\":\"infectiousId\",\"htmlType\":\"input\",\"edit\":false,\"query\":false,\"columnComment\":\"传染病id（引发）\",\"updateTime\":1650972692000,\"sort\":2,\"list\":false,\"params\":{},\"javaType\":\"Long\",\"queryType\":\"EQ\",\"columnType\":\"bigint\",\"createBy\":\"admin\",\"isPk\":\"1\",\"createTime\":1650715677000,\"tableId\":22,\"pk\":true,\"columnName\":\"infectious_id\"}],\"businessName\":\"omplication\",\"moduleName\":\"illness\",\"className\":\"EpidemicOmplication\",\"tableName\":\"epidemic_omplication\",\"crud\":true,\"options\":\"{\\\"parentMenuId\\\":\\\"2001\\\"}\",\"genType\":\"0\",\"packageName\":\"zstu.epidemic.illness\",\"functionName\":\"并发症\",\"tree\":false,\"tableComment\":\"并发症管理\",\"params\":{\"parentMenuId\":\"2001\"},\"tplCategory\":\"crud\",\"parentMenuId\":\"2001\",\"tableId\":22,\"genPath\":\"/\"}','{\"msg\":\"操作成功\",\"code\":200}',0,NULL,'2022-04-26 21:28:18'),
(218,'代码生成',2,'zstu.epidemic.generator.controller.GenController.editSave()','PUT',1,'admin',NULL,'/tool/gen','127.0.0.1','内网IP','{\"sub\":false,\"functionAuthor\":\"iwan\",\"columns\":[{\"capJavaField\":\"RegionId\",\"usableColumn\":false,\"columnId\":75,\"isIncrement\":\"1\",\"increment\":true,\"insert\":true,\"dictType\":\"\",\"required\":false,\"superColumn\":false,\"updateBy\":\"\",\"isInsert\":\"1\",\"javaField\":\"regionId\",\"htmlType\":\"input\",\"edit\":false,\"query\":false,\"columnComment\":\"地区id\",\"updateTime\":1650970415000,\"sort\":1,\"list\":false,\"params\":{},\"javaType\":\"Long\",\"queryType\":\"EQ\",\"columnType\":\"bigint\",\"createBy\":\"admin\",\"isPk\":\"1\",\"createTime\":1650715655000,\"tableId\":8,\"pk\":true,\"columnName\":\"region_id\"},{\"capJavaField\":\"Province\",\"usableColumn\":false,\"columnId\":76,\"isIncrement\":\"0\",\"increment\":false,\"insert\":true,\"isList\":\"1\",\"dictType\":\"\",\"required\":true,\"superColumn\":false,\"updateBy\":\"\",\"isInsert\":\"1\",\"isRequired\":\"1\",\"javaField\":\"province\",\"htmlType\":\"input\",\"edit\":true,\"query\":true,\"columnComment\":\"省份\",\"isQuery\":\"1\",\"updateTime\":1650970415000,\"sort\":2,\"list\":true,\"params\":{},\"javaType\":\"String\",\"queryType\":\"EQ\",\"columnType\":\"varchar(30)\",\"createBy\":\"admin\",\"isPk\":\"0\",\"createTime\":1650715655000,\"isEdit\":\"1\",\"tableId\":8,\"pk\":false,\"columnName\":\"province\"},{\"capJavaField\":\"City\",\"usableColumn\":false,\"columnId\":77,\"isIncrement\":\"0\",\"increment\":false,\"insert\":true,\"isList\":\"1\",\"dictType\":\"\",\"required\":true,\"superColumn\":false,\"updateBy\":\"\",\"isInsert\":\"1\",\"isRequired\":\"1\",\"javaField\":\"city\",\"htmlType\":\"input\",\"edit\":true,\"query\":true,\"columnComment\":\"市级名\",\"isQuery\":\"1\",\"updateTime\":1650970415000,\"sort\":3,\"list\":true,\"params\":{},\"javaType\":\"String\",\"queryType\":\"EQ\",\"columnType\":\"varchar(30)\",\"createBy\":\"admin\",\"isPk\":\"0\",\"createTime\":1650715655000,\"isEdit\":\"1\",\"tableId\":8,\"pk\":false,\"columnName\":\"city\"},{\"capJavaField\":\"District\",\"usableColumn\":false,\"columnId\":78,\"isIncrement\":\"0\",\"increment\":false,\"insert\":true,\"isList\":\"1\",\"dictType\":\"\",\"required\":true,\"superColumn\":false,\"updateBy\":\"\",\"isInsert\":\"1\",\"isRequired\":\"1\",\"javaField\":\"district\",\"htmlType\":\"input\",\"edit\":true,\"query\":true,\"columnComment\":\"区级名\",\"isQuery\":\"1\",\"up','{\"msg\":\"操作成功\",\"code\":200}',0,NULL,'2022-04-26 21:28:31'),
(219,'代码生成',2,'zstu.epidemic.generator.controller.GenController.editSave()','PUT',1,'admin',NULL,'/tool/gen','127.0.0.1','内网IP','{\"sub\":false,\"subTableName\":\"\",\"functionAuthor\":\"iwan\",\"columns\":[{\"capJavaField\":\"SequelaeId\",\"usableColumn\":false,\"columnId\":86,\"isIncrement\":\"0\",\"increment\":false,\"insert\":true,\"dictType\":\"\",\"required\":false,\"superColumn\":false,\"updateBy\":\"\",\"isInsert\":\"1\",\"javaField\":\"sequelaeId\",\"htmlType\":\"input\",\"edit\":false,\"query\":false,\"columnComment\":\"后遗症id\",\"updateTime\":1650972830000,\"sort\":1,\"list\":false,\"params\":{},\"javaType\":\"Long\",\"queryType\":\"EQ\",\"columnType\":\"bigint\",\"createBy\":\"admin\",\"isPk\":\"1\",\"createTime\":1650715655000,\"tableId\":9,\"pk\":true,\"columnName\":\"sequelae_id\"},{\"capJavaField\":\"InfectiousId\",\"usableColumn\":false,\"columnId\":87,\"isIncrement\":\"0\",\"increment\":false,\"insert\":true,\"isList\":\"1\",\"dictType\":\"\",\"required\":true,\"superColumn\":false,\"updateBy\":\"\",\"isInsert\":\"1\",\"isRequired\":\"1\",\"javaField\":\"infectiousId\",\"htmlType\":\"input\",\"edit\":true,\"query\":true,\"columnComment\":\"传染病id（引发）\",\"isQuery\":\"1\",\"updateTime\":1650972830000,\"sort\":2,\"list\":true,\"params\":{},\"javaType\":\"Long\",\"queryType\":\"EQ\",\"columnType\":\"bigint\",\"createBy\":\"admin\",\"isPk\":\"0\",\"createTime\":1650715655000,\"isEdit\":\"1\",\"tableId\":9,\"pk\":false,\"columnName\":\"infectious_id\"}],\"businessName\":\"sequelae\",\"moduleName\":\"illness\",\"className\":\"EpidemicSequelae\",\"tableName\":\"epidemic_sequelae\",\"crud\":true,\"options\":\"{\\\"parentMenuId\\\":\\\"2001\\\"}\",\"subTableFkName\":\"\",\"genType\":\"0\",\"packageName\":\"zstu.epidemic.illness\",\"functionName\":\"后遗症\",\"tree\":false,\"tableComment\":\"后遗症管理\",\"params\":{\"parentMenuId\":\"2001\"},\"tplCategory\":\"crud\",\"parentMenuId\":\"2001\",\"tableId\":9,\"genPath\":\"/\"}','{\"msg\":\"操作成功\",\"code\":200}',0,NULL,'2022-04-26 21:29:07'),
(220,'代码生成',2,'zstu.epidemic.generator.controller.GenController.editSave()','PUT',1,'admin',NULL,'/tool/gen','127.0.0.1','内网IP','{\"sub\":false,\"functionAuthor\":\"iwan\",\"columns\":[{\"capJavaField\":\"TransmissionId\",\"usableColumn\":false,\"columnId\":88,\"isIncrement\":\"1\",\"increment\":true,\"insert\":true,\"dictType\":\"\",\"required\":false,\"superColumn\":false,\"updateBy\":\"\",\"isInsert\":\"1\",\"javaField\":\"transmissionId\",\"htmlType\":\"input\",\"edit\":false,\"query\":false,\"columnComment\":\"传播途径id\",\"updateTime\":1650973242000,\"sort\":1,\"list\":false,\"params\":{},\"javaType\":\"Long\",\"queryType\":\"EQ\",\"columnType\":\"bigint\",\"createBy\":\"admin\",\"isPk\":\"1\",\"createTime\":1650715655000,\"tableId\":10,\"pk\":true,\"columnName\":\"transmission_id\"},{\"capJavaField\":\"TransmissionName\",\"usableColumn\":false,\"columnId\":89,\"isIncrement\":\"0\",\"increment\":false,\"insert\":true,\"isList\":\"1\",\"dictType\":\"\",\"required\":true,\"superColumn\":false,\"updateBy\":\"\",\"isInsert\":\"1\",\"isRequired\":\"1\",\"javaField\":\"transmissionName\",\"htmlType\":\"input\",\"edit\":true,\"query\":true,\"columnComment\":\"传播途径名\",\"isQuery\":\"1\",\"updateTime\":1650973242000,\"sort\":2,\"list\":true,\"params\":{},\"javaType\":\"String\",\"queryType\":\"LIKE\",\"columnType\":\"varchar(30)\",\"createBy\":\"admin\",\"isPk\":\"0\",\"createTime\":1650715655000,\"isEdit\":\"1\",\"tableId\":10,\"pk\":false,\"columnName\":\"transmission_name\"},{\"capJavaField\":\"Distance\",\"usableColumn\":false,\"columnId\":90,\"isIncrement\":\"0\",\"increment\":false,\"insert\":true,\"isList\":\"1\",\"dictType\":\"\",\"required\":true,\"superColumn\":false,\"updateBy\":\"\",\"isInsert\":\"1\",\"isRequired\":\"1\",\"javaField\":\"distance\",\"htmlType\":\"input\",\"edit\":true,\"query\":true,\"columnComment\":\"影响范围\",\"isQuery\":\"1\",\"updateTime\":1650973242000,\"sort\":3,\"list\":true,\"params\":{},\"javaType\":\"String\",\"queryType\":\"EQ\",\"columnType\":\"varchar(10)\",\"createBy\":\"admin\",\"isPk\":\"0\",\"createTime\":1650715655000,\"isEdit\":\"1\",\"tableId\":10,\"pk\":false,\"columnName\":\"distance\"},{\"capJavaField\":\"Duration\",\"usableColumn\":false,\"columnId\":91,\"isIncrement\":\"0\",\"increment\":false,\"insert\":true,\"isList\":\"1\",\"dictType\":\"\",\"required\":true,\"superColumn\":false,\"updateBy\":\"\",\"isInsert\":\"1\",\"isRequired\":\"1\",\"javaField\":\"duration\",\"htmlType\":\"input','{\"msg\":\"操作成功\",\"code\":200}',0,NULL,'2022-04-26 21:29:24'),
(221,'代码生成',8,'zstu.epidemic.generator.controller.GenController.batchGenCode()','GET',1,'admin',NULL,'/tool/gen/batchGenCode','127.0.0.1','内网IP','{}',NULL,0,NULL,'2022-04-26 21:29:40'),
(222,'菜单管理',2,'zstu.epidemic.web.controller.system.SysMenuController.edit()','PUT',1,'admin',NULL,'/system/menu','127.0.0.1','内网IP','{\"visible\":\"0\",\"icon\":\"dashboard\",\"orderNum\":0,\"menuName\":\"疾病管理\",\"params\":{},\"parentId\":0,\"isCache\":\"0\",\"path\":\"illness\",\"children\":[],\"createTime\":1650716033000,\"updateBy\":\"admin\",\"isFrame\":\"1\",\"menuId\":2001,\"menuType\":\"M\",\"perms\":\"\",\"status\":\"0\"}','{\"msg\":\"操作成功\",\"code\":200}',0,NULL,'2022-04-26 21:44:10'),
(223,'菜单管理',2,'zstu.epidemic.web.controller.system.SysMenuController.edit()','PUT',1,'admin',NULL,'/system/menu','127.0.0.1','内网IP','{\"visible\":\"0\",\"icon\":\"dashboard\",\"orderNum\":0,\"menuName\":\"疾病管理\",\"params\":{},\"parentId\":0,\"isCache\":\"0\",\"path\":\"illness\",\"children\":[],\"createTime\":1650716033000,\"updateBy\":\"admin\",\"isFrame\":\"1\",\"menuId\":2001,\"menuType\":\"M\",\"perms\":\"\",\"status\":\"0\"}','{\"msg\":\"操作成功\",\"code\":200}',0,NULL,'2022-04-26 21:44:31'),
(224,'代码生成',2,'zstu.epidemic.generator.controller.GenController.editSave()','PUT',1,'admin',NULL,'/tool/gen','127.0.0.1','内网IP','{\"sub\":false,\"subTableName\":\"\",\"functionAuthor\":\"iwan\",\"columns\":[{\"capJavaField\":\"CaseId\",\"usableColumn\":false,\"columnId\":1,\"isIncrement\":\"1\",\"increment\":true,\"insert\":true,\"isList\":\"1\",\"required\":false,\"superColumn\":false,\"isInsert\":\"1\",\"javaField\":\"caseId\",\"htmlType\":\"input\",\"edit\":false,\"query\":true,\"columnComment\":\"病例id\",\"isQuery\":\"1\",\"updateTime\":1650977736000,\"sort\":1,\"list\":true,\"params\":{},\"javaType\":\"Long\",\"queryType\":\"EQ\",\"columnType\":\"bigint\",\"createBy\":\"admin\",\"isPk\":\"1\",\"createTime\":1650715655000,\"tableId\":1,\"pk\":true,\"columnName\":\"case_id\"},{\"capJavaField\":\"PatientId\",\"usableColumn\":false,\"columnId\":2,\"isIncrement\":\"0\",\"increment\":false,\"insert\":true,\"isList\":\"1\",\"dictType\":\"\",\"required\":true,\"superColumn\":false,\"isInsert\":\"1\",\"isRequired\":\"1\",\"javaField\":\"patientId\",\"htmlType\":\"input\",\"edit\":true,\"query\":true,\"columnComment\":\"患者id\",\"isQuery\":\"1\",\"updateTime\":1650977736000,\"sort\":2,\"list\":true,\"params\":{},\"javaType\":\"Long\",\"queryType\":\"EQ\",\"columnType\":\"bigint\",\"createBy\":\"admin\",\"isPk\":\"0\",\"createTime\":1650715655000,\"isEdit\":\"1\",\"tableId\":1,\"pk\":false,\"columnName\":\"patient_id\"},{\"capJavaField\":\"IllnessId\",\"usableColumn\":false,\"columnId\":3,\"isIncrement\":\"0\",\"increment\":false,\"insert\":true,\"isList\":\"1\",\"dictType\":\"\",\"required\":true,\"superColumn\":false,\"isInsert\":\"1\",\"isRequired\":\"1\",\"javaField\":\"illnessId\",\"htmlType\":\"input\",\"edit\":true,\"query\":true,\"columnComment\":\"病id\",\"isQuery\":\"1\",\"updateTime\":1650977736000,\"sort\":3,\"list\":true,\"params\":{},\"javaType\":\"Long\",\"queryType\":\"EQ\",\"columnType\":\"bigint\",\"createBy\":\"admin\",\"isPk\":\"0\",\"createTime\":1650715655000,\"isEdit\":\"1\",\"tableId\":1,\"pk\":false,\"columnName\":\"illness_id\"},{\"capJavaField\":\"InfectedRegionId\",\"usableColumn\":false,\"columnId\":4,\"isIncrement\":\"0\",\"increment\":false,\"insert\":true,\"isList\":\"1\",\"dictType\":\"\",\"required\":true,\"superColumn\":false,\"isInsert\":\"1\",\"isRequired\":\"1\",\"javaField\":\"infectedRegionId\",\"htmlType\":\"input\",\"edit\":true,\"query\":true,\"columnComment\":\"感染地区id\",\"isQuery\":\"1\",\"updateTime\":','{\"msg\":\"操作成功\",\"code\":200}',0,NULL,'2022-04-26 21:45:11'),
(225,'代码生成',2,'zstu.epidemic.generator.controller.GenController.editSave()','PUT',1,'admin',NULL,'/tool/gen','127.0.0.1','内网IP','{\"sub\":false,\"functionAuthor\":\"iwan\",\"columns\":[{\"capJavaField\":\"CaseHospitalId\",\"usableColumn\":false,\"columnId\":17,\"isIncrement\":\"1\",\"increment\":true,\"insert\":true,\"isList\":\"1\",\"dictType\":\"\",\"required\":false,\"superColumn\":false,\"updateBy\":\"\",\"isInsert\":\"1\",\"javaField\":\"caseHospitalId\",\"htmlType\":\"input\",\"edit\":false,\"query\":true,\"columnComment\":\"病例医院id\",\"isQuery\":\"1\",\"updateTime\":1650977746000,\"sort\":1,\"list\":true,\"params\":{},\"javaType\":\"Long\",\"queryType\":\"EQ\",\"columnType\":\"bigint\",\"createBy\":\"admin\",\"isPk\":\"1\",\"createTime\":1650715655000,\"tableId\":2,\"pk\":true,\"columnName\":\"case_hospital_id\"},{\"capJavaField\":\"CaseId\",\"usableColumn\":false,\"columnId\":18,\"isIncrement\":\"0\",\"increment\":false,\"insert\":true,\"isList\":\"1\",\"dictType\":\"\",\"required\":true,\"superColumn\":false,\"updateBy\":\"\",\"isInsert\":\"1\",\"isRequired\":\"1\",\"javaField\":\"caseId\",\"htmlType\":\"input\",\"edit\":true,\"query\":true,\"columnComment\":\"病例id\",\"isQuery\":\"1\",\"updateTime\":1650977746000,\"sort\":2,\"list\":true,\"params\":{},\"javaType\":\"Long\",\"queryType\":\"EQ\",\"columnType\":\"bigint\",\"createBy\":\"admin\",\"isPk\":\"0\",\"createTime\":1650715655000,\"isEdit\":\"1\",\"tableId\":2,\"pk\":false,\"columnName\":\"case_id\"},{\"capJavaField\":\"HospitalId\",\"usableColumn\":false,\"columnId\":19,\"isIncrement\":\"0\",\"increment\":false,\"insert\":true,\"isList\":\"1\",\"dictType\":\"\",\"required\":true,\"superColumn\":false,\"updateBy\":\"\",\"isInsert\":\"1\",\"isRequired\":\"1\",\"javaField\":\"hospitalId\",\"htmlType\":\"input\",\"edit\":true,\"query\":true,\"columnComment\":\"医院id\",\"isQuery\":\"1\",\"updateTime\":1650977746000,\"sort\":3,\"list\":true,\"params\":{},\"javaType\":\"Long\",\"queryType\":\"EQ\",\"columnType\":\"bigint\",\"createBy\":\"admin\",\"isPk\":\"0\",\"createTime\":1650715655000,\"isEdit\":\"1\",\"tableId\":2,\"pk\":false,\"columnName\":\"hospital_id\"},{\"capJavaField\":\"VisitTime\",\"usableColumn\":false,\"columnId\":20,\"isIncrement\":\"0\",\"increment\":false,\"insert\":true,\"isList\":\"1\",\"dictType\":\"\",\"required\":true,\"superColumn\":false,\"updateBy\":\"\",\"isInsert\":\"1\",\"isRequired\":\"1\",\"javaField\":\"visitTime\",\"htmlType\":\"input\",\"edit\":true,\"','{\"msg\":\"操作成功\",\"code\":200}',0,NULL,'2022-04-26 21:45:19'),
(226,'代码生成',2,'zstu.epidemic.generator.controller.GenController.editSave()','PUT',1,'admin',NULL,'/tool/gen','127.0.0.1','内网IP','{\"sub\":false,\"subTableName\":\"\",\"functionAuthor\":\"iwan\",\"columns\":[{\"capJavaField\":\"CategoryId\",\"usableColumn\":false,\"columnId\":28,\"isIncrement\":\"1\",\"increment\":true,\"insert\":true,\"isList\":\"1\",\"dictType\":\"\",\"required\":false,\"superColumn\":false,\"updateBy\":\"\",\"isInsert\":\"1\",\"javaField\":\"categoryId\",\"htmlType\":\"input\",\"edit\":false,\"query\":true,\"columnComment\":\"类型id\",\"isQuery\":\"1\",\"updateTime\":1650971630000,\"sort\":1,\"list\":true,\"params\":{},\"javaType\":\"Long\",\"queryType\":\"EQ\",\"columnType\":\"bigint\",\"createBy\":\"admin\",\"isPk\":\"1\",\"createTime\":1650715655000,\"tableId\":3,\"pk\":true,\"columnName\":\"category_id\"},{\"capJavaField\":\"ParentId\",\"usableColumn\":true,\"columnId\":29,\"isIncrement\":\"0\",\"increment\":false,\"insert\":true,\"isList\":\"1\",\"dictType\":\"\",\"required\":true,\"superColumn\":true,\"updateBy\":\"\",\"isInsert\":\"1\",\"isRequired\":\"1\",\"javaField\":\"parentId\",\"htmlType\":\"input\",\"edit\":true,\"query\":true,\"columnComment\":\"上级类id\",\"isQuery\":\"1\",\"updateTime\":1650971630000,\"sort\":2,\"list\":true,\"params\":{},\"javaType\":\"Long\",\"queryType\":\"EQ\",\"columnType\":\"bigint\",\"createBy\":\"admin\",\"isPk\":\"0\",\"createTime\":1650715655000,\"isEdit\":\"1\",\"tableId\":3,\"pk\":false,\"columnName\":\"parent_id\"},{\"capJavaField\":\"CategoryName\",\"usableColumn\":false,\"columnId\":30,\"isIncrement\":\"0\",\"increment\":false,\"insert\":true,\"isList\":\"1\",\"dictType\":\"\",\"required\":true,\"superColumn\":false,\"updateBy\":\"\",\"isInsert\":\"1\",\"isRequired\":\"1\",\"javaField\":\"categoryName\",\"htmlType\":\"input\",\"edit\":true,\"query\":true,\"columnComment\":\"类名\",\"isQuery\":\"1\",\"updateTime\":1650971630000,\"sort\":3,\"list\":true,\"params\":{},\"javaType\":\"String\",\"queryType\":\"LIKE\",\"columnType\":\"varchar(30)\",\"createBy\":\"admin\",\"isPk\":\"0\",\"createTime\":1650715655000,\"isEdit\":\"1\",\"tableId\":3,\"pk\":false,\"columnName\":\"category_name\"},{\"capJavaField\":\"IsDelete\",\"usableColumn\":false,\"columnId\":31,\"isIncrement\":\"0\",\"increment\":false,\"insert\":true,\"isList\":\"1\",\"dictType\":\"\",\"required\":false,\"superColumn\":false,\"updateBy\":\"\",\"isInsert\":\"1\",\"javaField\":\"isDelete\",\"htmlType\":\"input\",\"edit\":tru','{\"msg\":\"操作成功\",\"code\":200}',0,NULL,'2022-04-26 21:45:32'),
(227,'代码生成',2,'zstu.epidemic.generator.controller.GenController.editSave()','PUT',1,'admin',NULL,'/tool/gen','127.0.0.1','内网IP','{\"sub\":false,\"functionAuthor\":\"iwan\",\"columns\":[{\"capJavaField\":\"CompanyId\",\"usableColumn\":false,\"columnId\":39,\"isIncrement\":\"1\",\"increment\":true,\"insert\":true,\"isList\":\"1\",\"dictType\":\"\",\"required\":false,\"superColumn\":false,\"updateBy\":\"\",\"isInsert\":\"1\",\"javaField\":\"companyId\",\"htmlType\":\"input\",\"edit\":false,\"query\":true,\"columnComment\":\"公司id\",\"isQuery\":\"1\",\"updateTime\":1650973211000,\"sort\":1,\"list\":true,\"params\":{},\"javaType\":\"Long\",\"queryType\":\"EQ\",\"columnType\":\"bigint\",\"createBy\":\"admin\",\"isPk\":\"1\",\"createTime\":1650715655000,\"tableId\":5,\"pk\":true,\"columnName\":\"company_id\"},{\"capJavaField\":\"CompantName\",\"usableColumn\":false,\"columnId\":40,\"isIncrement\":\"0\",\"increment\":false,\"insert\":true,\"isList\":\"1\",\"dictType\":\"\",\"required\":false,\"superColumn\":false,\"updateBy\":\"\",\"isInsert\":\"1\",\"javaField\":\"compantName\",\"htmlType\":\"input\",\"edit\":true,\"query\":true,\"columnComment\":\"公司名\",\"isQuery\":\"1\",\"updateTime\":1650973211000,\"sort\":2,\"list\":true,\"params\":{},\"javaType\":\"String\",\"queryType\":\"LIKE\",\"columnType\":\"varchar(255)\",\"createBy\":\"admin\",\"isPk\":\"0\",\"createTime\":1650715655000,\"isEdit\":\"1\",\"tableId\":5,\"pk\":false,\"columnName\":\"compant_name\"},{\"capJavaField\":\"CompanyAddress\",\"usableColumn\":false,\"columnId\":41,\"isIncrement\":\"0\",\"increment\":false,\"insert\":true,\"isList\":\"1\",\"dictType\":\"\",\"required\":false,\"superColumn\":false,\"updateBy\":\"\",\"isInsert\":\"1\",\"javaField\":\"companyAddress\",\"htmlType\":\"input\",\"edit\":true,\"query\":true,\"columnComment\":\"公司详细地址\",\"isQuery\":\"1\",\"updateTime\":1650973211000,\"sort\":3,\"list\":true,\"params\":{},\"javaType\":\"String\",\"queryType\":\"EQ\",\"columnType\":\"varchar(255)\",\"createBy\":\"admin\",\"isPk\":\"0\",\"createTime\":1650715655000,\"isEdit\":\"1\",\"tableId\":5,\"pk\":false,\"columnName\":\"company_address\"},{\"capJavaField\":\"PostalCode\",\"usableColumn\":false,\"columnId\":42,\"isIncrement\":\"0\",\"increment\":false,\"insert\":true,\"isList\":\"1\",\"dictType\":\"\",\"required\":false,\"superColumn\":false,\"updateBy\":\"\",\"isInsert\":\"1\",\"javaField\":\"postalCode\",\"htmlType\":\"input\",\"edit\":true,\"query\":true,\"colum','{\"msg\":\"操作成功\",\"code\":200}',0,NULL,'2022-04-26 21:46:45'),
(228,'代码生成',2,'zstu.epidemic.generator.controller.GenController.editSave()','PUT',1,'admin',NULL,'/tool/gen','127.0.0.1','内网IP','{\"sub\":false,\"subTableName\":\"\",\"functionAuthor\":\"iwan\",\"columns\":[{\"capJavaField\":\"ComplicationId\",\"usableColumn\":false,\"columnId\":53,\"isIncrement\":\"0\",\"increment\":false,\"insert\":true,\"isList\":\"1\",\"dictType\":\"\",\"required\":false,\"superColumn\":false,\"updateBy\":\"\",\"isInsert\":\"1\",\"javaField\":\"complicationId\",\"htmlType\":\"input\",\"edit\":false,\"query\":true,\"columnComment\":\"并发症id\",\"isQuery\":\"1\",\"updateTime\":1650971651000,\"sort\":1,\"list\":true,\"params\":{},\"javaType\":\"Long\",\"queryType\":\"EQ\",\"columnType\":\"bigint\",\"createBy\":\"admin\",\"isPk\":\"1\",\"createTime\":1650715655000,\"tableId\":6,\"pk\":true,\"columnName\":\"complication_id\"},{\"capJavaField\":\"InfectiousId\",\"usableColumn\":false,\"columnId\":54,\"isIncrement\":\"0\",\"increment\":false,\"insert\":true,\"isList\":\"1\",\"dictType\":\"\",\"required\":true,\"superColumn\":false,\"updateBy\":\"\",\"isInsert\":\"1\",\"isRequired\":\"1\",\"javaField\":\"infectiousId\",\"htmlType\":\"input\",\"edit\":true,\"query\":true,\"columnComment\":\"传染病id（引发）\",\"isQuery\":\"1\",\"updateTime\":1650971651000,\"sort\":2,\"list\":true,\"params\":{},\"javaType\":\"Long\",\"queryType\":\"EQ\",\"columnType\":\"bigint\",\"createBy\":\"admin\",\"isPk\":\"0\",\"createTime\":1650715655000,\"isEdit\":\"1\",\"tableId\":6,\"pk\":false,\"columnName\":\"infectious_id\"}],\"businessName\":\"complication\",\"moduleName\":\"illness\",\"className\":\"EpidemicComplication\",\"tableName\":\"epidemic_complication\",\"crud\":true,\"options\":\"{\\\"parentMenuId\\\":\\\"2001\\\"}\",\"subTableFkName\":\"\",\"genType\":\"0\",\"packageName\":\"zstu.epidemic.illness\",\"functionName\":\"并发症管理\",\"tree\":false,\"tableComment\":\"并发症管理\",\"params\":{\"parentMenuId\":\"2001\"},\"tplCategory\":\"crud\",\"parentMenuId\":\"2001\",\"tableId\":6,\"genPath\":\"/\"}','{\"msg\":\"操作成功\",\"code\":200}',0,NULL,'2022-04-26 21:46:56'),
(229,'代码生成',2,'zstu.epidemic.generator.controller.GenController.editSave()','PUT',1,'admin',NULL,'/tool/gen','127.0.0.1','内网IP','{\"sub\":false,\"functionAuthor\":\"iwan\",\"columns\":[{\"capJavaField\":\"DrugId\",\"usableColumn\":false,\"columnId\":55,\"isIncrement\":\"1\",\"increment\":true,\"insert\":true,\"isList\":\"1\",\"dictType\":\"\",\"required\":false,\"superColumn\":false,\"updateBy\":\"\",\"isInsert\":\"1\",\"javaField\":\"drugId\",\"htmlType\":\"input\",\"edit\":false,\"query\":true,\"columnComment\":\"序号\",\"isQuery\":\"1\",\"updateTime\":1650979681000,\"sort\":1,\"list\":true,\"params\":{},\"javaType\":\"Long\",\"queryType\":\"EQ\",\"columnType\":\"bigint\",\"createBy\":\"admin\",\"isPk\":\"1\",\"createTime\":1650715655000,\"tableId\":7,\"pk\":true,\"columnName\":\"drug_id\"},{\"capJavaField\":\"DrugName\",\"usableColumn\":false,\"columnId\":56,\"isIncrement\":\"0\",\"increment\":false,\"insert\":true,\"isList\":\"1\",\"dictType\":\"\",\"required\":true,\"superColumn\":false,\"updateBy\":\"\",\"isInsert\":\"1\",\"isRequired\":\"1\",\"javaField\":\"drugName\",\"htmlType\":\"input\",\"edit\":true,\"query\":true,\"columnComment\":\"药品名称\",\"isQuery\":\"1\",\"updateTime\":1650979681000,\"sort\":2,\"list\":true,\"params\":{},\"javaType\":\"String\",\"queryType\":\"LIKE\",\"columnType\":\"varchar(255)\",\"createBy\":\"admin\",\"isPk\":\"0\",\"createTime\":1650715655000,\"isEdit\":\"1\",\"tableId\":7,\"pk\":false,\"columnName\":\"drug_name\"},{\"capJavaField\":\"Ingredient\",\"usableColumn\":false,\"columnId\":57,\"isIncrement\":\"0\",\"increment\":false,\"insert\":true,\"isList\":\"1\",\"dictType\":\"\",\"required\":true,\"superColumn\":false,\"updateBy\":\"\",\"isInsert\":\"1\",\"isRequired\":\"1\",\"javaField\":\"ingredient\",\"htmlType\":\"input\",\"edit\":true,\"query\":true,\"columnComment\":\"成分\",\"isQuery\":\"1\",\"updateTime\":1650979681000,\"sort\":3,\"list\":true,\"params\":{},\"javaType\":\"String\",\"queryType\":\"EQ\",\"columnType\":\"varchar(255)\",\"createBy\":\"admin\",\"isPk\":\"0\",\"createTime\":1650715655000,\"isEdit\":\"1\",\"tableId\":7,\"pk\":false,\"columnName\":\"ingredient\"},{\"capJavaField\":\"Appearance\",\"usableColumn\":false,\"columnId\":58,\"isIncrement\":\"0\",\"increment\":false,\"insert\":true,\"isList\":\"1\",\"dictType\":\"\",\"required\":true,\"superColumn\":false,\"updateBy\":\"\",\"isInsert\":\"1\",\"isRequired\":\"1\",\"javaField\":\"appearance\",\"htmlType\":\"input\",\"edit\":true,\"query\"','{\"msg\":\"操作成功\",\"code\":200}',0,NULL,'2022-04-26 21:47:03'),
(230,'代码生成',2,'zstu.epidemic.generator.controller.GenController.editSave()','PUT',1,'admin',NULL,'/tool/gen','127.0.0.1','内网IP','{\"sub\":false,\"functionAuthor\":\"iwan\",\"columns\":[{\"capJavaField\":\"RegionId\",\"usableColumn\":false,\"columnId\":75,\"isIncrement\":\"1\",\"increment\":true,\"insert\":true,\"isList\":\"1\",\"dictType\":\"\",\"required\":false,\"superColumn\":false,\"updateBy\":\"\",\"isInsert\":\"1\",\"javaField\":\"regionId\",\"htmlType\":\"input\",\"edit\":false,\"query\":true,\"columnComment\":\"地区id\",\"isQuery\":\"1\",\"updateTime\":1650979711000,\"sort\":1,\"list\":true,\"params\":{},\"javaType\":\"Long\",\"queryType\":\"EQ\",\"columnType\":\"bigint\",\"createBy\":\"admin\",\"isPk\":\"1\",\"createTime\":1650715655000,\"tableId\":8,\"pk\":true,\"columnName\":\"region_id\"},{\"capJavaField\":\"Province\",\"usableColumn\":false,\"columnId\":76,\"isIncrement\":\"0\",\"increment\":false,\"insert\":true,\"isList\":\"1\",\"dictType\":\"\",\"required\":true,\"superColumn\":false,\"updateBy\":\"\",\"isInsert\":\"1\",\"isRequired\":\"1\",\"javaField\":\"province\",\"htmlType\":\"input\",\"edit\":true,\"query\":true,\"columnComment\":\"省份\",\"isQuery\":\"1\",\"updateTime\":1650979711000,\"sort\":2,\"list\":true,\"params\":{},\"javaType\":\"String\",\"queryType\":\"EQ\",\"columnType\":\"varchar(30)\",\"createBy\":\"admin\",\"isPk\":\"0\",\"createTime\":1650715655000,\"isEdit\":\"1\",\"tableId\":8,\"pk\":false,\"columnName\":\"province\"},{\"capJavaField\":\"City\",\"usableColumn\":false,\"columnId\":77,\"isIncrement\":\"0\",\"increment\":false,\"insert\":true,\"isList\":\"1\",\"dictType\":\"\",\"required\":true,\"superColumn\":false,\"updateBy\":\"\",\"isInsert\":\"1\",\"isRequired\":\"1\",\"javaField\":\"city\",\"htmlType\":\"input\",\"edit\":true,\"query\":true,\"columnComment\":\"市级名\",\"isQuery\":\"1\",\"updateTime\":1650979711000,\"sort\":3,\"list\":true,\"params\":{},\"javaType\":\"String\",\"queryType\":\"EQ\",\"columnType\":\"varchar(30)\",\"createBy\":\"admin\",\"isPk\":\"0\",\"createTime\":1650715655000,\"isEdit\":\"1\",\"tableId\":8,\"pk\":false,\"columnName\":\"city\"},{\"capJavaField\":\"District\",\"usableColumn\":false,\"columnId\":78,\"isIncrement\":\"0\",\"increment\":false,\"insert\":true,\"isList\":\"1\",\"dictType\":\"\",\"required\":true,\"superColumn\":false,\"updateBy\":\"\",\"isInsert\":\"1\",\"isRequired\":\"1\",\"javaField\":\"district\",\"htmlType\":\"input\",\"edit\":true,\"query\":true,\"columnComment','{\"msg\":\"操作成功\",\"code\":200}',0,NULL,'2022-04-26 21:47:17'),
(231,'代码生成',2,'zstu.epidemic.generator.controller.GenController.editSave()','PUT',1,'admin',NULL,'/tool/gen','127.0.0.1','内网IP','{\"sub\":false,\"subTableName\":\"\",\"functionAuthor\":\"iwan\",\"columns\":[{\"capJavaField\":\"SequelaeId\",\"usableColumn\":false,\"columnId\":86,\"isIncrement\":\"0\",\"increment\":false,\"insert\":true,\"isList\":\"1\",\"dictType\":\"\",\"required\":false,\"superColumn\":false,\"updateBy\":\"\",\"isInsert\":\"1\",\"javaField\":\"sequelaeId\",\"htmlType\":\"input\",\"edit\":false,\"query\":true,\"columnComment\":\"后遗症id\",\"isQuery\":\"1\",\"updateTime\":1650979747000,\"sort\":1,\"list\":true,\"params\":{},\"javaType\":\"Long\",\"queryType\":\"EQ\",\"columnType\":\"bigint\",\"createBy\":\"admin\",\"isPk\":\"1\",\"createTime\":1650715655000,\"tableId\":9,\"pk\":true,\"columnName\":\"sequelae_id\"},{\"capJavaField\":\"InfectiousId\",\"usableColumn\":false,\"columnId\":87,\"isIncrement\":\"0\",\"increment\":false,\"insert\":true,\"isList\":\"1\",\"dictType\":\"\",\"required\":true,\"superColumn\":false,\"updateBy\":\"\",\"isInsert\":\"1\",\"isRequired\":\"1\",\"javaField\":\"infectiousId\",\"htmlType\":\"input\",\"edit\":true,\"query\":true,\"columnComment\":\"传染病id（引发）\",\"isQuery\":\"1\",\"updateTime\":1650979747000,\"sort\":2,\"list\":true,\"params\":{},\"javaType\":\"Long\",\"queryType\":\"EQ\",\"columnType\":\"bigint\",\"createBy\":\"admin\",\"isPk\":\"0\",\"createTime\":1650715655000,\"isEdit\":\"1\",\"tableId\":9,\"pk\":false,\"columnName\":\"infectious_id\"}],\"businessName\":\"sequelae\",\"moduleName\":\"illness\",\"className\":\"EpidemicSequelae\",\"tableName\":\"epidemic_sequelae\",\"crud\":true,\"options\":\"{\\\"parentMenuId\\\":\\\"2001\\\"}\",\"subTableFkName\":\"\",\"genType\":\"0\",\"packageName\":\"zstu.epidemic.illness\",\"functionName\":\"后遗症\",\"tree\":false,\"tableComment\":\"后遗症管理\",\"params\":{\"parentMenuId\":\"2001\"},\"tplCategory\":\"crud\",\"parentMenuId\":\"2001\",\"tableId\":9,\"genPath\":\"/\"}','{\"msg\":\"操作成功\",\"code\":200}',0,NULL,'2022-04-26 21:47:23'),
(232,'代码生成',2,'zstu.epidemic.generator.controller.GenController.editSave()','PUT',1,'admin',NULL,'/tool/gen','127.0.0.1','内网IP','{\"sub\":false,\"functionAuthor\":\"iwan\",\"columns\":[{\"capJavaField\":\"TransmissionId\",\"usableColumn\":false,\"columnId\":88,\"isIncrement\":\"1\",\"increment\":true,\"insert\":true,\"isList\":\"1\",\"dictType\":\"\",\"required\":false,\"superColumn\":false,\"updateBy\":\"\",\"isInsert\":\"1\",\"javaField\":\"transmissionId\",\"htmlType\":\"input\",\"edit\":false,\"query\":true,\"columnComment\":\"传播途径id\",\"isQuery\":\"1\",\"updateTime\":1650979764000,\"sort\":1,\"list\":true,\"params\":{},\"javaType\":\"Long\",\"queryType\":\"EQ\",\"columnType\":\"bigint\",\"createBy\":\"admin\",\"isPk\":\"1\",\"createTime\":1650715655000,\"tableId\":10,\"pk\":true,\"columnName\":\"transmission_id\"},{\"capJavaField\":\"TransmissionName\",\"usableColumn\":false,\"columnId\":89,\"isIncrement\":\"0\",\"increment\":false,\"insert\":true,\"isList\":\"1\",\"dictType\":\"\",\"required\":true,\"superColumn\":false,\"updateBy\":\"\",\"isInsert\":\"1\",\"isRequired\":\"1\",\"javaField\":\"transmissionName\",\"htmlType\":\"input\",\"edit\":true,\"query\":true,\"columnComment\":\"传播途径名\",\"isQuery\":\"1\",\"updateTime\":1650979764000,\"sort\":2,\"list\":true,\"params\":{},\"javaType\":\"String\",\"queryType\":\"LIKE\",\"columnType\":\"varchar(30)\",\"createBy\":\"admin\",\"isPk\":\"0\",\"createTime\":1650715655000,\"isEdit\":\"1\",\"tableId\":10,\"pk\":false,\"columnName\":\"transmission_name\"},{\"capJavaField\":\"Distance\",\"usableColumn\":false,\"columnId\":90,\"isIncrement\":\"0\",\"increment\":false,\"insert\":true,\"isList\":\"1\",\"dictType\":\"\",\"required\":true,\"superColumn\":false,\"updateBy\":\"\",\"isInsert\":\"1\",\"isRequired\":\"1\",\"javaField\":\"distance\",\"htmlType\":\"input\",\"edit\":true,\"query\":true,\"columnComment\":\"影响范围\",\"isQuery\":\"1\",\"updateTime\":1650979764000,\"sort\":3,\"list\":true,\"params\":{},\"javaType\":\"String\",\"queryType\":\"EQ\",\"columnType\":\"varchar(10)\",\"createBy\":\"admin\",\"isPk\":\"0\",\"createTime\":1650715655000,\"isEdit\":\"1\",\"tableId\":10,\"pk\":false,\"columnName\":\"distance\"},{\"capJavaField\":\"Duration\",\"usableColumn\":false,\"columnId\":91,\"isIncrement\":\"0\",\"increment\":false,\"insert\":true,\"isList\":\"1\",\"dictType\":\"\",\"required\":true,\"superColumn\":false,\"updateBy\":\"\",\"isInsert\":\"1\",\"isRequired\":\"1\",\"javaField\":\"du','{\"msg\":\"操作成功\",\"code\":200}',0,NULL,'2022-04-26 21:47:33'),
(233,'代码生成',2,'zstu.epidemic.generator.controller.GenController.editSave()','PUT',1,'admin',NULL,'/tool/gen','127.0.0.1','内网IP','{\"sub\":false,\"functionAuthor\":\"iwan\",\"columns\":[{\"capJavaField\":\"ExpertId\",\"usableColumn\":false,\"columnId\":101,\"isIncrement\":\"1\",\"increment\":true,\"insert\":true,\"isList\":\"1\",\"dictType\":\"\",\"required\":false,\"superColumn\":false,\"updateBy\":\"\",\"isInsert\":\"1\",\"javaField\":\"expertId\",\"htmlType\":\"input\",\"edit\":false,\"query\":true,\"columnComment\":\"专家id\",\"isQuery\":\"1\",\"updateTime\":1650979645000,\"sort\":1,\"list\":true,\"params\":{},\"javaType\":\"Long\",\"queryType\":\"EQ\",\"columnType\":\"bigint\",\"createBy\":\"admin\",\"isPk\":\"1\",\"createTime\":1650715670000,\"tableId\":12,\"pk\":true,\"columnName\":\"expert_id\"},{\"capJavaField\":\"ExpertName\",\"usableColumn\":false,\"columnId\":102,\"isIncrement\":\"0\",\"increment\":false,\"insert\":true,\"isList\":\"1\",\"dictType\":\"\",\"required\":true,\"superColumn\":false,\"updateBy\":\"\",\"isInsert\":\"1\",\"isRequired\":\"1\",\"javaField\":\"expertName\",\"htmlType\":\"input\",\"edit\":true,\"query\":true,\"columnComment\":\"专家姓名\",\"isQuery\":\"1\",\"updateTime\":1650979645000,\"sort\":2,\"list\":true,\"params\":{},\"javaType\":\"String\",\"queryType\":\"LIKE\",\"columnType\":\"varchar(30)\",\"createBy\":\"admin\",\"isPk\":\"0\",\"createTime\":1650715670000,\"isEdit\":\"1\",\"tableId\":12,\"pk\":false,\"columnName\":\"expert_name\"},{\"capJavaField\":\"ExpertSex\",\"usableColumn\":false,\"columnId\":103,\"isIncrement\":\"0\",\"increment\":false,\"insert\":true,\"isList\":\"1\",\"dictType\":\"\",\"required\":true,\"superColumn\":false,\"updateBy\":\"\",\"isInsert\":\"1\",\"isRequired\":\"1\",\"javaField\":\"expertSex\",\"htmlType\":\"select\",\"edit\":true,\"query\":true,\"columnComment\":\"专家性别\",\"isQuery\":\"1\",\"updateTime\":1650979645000,\"sort\":3,\"list\":true,\"params\":{},\"javaType\":\"String\",\"queryType\":\"EQ\",\"columnType\":\"char(1)\",\"createBy\":\"admin\",\"isPk\":\"0\",\"createTime\":1650715670000,\"isEdit\":\"1\",\"tableId\":12,\"pk\":false,\"columnName\":\"expert_sex\"},{\"capJavaField\":\"ExpertAge\",\"usableColumn\":false,\"columnId\":104,\"isIncrement\":\"0\",\"increment\":false,\"insert\":true,\"isList\":\"1\",\"dictType\":\"\",\"required\":true,\"superColumn\":false,\"updateBy\":\"\",\"isInsert\":\"1\",\"isRequired\":\"1\",\"javaField\":\"expertAge\",\"htmlType\":\"input\",\"edit','{\"msg\":\"操作成功\",\"code\":200}',0,NULL,'2022-04-26 21:47:43'),
(234,'代码生成',2,'zstu.epidemic.generator.controller.GenController.editSave()','PUT',1,'admin',NULL,'/tool/gen','127.0.0.1','内网IP','{\"sub\":false,\"functionAuthor\":\"iwan\",\"columns\":[{\"capJavaField\":\"FactoryId\",\"usableColumn\":false,\"columnId\":120,\"isIncrement\":\"1\",\"increment\":true,\"insert\":true,\"isList\":\"1\",\"dictType\":\"\",\"required\":false,\"superColumn\":false,\"updateBy\":\"\",\"isInsert\":\"1\",\"javaField\":\"factoryId\",\"htmlType\":\"input\",\"edit\":false,\"query\":true,\"columnComment\":\"工厂id\",\"isQuery\":\"1\",\"updateTime\":1650973224000,\"sort\":1,\"list\":true,\"params\":{},\"javaType\":\"Long\",\"queryType\":\"EQ\",\"columnType\":\"bigint\",\"createBy\":\"admin\",\"isPk\":\"1\",\"createTime\":1650715670000,\"tableId\":13,\"pk\":true,\"columnName\":\"factory_id\"},{\"capJavaField\":\"FactoryName\",\"usableColumn\":false,\"columnId\":121,\"isIncrement\":\"0\",\"increment\":false,\"insert\":true,\"isList\":\"1\",\"dictType\":\"\",\"required\":true,\"superColumn\":false,\"updateBy\":\"\",\"isInsert\":\"1\",\"isRequired\":\"1\",\"javaField\":\"factoryName\",\"htmlType\":\"input\",\"edit\":true,\"query\":true,\"columnComment\":\"工厂名\",\"isQuery\":\"1\",\"updateTime\":1650973224000,\"sort\":2,\"list\":true,\"params\":{},\"javaType\":\"String\",\"queryType\":\"LIKE\",\"columnType\":\"varchar(255)\",\"createBy\":\"admin\",\"isPk\":\"0\",\"createTime\":1650715670000,\"isEdit\":\"1\",\"tableId\":13,\"pk\":false,\"columnName\":\"factory_name\"},{\"capJavaField\":\"FactoryAddress\",\"usableColumn\":false,\"columnId\":122,\"isIncrement\":\"0\",\"increment\":false,\"insert\":true,\"isList\":\"1\",\"dictType\":\"\",\"required\":true,\"superColumn\":false,\"updateBy\":\"\",\"isInsert\":\"1\",\"isRequired\":\"1\",\"javaField\":\"factoryAddress\",\"htmlType\":\"input\",\"edit\":true,\"query\":true,\"columnComment\":\"工厂详细地址\",\"isQuery\":\"1\",\"updateTime\":1650973224000,\"sort\":3,\"list\":true,\"params\":{},\"javaType\":\"String\",\"queryType\":\"EQ\",\"columnType\":\"varchar(255)\",\"createBy\":\"admin\",\"isPk\":\"0\",\"createTime\":1650715670000,\"isEdit\":\"1\",\"tableId\":13,\"pk\":false,\"columnName\":\"factory_address\"},{\"capJavaField\":\"PostalCode\",\"usableColumn\":false,\"columnId\":123,\"isIncrement\":\"0\",\"increment\":false,\"insert\":true,\"isList\":\"1\",\"dictType\":\"\",\"required\":true,\"superColumn\":false,\"updateBy\":\"\",\"isInsert\":\"1\",\"isRequired\":\"1\",\"javaField\":\"postalC','{\"msg\":\"操作成功\",\"code\":200}',0,NULL,'2022-04-26 21:48:41'),
(235,'代码生成',2,'zstu.epidemic.generator.controller.GenController.synchDb()','GET',1,'admin',NULL,'/tool/gen/synchDb/epidemic_factory','127.0.0.1','内网IP','{tableName=epidemic_factory}','{\"msg\":\"操作成功\",\"code\":200}',0,NULL,'2022-04-26 21:49:31'),
(236,'代码生成',2,'zstu.epidemic.generator.controller.GenController.editSave()','PUT',1,'admin',NULL,'/tool/gen','127.0.0.1','内网IP','{\"sub\":false,\"functionAuthor\":\"iwan\",\"columns\":[{\"capJavaField\":\"FactoryId\",\"usableColumn\":false,\"columnId\":120,\"isIncrement\":\"1\",\"increment\":true,\"insert\":true,\"isList\":\"1\",\"required\":false,\"superColumn\":false,\"isInsert\":\"1\",\"javaField\":\"factoryId\",\"htmlType\":\"input\",\"edit\":false,\"query\":true,\"columnComment\":\"工厂id\",\"isQuery\":\"1\",\"updateTime\":1650980971000,\"sort\":1,\"list\":true,\"params\":{},\"javaType\":\"Long\",\"queryType\":\"EQ\",\"columnType\":\"bigint\",\"createBy\":\"admin\",\"isPk\":\"1\",\"createTime\":1650715670000,\"tableId\":13,\"pk\":true,\"columnName\":\"factory_id\"},{\"capJavaField\":\"FactoryName\",\"usableColumn\":false,\"columnId\":121,\"isIncrement\":\"0\",\"increment\":false,\"insert\":true,\"isList\":\"1\",\"dictType\":\"\",\"required\":true,\"superColumn\":false,\"isInsert\":\"1\",\"isRequired\":\"1\",\"javaField\":\"factoryName\",\"htmlType\":\"input\",\"edit\":true,\"query\":true,\"columnComment\":\"工厂名\",\"isQuery\":\"1\",\"updateTime\":1650980971000,\"sort\":2,\"list\":true,\"params\":{},\"javaType\":\"String\",\"queryType\":\"LIKE\",\"columnType\":\"varchar(255)\",\"createBy\":\"admin\",\"isPk\":\"0\",\"createTime\":1650715670000,\"isEdit\":\"1\",\"tableId\":13,\"pk\":false,\"columnName\":\"factory_name\"},{\"capJavaField\":\"FactoryRegionId\",\"usableColumn\":false,\"columnId\":219,\"isIncrement\":\"0\",\"increment\":false,\"insert\":true,\"isList\":\"1\",\"dictType\":\"\",\"required\":false,\"superColumn\":false,\"updateBy\":\"\",\"isInsert\":\"1\",\"javaField\":\"factoryRegionId\",\"htmlType\":\"input\",\"edit\":true,\"query\":true,\"columnComment\":\"工厂地址id\",\"isQuery\":\"1\",\"sort\":3,\"list\":true,\"params\":{},\"javaType\":\"Long\",\"queryType\":\"EQ\",\"columnType\":\"bigint\",\"createBy\":\"\",\"isPk\":\"0\",\"createTime\":1650980971000,\"isEdit\":\"1\",\"tableId\":13,\"pk\":false,\"columnName\":\"factory_region_id\"},{\"capJavaField\":\"FactoryAddress\",\"usableColumn\":false,\"columnId\":122,\"isIncrement\":\"0\",\"increment\":false,\"insert\":true,\"isList\":\"1\",\"dictType\":\"\",\"required\":true,\"superColumn\":false,\"isInsert\":\"1\",\"isRequired\":\"1\",\"javaField\":\"factoryAddress\",\"htmlType\":\"input\",\"edit\":true,\"query\":true,\"columnComment\":\"工厂详细地址\",\"isQuery\":\"1\",\"updateTime\"','{\"msg\":\"操作成功\",\"code\":200}',0,NULL,'2022-04-26 21:50:45'),
(237,'代码生成',2,'zstu.epidemic.generator.controller.GenController.editSave()','PUT',1,'admin',NULL,'/tool/gen','127.0.0.1','内网IP','{\"sub\":false,\"functionAuthor\":\"iwan\",\"columns\":[{\"capJavaField\":\"HospitalId\",\"usableColumn\":false,\"columnId\":135,\"isIncrement\":\"1\",\"increment\":true,\"insert\":true,\"isList\":\"1\",\"dictType\":\"\",\"required\":false,\"superColumn\":false,\"updateBy\":\"\",\"isInsert\":\"1\",\"javaField\":\"hospitalId\",\"htmlType\":\"input\",\"edit\":false,\"query\":true,\"columnComment\":\"医院id\",\"isQuery\":\"1\",\"updateTime\":1650977827000,\"sort\":1,\"list\":true,\"params\":{},\"javaType\":\"Long\",\"queryType\":\"EQ\",\"columnType\":\"bigint\",\"createBy\":\"admin\",\"isPk\":\"1\",\"createTime\":1650715671000,\"tableId\":15,\"pk\":true,\"columnName\":\"hospital_id\"},{\"capJavaField\":\"HospitalName\",\"usableColumn\":false,\"columnId\":136,\"isIncrement\":\"0\",\"increment\":false,\"insert\":true,\"isList\":\"1\",\"dictType\":\"\",\"required\":true,\"superColumn\":false,\"updateBy\":\"\",\"isInsert\":\"1\",\"isRequired\":\"1\",\"javaField\":\"hospitalName\",\"htmlType\":\"input\",\"edit\":true,\"query\":true,\"columnComment\":\"医院名称\",\"isQuery\":\"1\",\"updateTime\":1650977827000,\"sort\":2,\"list\":true,\"params\":{},\"javaType\":\"String\",\"queryType\":\"LIKE\",\"columnType\":\"varchar(50)\",\"createBy\":\"admin\",\"isPk\":\"0\",\"createTime\":1650715671000,\"isEdit\":\"1\",\"tableId\":15,\"pk\":false,\"columnName\":\"hospital_name\"},{\"capJavaField\":\"EstablishRegionId\",\"usableColumn\":false,\"columnId\":137,\"isIncrement\":\"0\",\"increment\":false,\"insert\":true,\"isList\":\"1\",\"dictType\":\"\",\"required\":true,\"superColumn\":false,\"updateBy\":\"\",\"isInsert\":\"1\",\"isRequired\":\"1\",\"javaField\":\"establishRegionId\",\"htmlType\":\"input\",\"edit\":true,\"query\":true,\"columnComment\":\"地区id\",\"isQuery\":\"1\",\"updateTime\":1650977827000,\"sort\":3,\"list\":true,\"params\":{},\"javaType\":\"Long\",\"queryType\":\"EQ\",\"columnType\":\"bigint\",\"createBy\":\"admin\",\"isPk\":\"0\",\"createTime\":1650715671000,\"isEdit\":\"1\",\"tableId\":15,\"pk\":false,\"columnName\":\"establish_region_id\"},{\"capJavaField\":\"EstabilshAddress\",\"usableColumn\":false,\"columnId\":138,\"isIncrement\":\"0\",\"increment\":false,\"insert\":true,\"isList\":\"1\",\"dictType\":\"\",\"required\":true,\"superColumn\":false,\"updateBy\":\"\",\"isInsert\":\"1\",\"isRequired\":\"1\",\"javaFie','{\"msg\":\"操作成功\",\"code\":200}',0,NULL,'2022-04-26 21:50:53'),
(238,'代码生成',2,'zstu.epidemic.generator.controller.GenController.editSave()','PUT',1,'admin',NULL,'/tool/gen','127.0.0.1','内网IP','{\"sub\":false,\"functionAuthor\":\"iwan\",\"columns\":[{\"capJavaField\":\"IllnessId\",\"usableColumn\":false,\"columnId\":150,\"isIncrement\":\"1\",\"increment\":true,\"insert\":true,\"isList\":\"1\",\"dictType\":\"\",\"required\":false,\"superColumn\":false,\"updateBy\":\"\",\"isInsert\":\"1\",\"javaField\":\"illnessId\",\"htmlType\":\"input\",\"edit\":false,\"query\":true,\"columnComment\":\"病id\",\"isQuery\":\"1\",\"updateTime\":1650971068000,\"sort\":1,\"list\":true,\"params\":{},\"javaType\":\"Long\",\"queryType\":\"EQ\",\"columnType\":\"bigint\",\"createBy\":\"admin\",\"isPk\":\"1\",\"createTime\":1650715671000,\"tableId\":16,\"pk\":true,\"columnName\":\"illness_id\"},{\"capJavaField\":\"IllnessName\",\"usableColumn\":false,\"columnId\":151,\"isIncrement\":\"0\",\"increment\":false,\"insert\":true,\"isList\":\"1\",\"dictType\":\"\",\"required\":true,\"superColumn\":false,\"updateBy\":\"\",\"isInsert\":\"1\",\"isRequired\":\"1\",\"javaField\":\"illnessName\",\"htmlType\":\"input\",\"edit\":true,\"query\":true,\"columnComment\":\"病名\",\"isQuery\":\"1\",\"updateTime\":1650971068000,\"sort\":2,\"list\":true,\"params\":{},\"javaType\":\"String\",\"queryType\":\"LIKE\",\"columnType\":\"varchar(30)\",\"createBy\":\"admin\",\"isPk\":\"0\",\"createTime\":1650715671000,\"isEdit\":\"1\",\"tableId\":16,\"pk\":false,\"columnName\":\"illness_name\"},{\"capJavaField\":\"CatrgoryId\",\"usableColumn\":false,\"columnId\":152,\"isIncrement\":\"0\",\"increment\":false,\"insert\":true,\"isList\":\"1\",\"dictType\":\"\",\"required\":true,\"superColumn\":false,\"updateBy\":\"\",\"isInsert\":\"1\",\"isRequired\":\"1\",\"javaField\":\"catrgoryId\",\"htmlType\":\"input\",\"edit\":true,\"query\":true,\"columnComment\":\"所属类id\",\"isQuery\":\"1\",\"updateTime\":1650971068000,\"sort\":3,\"list\":true,\"params\":{},\"javaType\":\"Long\",\"queryType\":\"EQ\",\"columnType\":\"bigint\",\"createBy\":\"admin\",\"isPk\":\"0\",\"createTime\":1650715671000,\"isEdit\":\"1\",\"tableId\":16,\"pk\":false,\"columnName\":\"catrgory_id\"},{\"capJavaField\":\"Symptom\",\"usableColumn\":false,\"columnId\":153,\"isIncrement\":\"0\",\"increment\":false,\"insert\":true,\"isList\":\"1\",\"dictType\":\"\",\"required\":true,\"superColumn\":false,\"updateBy\":\"\",\"isInsert\":\"1\",\"isRequired\":\"1\",\"javaField\":\"symptom\",\"htmlType\":\"input\",\"edit\"','{\"msg\":\"操作成功\",\"code\":200}',0,NULL,'2022-04-26 21:51:09'),
(239,'代码生成',2,'zstu.epidemic.generator.controller.GenController.editSave()','PUT',1,'admin',NULL,'/tool/gen','127.0.0.1','内网IP','{\"sub\":false,\"functionAuthor\":\"iwan\",\"columns\":[{\"capJavaField\":\"TransId\",\"usableColumn\":false,\"columnId\":165,\"isIncrement\":\"1\",\"increment\":true,\"insert\":true,\"isList\":\"1\",\"required\":false,\"superColumn\":false,\"isInsert\":\"1\",\"javaField\":\"transId\",\"htmlType\":\"input\",\"edit\":false,\"query\":true,\"columnComment\":\"\",\"isQuery\":\"1\",\"updateTime\":1650973249000,\"sort\":1,\"list\":true,\"params\":{},\"javaType\":\"Long\",\"queryType\":\"EQ\",\"columnType\":\"bigint\",\"createBy\":\"admin\",\"isPk\":\"1\",\"createTime\":1650715671000,\"tableId\":18,\"pk\":true,\"columnName\":\"trans_id\"},{\"capJavaField\":\"IllnessId\",\"usableColumn\":false,\"columnId\":166,\"isIncrement\":\"0\",\"increment\":false,\"insert\":true,\"isList\":\"1\",\"required\":false,\"superColumn\":false,\"isInsert\":\"1\",\"javaField\":\"illnessId\",\"htmlType\":\"input\",\"edit\":false,\"query\":true,\"columnComment\":\"\",\"isQuery\":\"1\",\"updateTime\":1650973249000,\"sort\":2,\"list\":true,\"params\":{},\"javaType\":\"Long\",\"queryType\":\"EQ\",\"columnType\":\"bigint\",\"createBy\":\"admin\",\"isPk\":\"1\",\"createTime\":1650715671000,\"tableId\":18,\"pk\":true,\"columnName\":\"illness_id\"}],\"businessName\":\"illness_trans\",\"moduleName\":\"illness\",\"className\":\"EpidemicIllnessTrans\",\"tableName\":\"epidemic_illness_trans\",\"crud\":true,\"options\":\"{\\\"parentMenuId\\\":\\\"2001\\\"}\",\"genType\":\"0\",\"packageName\":\"zstu.epidemic.illness\",\"functionName\":\"疾病传播方式\",\"tree\":false,\"tableComment\":\"疾病传播方式\",\"params\":{\"parentMenuId\":\"2001\"},\"tplCategory\":\"crud\",\"parentMenuId\":\"2001\",\"tableId\":18,\"genPath\":\"/\"}','{\"msg\":\"操作成功\",\"code\":200}',0,NULL,'2022-04-26 21:51:21'),
(240,'代码生成',2,'zstu.epidemic.generator.controller.GenController.editSave()','PUT',1,'admin',NULL,'/tool/gen','127.0.0.1','内网IP','{\"sub\":false,\"functionAuthor\":\"iwan\",\"columns\":[{\"capJavaField\":\"PassageId\",\"usableColumn\":false,\"columnId\":167,\"isIncrement\":\"1\",\"increment\":true,\"insert\":true,\"isList\":\"1\",\"dictType\":\"\",\"required\":false,\"superColumn\":false,\"updateBy\":\"\",\"isInsert\":\"1\",\"javaField\":\"passageId\",\"htmlType\":\"input\",\"edit\":false,\"query\":true,\"columnComment\":\"文章id\",\"isQuery\":\"1\",\"updateTime\":1650973423000,\"sort\":1,\"list\":true,\"params\":{},\"javaType\":\"Long\",\"queryType\":\"EQ\",\"columnType\":\"bigint\",\"createBy\":\"admin\",\"isPk\":\"1\",\"createTime\":1650715671000,\"tableId\":19,\"pk\":true,\"columnName\":\"passage_id\"},{\"capJavaField\":\"Title\",\"usableColumn\":false,\"columnId\":168,\"isIncrement\":\"0\",\"increment\":false,\"insert\":true,\"isList\":\"1\",\"dictType\":\"\",\"required\":true,\"superColumn\":false,\"updateBy\":\"\",\"isInsert\":\"1\",\"isRequired\":\"1\",\"javaField\":\"title\",\"htmlType\":\"input\",\"edit\":true,\"query\":true,\"columnComment\":\"文章标题\",\"isQuery\":\"1\",\"updateTime\":1650973423000,\"sort\":2,\"list\":true,\"params\":{},\"javaType\":\"String\",\"queryType\":\"EQ\",\"columnType\":\"varchar(50)\",\"createBy\":\"admin\",\"isPk\":\"0\",\"createTime\":1650715671000,\"isEdit\":\"1\",\"tableId\":19,\"pk\":false,\"columnName\":\"title\"},{\"capJavaField\":\"Author\",\"usableColumn\":false,\"columnId\":169,\"isIncrement\":\"0\",\"increment\":false,\"insert\":true,\"isList\":\"1\",\"dictType\":\"\",\"required\":true,\"superColumn\":false,\"updateBy\":\"\",\"isInsert\":\"1\",\"isRequired\":\"1\",\"javaField\":\"author\",\"htmlType\":\"input\",\"edit\":true,\"query\":true,\"columnComment\":\"文章作者\",\"isQuery\":\"1\",\"updateTime\":1650973423000,\"sort\":3,\"list\":true,\"params\":{},\"javaType\":\"String\",\"queryType\":\"EQ\",\"columnType\":\"varchar(50)\",\"createBy\":\"admin\",\"isPk\":\"0\",\"createTime\":1650715671000,\"isEdit\":\"1\",\"tableId\":19,\"pk\":false,\"columnName\":\"author\"},{\"capJavaField\":\"ContentId\",\"usableColumn\":false,\"columnId\":170,\"isIncrement\":\"0\",\"increment\":false,\"insert\":true,\"isList\":\"1\",\"dictType\":\"\",\"required\":true,\"superColumn\":false,\"updateBy\":\"\",\"isInsert\":\"1\",\"isRequired\":\"1\",\"javaField\":\"contentId\",\"htmlType\":\"input\",\"edit\":true,\"query\":true,\"c','{\"msg\":\"操作成功\",\"code\":200}',0,NULL,'2022-04-26 21:51:37'),
(241,'代码生成',2,'zstu.epidemic.generator.controller.GenController.editSave()','PUT',1,'admin',NULL,'/tool/gen','127.0.0.1','内网IP','{\"sub\":false,\"functionAuthor\":\"iwan\",\"columns\":[{\"capJavaField\":\"ContentId\",\"usableColumn\":false,\"columnId\":178,\"isIncrement\":\"1\",\"increment\":true,\"insert\":true,\"isList\":\"1\",\"dictType\":\"\",\"required\":false,\"superColumn\":false,\"updateBy\":\"\",\"isInsert\":\"1\",\"javaField\":\"contentId\",\"htmlType\":\"input\",\"edit\":false,\"query\":true,\"columnComment\":\"文章内容id\",\"isQuery\":\"1\",\"updateTime\":1650973429000,\"sort\":1,\"list\":true,\"params\":{},\"javaType\":\"Long\",\"queryType\":\"EQ\",\"columnType\":\"bigint\",\"createBy\":\"admin\",\"isPk\":\"1\",\"createTime\":1650715671000,\"tableId\":20,\"pk\":true,\"columnName\":\"content_id\"},{\"capJavaField\":\"Content\",\"usableColumn\":false,\"columnId\":179,\"isIncrement\":\"0\",\"increment\":false,\"insert\":true,\"isList\":\"1\",\"dictType\":\"\",\"required\":true,\"superColumn\":false,\"updateBy\":\"\",\"isInsert\":\"1\",\"isRequired\":\"1\",\"javaField\":\"content\",\"htmlType\":\"editor\",\"edit\":true,\"query\":true,\"columnComment\":\"文章内容\",\"isQuery\":\"1\",\"updateTime\":1650973429000,\"sort\":2,\"list\":true,\"params\":{},\"javaType\":\"String\",\"queryType\":\"EQ\",\"columnType\":\"text\",\"createBy\":\"admin\",\"isPk\":\"0\",\"createTime\":1650715671000,\"isEdit\":\"1\",\"tableId\":20,\"pk\":false,\"columnName\":\"content\"},{\"capJavaField\":\"IsDelete\",\"usableColumn\":false,\"columnId\":180,\"isIncrement\":\"0\",\"increment\":false,\"insert\":true,\"isList\":\"1\",\"dictType\":\"\",\"required\":false,\"superColumn\":false,\"updateBy\":\"\",\"isInsert\":\"1\",\"javaField\":\"isDelete\",\"htmlType\":\"input\",\"edit\":true,\"query\":true,\"columnComment\":\"删除标志（0代表存在 1代表删除）\",\"isQuery\":\"1\",\"updateTime\":1650973429000,\"sort\":3,\"list\":true,\"params\":{},\"javaType\":\"Long\",\"queryType\":\"EQ\",\"columnType\":\"tinyint\",\"createBy\":\"admin\",\"isPk\":\"0\",\"createTime\":1650715671000,\"isEdit\":\"1\",\"tableId\":20,\"pk\":false,\"columnName\":\"is_delete\"},{\"capJavaField\":\"CreateTime\",\"usableColumn\":false,\"columnId\":181,\"isIncrement\":\"0\",\"increment\":false,\"insert\":true,\"dictType\":\"\",\"required\":false,\"superColumn\":true,\"updateBy\":\"\",\"isInsert\":\"1\",\"javaField\":\"createTime\",\"htmlType\":\"datetime\",\"edit\":false,\"query\":false,\"columnComment\":\"创建日期\",\"u','{\"msg\":\"操作成功\",\"code\":200}',0,NULL,'2022-04-26 21:51:47'),
(242,'代码生成',2,'zstu.epidemic.generator.controller.GenController.editSave()','PUT',1,'admin',NULL,'/tool/gen','127.0.0.1','内网IP','{\"sub\":false,\"functionAuthor\":\"iwan\",\"columns\":[{\"capJavaField\":\"ComplicationId\",\"usableColumn\":false,\"columnId\":188,\"isIncrement\":\"0\",\"increment\":false,\"insert\":true,\"isList\":\"1\",\"dictType\":\"\",\"required\":false,\"superColumn\":false,\"updateBy\":\"\",\"isInsert\":\"1\",\"javaField\":\"complicationId\",\"htmlType\":\"input\",\"edit\":false,\"query\":true,\"columnComment\":\"并发症id\",\"isQuery\":\"1\",\"updateTime\":1650979698000,\"sort\":1,\"list\":true,\"params\":{},\"javaType\":\"Long\",\"queryType\":\"EQ\",\"columnType\":\"bigint\",\"createBy\":\"admin\",\"isPk\":\"1\",\"createTime\":1650715677000,\"tableId\":22,\"pk\":true,\"columnName\":\"complication_id\"},{\"capJavaField\":\"InfectiousId\",\"usableColumn\":false,\"columnId\":189,\"isIncrement\":\"0\",\"increment\":false,\"insert\":true,\"isList\":\"1\",\"dictType\":\"\",\"required\":false,\"superColumn\":false,\"updateBy\":\"\",\"isInsert\":\"1\",\"javaField\":\"infectiousId\",\"htmlType\":\"input\",\"edit\":false,\"query\":true,\"columnComment\":\"传染病id（引发）\",\"isQuery\":\"1\",\"updateTime\":1650979698000,\"sort\":2,\"list\":true,\"params\":{},\"javaType\":\"Long\",\"queryType\":\"EQ\",\"columnType\":\"bigint\",\"createBy\":\"admin\",\"isPk\":\"1\",\"createTime\":1650715677000,\"tableId\":22,\"pk\":true,\"columnName\":\"infectious_id\"}],\"businessName\":\"omplication\",\"moduleName\":\"illness\",\"className\":\"EpidemicOmplication\",\"tableName\":\"epidemic_omplication\",\"crud\":true,\"options\":\"{\\\"parentMenuId\\\":\\\"2001\\\"}\",\"genType\":\"0\",\"packageName\":\"zstu.epidemic.illness\",\"functionName\":\"并发症\",\"tree\":false,\"tableComment\":\"并发症管理\",\"params\":{\"parentMenuId\":\"2001\"},\"tplCategory\":\"crud\",\"parentMenuId\":\"2001\",\"tableId\":22,\"genPath\":\"/\"}','{\"msg\":\"操作成功\",\"code\":200}',0,NULL,'2022-04-26 21:52:16'),
(243,'代码生成',2,'zstu.epidemic.generator.controller.GenController.editSave()','PUT',1,'admin',NULL,'/tool/gen','127.0.0.1','内网IP','{\"sub\":false,\"functionAuthor\":\"iwan\",\"columns\":[{\"capJavaField\":\"PassageId\",\"usableColumn\":false,\"columnId\":190,\"isIncrement\":\"1\",\"increment\":true,\"insert\":true,\"isList\":\"1\",\"dictType\":\"\",\"required\":false,\"superColumn\":false,\"updateBy\":\"\",\"isInsert\":\"1\",\"javaField\":\"passageId\",\"htmlType\":\"input\",\"edit\":false,\"query\":true,\"isQuery\":\"1\",\"updateTime\":1650977888000,\"sort\":1,\"list\":true,\"params\":{},\"javaType\":\"Long\",\"queryType\":\"EQ\",\"columnType\":\"bigint\",\"createBy\":\"admin\",\"isPk\":\"1\",\"createTime\":1650715677000,\"tableId\":23,\"pk\":true,\"columnName\":\"passage_id\"},{\"capJavaField\":\"IllnessId\",\"usableColumn\":false,\"columnId\":191,\"isIncrement\":\"0\",\"increment\":false,\"insert\":true,\"isList\":\"1\",\"dictType\":\"\",\"required\":false,\"superColumn\":false,\"updateBy\":\"\",\"isInsert\":\"1\",\"javaField\":\"illnessId\",\"htmlType\":\"input\",\"edit\":false,\"query\":true,\"isQuery\":\"1\",\"updateTime\":1650977888000,\"sort\":2,\"list\":true,\"params\":{},\"javaType\":\"Long\",\"queryType\":\"EQ\",\"columnType\":\"bigint\",\"createBy\":\"admin\",\"isPk\":\"1\",\"createTime\":1650715677000,\"tableId\":23,\"pk\":true,\"columnName\":\"illness_id\"}],\"businessName\":\"illness_passage\",\"moduleName\":\"illness\",\"className\":\"EpidemicPassageIllness\",\"tableName\":\"epidemic_passage_illness\",\"crud\":true,\"options\":\"{\\\"parentMenuId\\\":\\\"2001\\\"}\",\"genType\":\"0\",\"packageName\":\"zstu.epidemic.illness\",\"functionName\":\"文章疾病\",\"tree\":false,\"tableComment\":\"文章疾病\",\"params\":{\"parentMenuId\":\"2001\"},\"tplCategory\":\"crud\",\"parentMenuId\":\"2001\",\"tableId\":23,\"genPath\":\"/\"}','{\"msg\":\"操作成功\",\"code\":200}',0,NULL,'2022-04-26 21:52:42'),
(244,'代码生成',2,'zstu.epidemic.generator.controller.GenController.editSave()','PUT',1,'admin',NULL,'/tool/gen','127.0.0.1','内网IP','{\"sub\":false,\"functionAuthor\":\"iwan\",\"columns\":[{\"capJavaField\":\"CompanyId\",\"usableColumn\":false,\"columnId\":209,\"isIncrement\":\"0\",\"increment\":false,\"insert\":true,\"isList\":\"1\",\"dictType\":\"\",\"required\":false,\"superColumn\":false,\"updateBy\":\"\",\"isInsert\":\"1\",\"javaField\":\"companyId\",\"htmlType\":\"input\",\"edit\":false,\"query\":true,\"isQuery\":\"1\",\"updateTime\":1650978043000,\"sort\":1,\"list\":true,\"params\":{},\"javaType\":\"Long\",\"queryType\":\"EQ\",\"columnType\":\"bigint\",\"createBy\":\"admin\",\"isPk\":\"1\",\"createTime\":1650972049000,\"tableId\":25,\"pk\":true,\"columnName\":\"company_id\"},{\"capJavaField\":\"DrugId\",\"usableColumn\":false,\"columnId\":210,\"isIncrement\":\"0\",\"increment\":false,\"insert\":true,\"isList\":\"1\",\"dictType\":\"\",\"required\":false,\"superColumn\":false,\"updateBy\":\"\",\"isInsert\":\"1\",\"javaField\":\"drugId\",\"htmlType\":\"input\",\"edit\":false,\"query\":true,\"isQuery\":\"1\",\"updateTime\":1650978043000,\"sort\":2,\"list\":true,\"params\":{},\"javaType\":\"Long\",\"queryType\":\"EQ\",\"columnType\":\"bigint\",\"createBy\":\"admin\",\"isPk\":\"1\",\"createTime\":1650972049000,\"tableId\":25,\"pk\":true,\"columnName\":\"drug_id\"}],\"businessName\":\"drug_company\",\"moduleName\":\"illness\",\"className\":\"EpidemicDrugCompany\",\"tableName\":\"epidemic_drug_company\",\"crud\":true,\"options\":\"{\\\"parentMenuId\\\":\\\"2001\\\"}\",\"genType\":\"0\",\"packageName\":\"zstu.epidemic.illness\",\"functionName\":\"公司管理\",\"tree\":false,\"tableComment\":\"公司管理\",\"params\":{\"parentMenuId\":\"2001\"},\"tplCategory\":\"crud\",\"parentMenuId\":\"2001\",\"tableId\":25,\"genPath\":\"/\"}','{\"msg\":\"操作成功\",\"code\":200}',0,NULL,'2022-04-26 21:52:58'),
(245,'代码生成',2,'zstu.epidemic.generator.controller.GenController.editSave()','PUT',1,'admin',NULL,'/tool/gen','127.0.0.1','内网IP','{\"sub\":false,\"functionAuthor\":\"iwan\",\"columns\":[{\"capJavaField\":\"PatientId\",\"usableColumn\":false,\"columnId\":192,\"isIncrement\":\"1\",\"increment\":true,\"insert\":true,\"isList\":\"1\",\"dictType\":\"\",\"required\":false,\"superColumn\":false,\"updateBy\":\"\",\"isInsert\":\"1\",\"javaField\":\"patientId\",\"htmlType\":\"input\",\"edit\":false,\"query\":true,\"columnComment\":\"病人id\",\"isQuery\":\"1\",\"updateTime\":1650977898000,\"sort\":1,\"list\":true,\"params\":{},\"javaType\":\"Long\",\"queryType\":\"EQ\",\"columnType\":\"bigint\",\"createBy\":\"admin\",\"isPk\":\"1\",\"createTime\":1650715677000,\"tableId\":24,\"pk\":true,\"columnName\":\"patient_id\"},{\"capJavaField\":\"PatientName\",\"usableColumn\":false,\"columnId\":193,\"isIncrement\":\"0\",\"increment\":false,\"insert\":true,\"isList\":\"1\",\"dictType\":\"\",\"required\":true,\"superColumn\":false,\"updateBy\":\"\",\"isInsert\":\"1\",\"isRequired\":\"1\",\"javaField\":\"patientName\",\"htmlType\":\"input\",\"edit\":true,\"query\":true,\"columnComment\":\"名称\",\"isQuery\":\"1\",\"updateTime\":1650977898000,\"sort\":2,\"list\":true,\"params\":{},\"javaType\":\"String\",\"queryType\":\"LIKE\",\"columnType\":\"varchar(30)\",\"createBy\":\"admin\",\"isPk\":\"0\",\"createTime\":1650715677000,\"isEdit\":\"1\",\"tableId\":24,\"pk\":false,\"columnName\":\"patient_name\"},{\"capJavaField\":\"PatientSex\",\"usableColumn\":false,\"columnId\":194,\"isIncrement\":\"0\",\"increment\":false,\"insert\":true,\"isList\":\"1\",\"dictType\":\"\",\"required\":false,\"superColumn\":false,\"updateBy\":\"\",\"isInsert\":\"1\",\"javaField\":\"patientSex\",\"htmlType\":\"select\",\"edit\":true,\"query\":true,\"columnComment\":\"病人性别\",\"isQuery\":\"1\",\"updateTime\":1650977898000,\"sort\":3,\"list\":true,\"params\":{},\"javaType\":\"String\",\"queryType\":\"EQ\",\"columnType\":\"char(1)\",\"createBy\":\"admin\",\"isPk\":\"0\",\"createTime\":1650715677000,\"isEdit\":\"1\",\"tableId\":24,\"pk\":false,\"columnName\":\"patient_sex\"},{\"capJavaField\":\"Avatar\",\"usableColumn\":false,\"columnId\":195,\"isIncrement\":\"0\",\"increment\":false,\"insert\":true,\"isList\":\"1\",\"dictType\":\"\",\"required\":true,\"superColumn\":false,\"updateBy\":\"\",\"isInsert\":\"1\",\"isRequired\":\"1\",\"javaField\":\"avatar\",\"htmlType\":\"input\",\"edit\":true,\"query\":','{\"msg\":\"操作成功\",\"code\":200}',0,NULL,'2022-04-26 21:53:14'),
(246,'代码生成',2,'zstu.epidemic.generator.controller.GenController.editSave()','PUT',1,'admin',NULL,'/tool/gen','127.0.0.1','内网IP','{\"sub\":false,\"functionAuthor\":\"iwan\",\"columns\":[{\"capJavaField\":\"DrugId\",\"usableColumn\":false,\"columnId\":217,\"isIncrement\":\"1\",\"increment\":true,\"insert\":true,\"isList\":\"1\",\"dictType\":\"\",\"required\":false,\"superColumn\":false,\"updateBy\":\"\",\"isInsert\":\"1\",\"javaField\":\"drugId\",\"htmlType\":\"input\",\"edit\":false,\"query\":true,\"isQuery\":\"1\",\"updateTime\":1650977944000,\"sort\":1,\"list\":true,\"params\":{},\"javaType\":\"Long\",\"queryType\":\"EQ\",\"columnType\":\"bigint\",\"createBy\":\"admin\",\"isPk\":\"1\",\"createTime\":1650972455000,\"tableId\":29,\"pk\":true,\"columnName\":\"drug_id\"},{\"capJavaField\":\"IllnessId\",\"usableColumn\":false,\"columnId\":218,\"isIncrement\":\"0\",\"increment\":false,\"insert\":true,\"isList\":\"1\",\"dictType\":\"\",\"required\":false,\"superColumn\":false,\"updateBy\":\"\",\"isInsert\":\"1\",\"javaField\":\"illnessId\",\"htmlType\":\"input\",\"edit\":false,\"query\":true,\"isQuery\":\"1\",\"updateTime\":1650977944000,\"sort\":2,\"list\":true,\"params\":{},\"javaType\":\"Long\",\"queryType\":\"EQ\",\"columnType\":\"bigint\",\"createBy\":\"admin\",\"isPk\":\"1\",\"createTime\":1650972455000,\"tableId\":29,\"pk\":true,\"columnName\":\"illness_id\"}],\"businessName\":\"drug_illness\",\"moduleName\":\"illness\",\"className\":\"EpidemicDrugIllness\",\"tableName\":\"epidemic_drug_illness\",\"crud\":true,\"options\":\"{\\\"parentMenuId\\\":\\\"2001\\\"}\",\"genType\":\"0\",\"packageName\":\"zstu.epidemic.illness\",\"functionName\":\"疾病药品\",\"tree\":false,\"tableComment\":\"疾病药品\",\"params\":{\"parentMenuId\":\"2001\"},\"tplCategory\":\"crud\",\"parentMenuId\":\"2001\",\"tableId\":29,\"genPath\":\"/\"}','{\"msg\":\"操作成功\",\"code\":200}',0,NULL,'2022-04-26 21:53:23'),
(247,'代码生成',2,'zstu.epidemic.generator.controller.GenController.editSave()','PUT',1,'admin',NULL,'/tool/gen','127.0.0.1','内网IP','{\"sub\":false,\"functionAuthor\":\"iwan\",\"columns\":[{\"capJavaField\":\"PatientId\",\"usableColumn\":false,\"columnId\":215,\"isIncrement\":\"0\",\"increment\":false,\"insert\":true,\"isList\":\"1\",\"dictType\":\"\",\"required\":false,\"superColumn\":false,\"updateBy\":\"\",\"isInsert\":\"1\",\"javaField\":\"patientId\",\"htmlType\":\"input\",\"edit\":false,\"query\":true,\"columnComment\":\"病人id\",\"isQuery\":\"1\",\"updateTime\":1650979665000,\"sort\":1,\"list\":true,\"params\":{},\"javaType\":\"Long\",\"queryType\":\"EQ\",\"columnType\":\"bigint\",\"createBy\":\"admin\",\"isPk\":\"1\",\"createTime\":1650972271000,\"tableId\":28,\"pk\":true,\"columnName\":\"patient_id\"},{\"capJavaField\":\"IllnessId\",\"usableColumn\":false,\"columnId\":216,\"isIncrement\":\"0\",\"increment\":false,\"insert\":true,\"isList\":\"1\",\"dictType\":\"\",\"required\":false,\"superColumn\":false,\"updateBy\":\"\",\"isInsert\":\"1\",\"javaField\":\"illnessId\",\"htmlType\":\"input\",\"edit\":false,\"query\":true,\"columnComment\":\"病id（病史未登记）\",\"isQuery\":\"1\",\"updateTime\":1650979665000,\"sort\":2,\"list\":true,\"params\":{},\"javaType\":\"Long\",\"queryType\":\"EQ\",\"columnType\":\"bigint\",\"createBy\":\"admin\",\"isPk\":\"1\",\"createTime\":1650972271000,\"tableId\":28,\"pk\":true,\"columnName\":\"illness_id\"}],\"businessName\":\"history\",\"moduleName\":\"cases\",\"className\":\"EpidemicPatientHistory\",\"tableName\":\"epidemic_patient_history\",\"crud\":true,\"options\":\"{\\\"parentMenuId\\\":\\\"2000\\\"}\",\"genType\":\"0\",\"packageName\":\"zstu.epidemic.illness\",\"functionName\":\"病史管理\",\"tree\":false,\"tableComment\":\"病史管理\",\"params\":{\"parentMenuId\":\"2000\"},\"tplCategory\":\"crud\",\"parentMenuId\":\"2000\",\"tableId\":28,\"genPath\":\"/\"}','{\"msg\":\"操作成功\",\"code\":200}',0,NULL,'2022-04-26 21:53:31'),
(248,'代码生成',2,'zstu.epidemic.generator.controller.GenController.editSave()','PUT',1,'admin',NULL,'/tool/gen','127.0.0.1','内网IP','{\"sub\":false,\"functionAuthor\":\"iwan\",\"columns\":[{\"capJavaField\":\"FactoryId\",\"usableColumn\":false,\"columnId\":211,\"isIncrement\":\"0\",\"increment\":false,\"insert\":true,\"isList\":\"1\",\"dictType\":\"\",\"required\":false,\"superColumn\":false,\"updateBy\":\"\",\"isInsert\":\"1\",\"javaField\":\"factoryId\",\"htmlType\":\"input\",\"edit\":false,\"query\":true,\"isQuery\":\"1\",\"updateTime\":1650977917000,\"sort\":1,\"list\":true,\"params\":{},\"javaType\":\"Long\",\"queryType\":\"EQ\",\"columnType\":\"bigint\",\"createBy\":\"admin\",\"isPk\":\"1\",\"createTime\":1650972049000,\"tableId\":26,\"pk\":true,\"columnName\":\"factory_id\"},{\"capJavaField\":\"DrugId\",\"usableColumn\":false,\"columnId\":212,\"isIncrement\":\"0\",\"increment\":false,\"insert\":true,\"isList\":\"1\",\"dictType\":\"\",\"required\":false,\"superColumn\":false,\"updateBy\":\"\",\"isInsert\":\"1\",\"javaField\":\"drugId\",\"htmlType\":\"input\",\"edit\":false,\"query\":true,\"isQuery\":\"1\",\"updateTime\":1650977917000,\"sort\":2,\"list\":true,\"params\":{},\"javaType\":\"Long\",\"queryType\":\"EQ\",\"columnType\":\"bigint\",\"createBy\":\"admin\",\"isPk\":\"1\",\"createTime\":1650972049000,\"tableId\":26,\"pk\":true,\"columnName\":\"drug_id\"}],\"businessName\":\"drug_factory\",\"moduleName\":\"illness\",\"className\":\"EpidemicDrugFactory\",\"tableName\":\"epidemic_drug_factory\",\"crud\":true,\"options\":\"{\\\"parentMenuId\\\":\\\"2001\\\"}\",\"genType\":\"0\",\"packageName\":\"zstu.epidemic.illness\",\"functionName\":\"工厂管理\",\"tree\":false,\"tableComment\":\"疾病工厂管理\",\"params\":{\"parentMenuId\":\"2001\"},\"tplCategory\":\"crud\",\"parentMenuId\":\"2001\",\"tableId\":26,\"genPath\":\"/\"}','{\"msg\":\"操作成功\",\"code\":200}',0,NULL,'2022-04-26 21:53:39'),
(249,'代码生成',8,'zstu.epidemic.generator.controller.GenController.batchGenCode()','GET',1,'admin',NULL,'/tool/gen/batchGenCode','127.0.0.1','内网IP','{}',NULL,0,NULL,'2022-04-26 21:53:50'),
(250,'代码生成',2,'zstu.epidemic.generator.controller.GenController.editSave()','PUT',1,'admin',NULL,'/tool/gen','127.0.0.1','内网IP','{\"sub\":false,\"functionAuthor\":\"iwan\",\"columns\":[{\"capJavaField\":\"PassageId\",\"usableColumn\":false,\"columnId\":190,\"isIncrement\":\"1\",\"increment\":true,\"insert\":true,\"isList\":\"1\",\"dictType\":\"\",\"required\":false,\"superColumn\":false,\"updateBy\":\"\",\"isInsert\":\"1\",\"javaField\":\"passageId\",\"htmlType\":\"input\",\"edit\":false,\"query\":true,\"columnComment\":\"文章id\",\"isQuery\":\"1\",\"updateTime\":1650981162000,\"sort\":1,\"list\":true,\"params\":{},\"javaType\":\"Long\",\"queryType\":\"EQ\",\"columnType\":\"bigint\",\"createBy\":\"admin\",\"isPk\":\"1\",\"createTime\":1650715677000,\"tableId\":23,\"pk\":true,\"columnName\":\"passage_id\"},{\"capJavaField\":\"IllnessId\",\"usableColumn\":false,\"columnId\":191,\"isIncrement\":\"0\",\"increment\":false,\"insert\":true,\"isList\":\"1\",\"dictType\":\"\",\"required\":false,\"superColumn\":false,\"updateBy\":\"\",\"isInsert\":\"1\",\"javaField\":\"illnessId\",\"htmlType\":\"input\",\"edit\":false,\"query\":true,\"columnComment\":\"疾病id\",\"isQuery\":\"1\",\"updateTime\":1650981162000,\"sort\":2,\"list\":true,\"params\":{},\"javaType\":\"Long\",\"queryType\":\"EQ\",\"columnType\":\"bigint\",\"createBy\":\"admin\",\"isPk\":\"1\",\"createTime\":1650715677000,\"tableId\":23,\"pk\":true,\"columnName\":\"illness_id\"}],\"businessName\":\"illness_passage\",\"moduleName\":\"illness\",\"className\":\"EpidemicPassageIllness\",\"tableName\":\"epidemic_passage_illness\",\"crud\":true,\"options\":\"{\\\"parentMenuId\\\":\\\"2001\\\"}\",\"genType\":\"0\",\"packageName\":\"zstu.epidemic.illness\",\"functionName\":\"文章疾病\",\"tree\":false,\"tableComment\":\"文章疾病\",\"params\":{\"parentMenuId\":\"2001\"},\"tplCategory\":\"crud\",\"parentMenuId\":\"2001\",\"tableId\":23,\"genPath\":\"/\"}','{\"msg\":\"操作成功\",\"code\":200}',0,NULL,'2022-04-26 21:58:23'),
(251,'代码生成',2,'zstu.epidemic.generator.controller.GenController.editSave()','PUT',1,'admin',NULL,'/tool/gen','127.0.0.1','内网IP','{\"sub\":false,\"functionAuthor\":\"iwan\",\"columns\":[{\"capJavaField\":\"CompanyId\",\"usableColumn\":false,\"columnId\":209,\"isIncrement\":\"0\",\"increment\":false,\"insert\":true,\"isList\":\"1\",\"dictType\":\"\",\"required\":false,\"superColumn\":false,\"updateBy\":\"\",\"isInsert\":\"1\",\"javaField\":\"companyId\",\"htmlType\":\"input\",\"edit\":false,\"query\":true,\"columnComment\":\"公司id\",\"isQuery\":\"1\",\"updateTime\":1650981178000,\"sort\":1,\"list\":true,\"params\":{},\"javaType\":\"Long\",\"queryType\":\"EQ\",\"columnType\":\"bigint\",\"createBy\":\"admin\",\"isPk\":\"1\",\"createTime\":1650972049000,\"tableId\":25,\"pk\":true,\"columnName\":\"company_id\"},{\"capJavaField\":\"DrugId\",\"usableColumn\":false,\"columnId\":210,\"isIncrement\":\"0\",\"increment\":false,\"insert\":true,\"isList\":\"1\",\"dictType\":\"\",\"required\":false,\"superColumn\":false,\"updateBy\":\"\",\"isInsert\":\"1\",\"javaField\":\"drugId\",\"htmlType\":\"input\",\"edit\":false,\"query\":true,\"columnComment\":\"药品id\",\"isQuery\":\"1\",\"updateTime\":1650981178000,\"sort\":2,\"list\":true,\"params\":{},\"javaType\":\"Long\",\"queryType\":\"EQ\",\"columnType\":\"bigint\",\"createBy\":\"admin\",\"isPk\":\"1\",\"createTime\":1650972049000,\"tableId\":25,\"pk\":true,\"columnName\":\"drug_id\"}],\"businessName\":\"drug_company\",\"moduleName\":\"illness\",\"className\":\"EpidemicDrugCompany\",\"tableName\":\"epidemic_drug_company\",\"crud\":true,\"options\":\"{\\\"parentMenuId\\\":\\\"2001\\\"}\",\"genType\":\"0\",\"packageName\":\"zstu.epidemic.illness\",\"functionName\":\"公司药品管理\",\"tree\":false,\"tableComment\":\"公司管理\",\"params\":{\"parentMenuId\":\"2001\"},\"tplCategory\":\"crud\",\"parentMenuId\":\"2001\",\"tableId\":25,\"genPath\":\"/\"}','{\"msg\":\"操作成功\",\"code\":200}',0,NULL,'2022-04-26 21:59:13'),
(252,'代码生成',3,'zstu.epidemic.generator.controller.GenController.remove()','DELETE',1,'admin',NULL,'/tool/gen/22','127.0.0.1','内网IP','{tableIds=22}','{\"msg\":\"操作成功\",\"code\":200}',0,NULL,'2022-04-26 22:00:25'),
(253,'代码生成',2,'zstu.epidemic.generator.controller.GenController.editSave()','PUT',1,'admin',NULL,'/tool/gen','127.0.0.1','内网IP','{\"sub\":false,\"subTableName\":\"\",\"functionAuthor\":\"iwan\",\"columns\":[{\"capJavaField\":\"ComplicationId\",\"usableColumn\":false,\"columnId\":53,\"isIncrement\":\"0\",\"increment\":false,\"insert\":true,\"isList\":\"1\",\"dictType\":\"\",\"required\":false,\"superColumn\":false,\"updateBy\":\"\",\"isInsert\":\"1\",\"javaField\":\"complicationId\",\"htmlType\":\"input\",\"edit\":false,\"query\":true,\"columnComment\":\"并发症id\",\"isQuery\":\"1\",\"updateTime\":1650980815000,\"sort\":1,\"list\":true,\"params\":{},\"javaType\":\"Long\",\"queryType\":\"EQ\",\"columnType\":\"bigint\",\"createBy\":\"admin\",\"isPk\":\"1\",\"createTime\":1650715655000,\"tableId\":6,\"pk\":true,\"columnName\":\"complication_id\"},{\"capJavaField\":\"InfectiousId\",\"usableColumn\":false,\"columnId\":54,\"isIncrement\":\"0\",\"increment\":false,\"insert\":true,\"isList\":\"1\",\"dictType\":\"\",\"required\":true,\"superColumn\":false,\"updateBy\":\"\",\"isInsert\":\"1\",\"isRequired\":\"1\",\"javaField\":\"infectiousId\",\"htmlType\":\"input\",\"edit\":true,\"query\":true,\"columnComment\":\"传染病id（引发）\",\"isQuery\":\"1\",\"updateTime\":1650980815000,\"sort\":2,\"list\":true,\"params\":{},\"javaType\":\"Long\",\"queryType\":\"EQ\",\"columnType\":\"bigint\",\"createBy\":\"admin\",\"isPk\":\"0\",\"createTime\":1650715655000,\"isEdit\":\"1\",\"tableId\":6,\"pk\":false,\"columnName\":\"infectious_id\"}],\"businessName\":\"complication\",\"moduleName\":\"illness\",\"className\":\"EpidemicComplication\",\"tableName\":\"epidemic_complication\",\"crud\":true,\"options\":\"{\\\"parentMenuId\\\":\\\"2001\\\"}\",\"subTableFkName\":\"\",\"genType\":\"0\",\"packageName\":\"zstu.epidemic.illness\",\"functionName\":\"并发症管理\",\"tree\":false,\"tableComment\":\"并发症管理\",\"params\":{\"parentMenuId\":\"2001\"},\"tplCategory\":\"crud\",\"parentMenuId\":\"2001\",\"tableId\":6,\"genPath\":\"/\"}','{\"msg\":\"操作成功\",\"code\":200}',0,NULL,'2022-04-26 22:00:34'),
(254,'代码生成',2,'zstu.epidemic.generator.controller.GenController.editSave()','PUT',1,'admin',NULL,'/tool/gen','127.0.0.1','内网IP','{\"sub\":false,\"functionAuthor\":\"iwan\",\"columns\":[{\"capJavaField\":\"TransId\",\"usableColumn\":false,\"columnId\":165,\"isIncrement\":\"1\",\"increment\":true,\"insert\":true,\"isList\":\"1\",\"required\":false,\"superColumn\":false,\"isInsert\":\"1\",\"javaField\":\"transId\",\"htmlType\":\"input\",\"edit\":false,\"query\":true,\"columnComment\":\"传播方式id\",\"isQuery\":\"1\",\"updateTime\":1650981081000,\"sort\":1,\"list\":true,\"params\":{},\"javaType\":\"Long\",\"queryType\":\"EQ\",\"columnType\":\"bigint\",\"createBy\":\"admin\",\"isPk\":\"1\",\"createTime\":1650715671000,\"tableId\":18,\"pk\":true,\"columnName\":\"trans_id\"},{\"capJavaField\":\"IllnessId\",\"usableColumn\":false,\"columnId\":166,\"isIncrement\":\"0\",\"increment\":false,\"insert\":true,\"isList\":\"1\",\"required\":false,\"superColumn\":false,\"isInsert\":\"1\",\"javaField\":\"illnessId\",\"htmlType\":\"input\",\"edit\":false,\"query\":true,\"columnComment\":\"疾病id\",\"isQuery\":\"1\",\"updateTime\":1650981081000,\"sort\":2,\"list\":true,\"params\":{},\"javaType\":\"Long\",\"queryType\":\"EQ\",\"columnType\":\"bigint\",\"createBy\":\"admin\",\"isPk\":\"1\",\"createTime\":1650715671000,\"tableId\":18,\"pk\":true,\"columnName\":\"illness_id\"}],\"businessName\":\"illness_trans\",\"moduleName\":\"illness\",\"className\":\"EpidemicIllnessTrans\",\"tableName\":\"epidemic_illness_trans\",\"crud\":true,\"options\":\"{\\\"parentMenuId\\\":\\\"2001\\\"}\",\"genType\":\"0\",\"packageName\":\"zstu.epidemic.illness\",\"functionName\":\"疾病传播方式\",\"tree\":false,\"tableComment\":\"疾病传播方式\",\"params\":{\"parentMenuId\":\"2001\"},\"tplCategory\":\"crud\",\"parentMenuId\":\"2001\",\"tableId\":18,\"genPath\":\"/\"}','{\"msg\":\"操作成功\",\"code\":200}',0,NULL,'2022-04-26 22:01:28'),
(255,'代码生成',8,'zstu.epidemic.generator.controller.GenController.batchGenCode()','GET',1,'admin',NULL,'/tool/gen/batchGenCode','127.0.0.1','内网IP','{}',NULL,0,NULL,'2022-04-26 22:03:04'),
(256,'代码生成',8,'zstu.epidemic.generator.controller.GenController.batchGenCode()','GET',1,'admin',NULL,'/tool/gen/batchGenCode','127.0.0.1','内网IP','{}',NULL,0,NULL,'2022-04-26 22:03:05'),
(257,'代码生成',8,'zstu.epidemic.generator.controller.GenController.batchGenCode()','GET',1,'admin',NULL,'/tool/gen/batchGenCode','127.0.0.1','内网IP','{}',NULL,0,NULL,'2022-04-26 22:04:42'),
(258,'代码生成',8,'zstu.epidemic.generator.controller.GenController.batchGenCode()','GET',1,'admin',NULL,'/tool/gen/batchGenCode','127.0.0.1','内网IP','{}',NULL,0,NULL,'2022-04-26 22:05:09'),
(259,'代码生成',2,'zstu.epidemic.generator.controller.GenController.editSave()','PUT',1,'admin',NULL,'/tool/gen','127.0.0.1','内网IP','{\"sub\":false,\"functionAuthor\":\"iwan\",\"columns\":[{\"capJavaField\":\"CompanyId\",\"usableColumn\":false,\"columnId\":209,\"isIncrement\":\"0\",\"increment\":false,\"insert\":true,\"isList\":\"1\",\"dictType\":\"\",\"required\":false,\"superColumn\":false,\"updateBy\":\"\",\"isInsert\":\"1\",\"javaField\":\"companyId\",\"htmlType\":\"input\",\"edit\":false,\"query\":true,\"columnComment\":\"公司id\",\"isQuery\":\"1\",\"updateTime\":1650981553000,\"sort\":1,\"list\":true,\"params\":{},\"javaType\":\"Long\",\"queryType\":\"EQ\",\"columnType\":\"bigint\",\"createBy\":\"admin\",\"isPk\":\"1\",\"createTime\":1650972049000,\"tableId\":25,\"pk\":true,\"columnName\":\"company_id\"},{\"capJavaField\":\"DrugId\",\"usableColumn\":false,\"columnId\":210,\"isIncrement\":\"0\",\"increment\":false,\"insert\":true,\"isList\":\"1\",\"dictType\":\"\",\"required\":false,\"superColumn\":false,\"updateBy\":\"\",\"isInsert\":\"1\",\"javaField\":\"drugId\",\"htmlType\":\"input\",\"edit\":false,\"query\":true,\"columnComment\":\"药品id\",\"isQuery\":\"1\",\"updateTime\":1650981553000,\"sort\":2,\"list\":true,\"params\":{},\"javaType\":\"Long\",\"queryType\":\"EQ\",\"columnType\":\"bigint\",\"createBy\":\"admin\",\"isPk\":\"1\",\"createTime\":1650972049000,\"tableId\":25,\"pk\":true,\"columnName\":\"drug_id\"}],\"businessName\":\"drug_company\",\"moduleName\":\"illness\",\"className\":\"EpidemicDrugCompany\",\"tableName\":\"epidemic_drug_company\",\"crud\":true,\"options\":\"{\\\"parentMenuId\\\":\\\"2001\\\"}\",\"genType\":\"0\",\"packageName\":\"zstu.epidemic.illness\",\"functionName\":\"公司药品管理\",\"tree\":false,\"tableComment\":\"药品公司管理\",\"params\":{\"parentMenuId\":\"2001\"},\"tplCategory\":\"crud\",\"parentMenuId\":\"2001\",\"tableId\":25,\"genPath\":\"/\"}','{\"msg\":\"操作成功\",\"code\":200}',0,NULL,'2022-04-26 22:08:22'),
(260,'代码生成',8,'zstu.epidemic.generator.controller.GenController.batchGenCode()','GET',1,'admin',NULL,'/tool/gen/batchGenCode','127.0.0.1','内网IP','{}',NULL,0,NULL,'2022-04-26 22:09:52'),
(261,'菜单管理',2,'zstu.epidemic.web.controller.system.SysMenuController.edit()','PUT',1,'admin',NULL,'/system/menu','127.0.0.1','内网IP','{\"visible\":\"0\",\"query\":\"\",\"icon\":\"system\",\"orderNum\":4,\"menuName\":\"系统管理\",\"params\":{},\"parentId\":0,\"isCache\":\"0\",\"path\":\"system\",\"children\":[],\"createTime\":1648738742000,\"updateBy\":\"admin\",\"isFrame\":\"1\",\"menuId\":1,\"menuType\":\"M\",\"perms\":\"\",\"status\":\"0\"}','{\"msg\":\"操作成功\",\"code\":200}',0,NULL,'2022-04-26 22:14:58'),
(262,'代码生成',2,'zstu.epidemic.generator.controller.GenController.editSave()','PUT',1,'admin',NULL,'/tool/gen','127.0.0.1','内网IP','{\"sub\":false,\"functionAuthor\":\"iwan\",\"columns\":[{\"capJavaField\":\"DrugId\",\"usableColumn\":false,\"columnId\":217,\"isIncrement\":\"1\",\"increment\":true,\"insert\":true,\"isList\":\"1\",\"dictType\":\"\",\"required\":false,\"superColumn\":false,\"updateBy\":\"\",\"isInsert\":\"1\",\"javaField\":\"drugId\",\"htmlType\":\"input\",\"edit\":false,\"query\":true,\"columnComment\":\"药物id\",\"isQuery\":\"1\",\"updateTime\":1650981203000,\"sort\":1,\"list\":true,\"params\":{},\"javaType\":\"Long\",\"queryType\":\"EQ\",\"columnType\":\"bigint\",\"createBy\":\"admin\",\"isPk\":\"1\",\"createTime\":1650972455000,\"tableId\":29,\"pk\":true,\"columnName\":\"drug_id\"},{\"capJavaField\":\"IllnessId\",\"usableColumn\":false,\"columnId\":218,\"isIncrement\":\"0\",\"increment\":false,\"insert\":true,\"isList\":\"1\",\"dictType\":\"\",\"required\":false,\"superColumn\":false,\"updateBy\":\"\",\"isInsert\":\"1\",\"javaField\":\"illnessId\",\"htmlType\":\"input\",\"edit\":false,\"query\":true,\"columnComment\":\"疾病id\",\"isQuery\":\"1\",\"updateTime\":1650981203000,\"sort\":2,\"list\":true,\"params\":{},\"javaType\":\"Long\",\"queryType\":\"EQ\",\"columnType\":\"bigint\",\"createBy\":\"admin\",\"isPk\":\"1\",\"createTime\":1650972455000,\"tableId\":29,\"pk\":true,\"columnName\":\"illness_id\"}],\"businessName\":\"drug_illness\",\"moduleName\":\"illness\",\"className\":\"EpidemicDrugIllness\",\"tableName\":\"epidemic_drug_illness\",\"crud\":true,\"options\":\"{\\\"parentMenuId\\\":\\\"2001\\\"}\",\"genType\":\"0\",\"packageName\":\"zstu.epidemic.illness\",\"functionName\":\"疾病药品\",\"tree\":false,\"tableComment\":\"疾病药品\",\"params\":{\"parentMenuId\":\"2001\"},\"tplCategory\":\"crud\",\"parentMenuId\":\"2001\",\"tableId\":29,\"genPath\":\"/\"}','{\"msg\":\"操作成功\",\"code\":200}',0,NULL,'2022-04-26 22:16:22'),
(263,'代码生成',2,'zstu.epidemic.generator.controller.GenController.editSave()','PUT',1,'admin',NULL,'/tool/gen','127.0.0.1','内网IP','{\"sub\":false,\"functionAuthor\":\"iwan\",\"columns\":[{\"capJavaField\":\"FactoryId\",\"usableColumn\":false,\"columnId\":211,\"isIncrement\":\"0\",\"increment\":false,\"insert\":true,\"isList\":\"1\",\"dictType\":\"\",\"required\":false,\"superColumn\":false,\"updateBy\":\"\",\"isInsert\":\"1\",\"javaField\":\"factoryId\",\"htmlType\":\"input\",\"edit\":false,\"query\":true,\"columnComment\":\"工厂id\",\"isQuery\":\"1\",\"updateTime\":1650981218000,\"sort\":1,\"list\":true,\"params\":{},\"javaType\":\"Long\",\"queryType\":\"EQ\",\"columnType\":\"bigint\",\"createBy\":\"admin\",\"isPk\":\"1\",\"createTime\":1650972049000,\"tableId\":26,\"pk\":true,\"columnName\":\"factory_id\"},{\"capJavaField\":\"DrugId\",\"usableColumn\":false,\"columnId\":212,\"isIncrement\":\"0\",\"increment\":false,\"insert\":true,\"isList\":\"1\",\"dictType\":\"\",\"required\":false,\"superColumn\":false,\"updateBy\":\"\",\"isInsert\":\"1\",\"javaField\":\"drugId\",\"htmlType\":\"input\",\"edit\":false,\"query\":true,\"columnComment\":\"药物id\",\"isQuery\":\"1\",\"updateTime\":1650981219000,\"sort\":2,\"list\":true,\"params\":{},\"javaType\":\"Long\",\"queryType\":\"EQ\",\"columnType\":\"bigint\",\"createBy\":\"admin\",\"isPk\":\"1\",\"createTime\":1650972049000,\"tableId\":26,\"pk\":true,\"columnName\":\"drug_id\"}],\"businessName\":\"drug_factory\",\"moduleName\":\"illness\",\"className\":\"EpidemicDrugFactory\",\"tableName\":\"epidemic_drug_factory\",\"crud\":true,\"options\":\"{\\\"parentMenuId\\\":\\\"2001\\\"}\",\"genType\":\"0\",\"packageName\":\"zstu.epidemic.illness\",\"functionName\":\"工厂管理\",\"tree\":false,\"tableComment\":\"疾病工厂管理\",\"params\":{\"parentMenuId\":\"2001\"},\"tplCategory\":\"crud\",\"parentMenuId\":\"2001\",\"tableId\":26,\"genPath\":\"/\"}','{\"msg\":\"操作成功\",\"code\":200}',0,NULL,'2022-04-26 22:16:41'),
(264,'代码生成',8,'zstu.epidemic.generator.controller.GenController.batchGenCode()','GET',1,'admin',NULL,'/tool/gen/batchGenCode','127.0.0.1','内网IP','{}',NULL,0,NULL,'2022-04-26 22:18:01'),
(265,'代码生成',2,'zstu.epidemic.generator.controller.GenController.synchDb()','GET',1,'admin',NULL,'/tool/gen/synchDb/epidemic_company','127.0.0.1','内网IP','{tableName=epidemic_company}','{\"msg\":\"操作成功\",\"code\":200}',0,NULL,'2022-04-26 22:29:45'),
(266,'代码生成',8,'zstu.epidemic.generator.controller.GenController.batchGenCode()','GET',1,'admin',NULL,'/tool/gen/batchGenCode','127.0.0.1','内网IP','{}',NULL,0,NULL,'2022-04-26 22:29:54'),
(267,'代码生成',2,'zstu.epidemic.generator.controller.GenController.synchDb()','GET',1,'admin',NULL,'/tool/gen/synchDb/epidemic_company','127.0.0.1','内网IP','{tableName=epidemic_company}','{\"msg\":\"操作成功\",\"code\":200}',0,NULL,'2022-04-26 22:31:20'),
(268,'代码生成',2,'zstu.epidemic.generator.controller.GenController.synchDb()','GET',1,'admin',NULL,'/tool/gen/synchDb/epidemic_company','127.0.0.1','内网IP','{tableName=epidemic_company}','{\"msg\":\"操作成功\",\"code\":200}',0,NULL,'2022-04-26 22:31:34'),
(269,'代码生成',8,'zstu.epidemic.generator.controller.GenController.batchGenCode()','GET',1,'admin',NULL,'/tool/gen/batchGenCode','127.0.0.1','内网IP','{}',NULL,0,NULL,'2022-04-26 22:31:40'),
(270,'代码生成',2,'zstu.epidemic.generator.controller.GenController.editSave()','PUT',1,'admin',NULL,'/tool/gen','127.0.0.1','内网IP','{\"sub\":false,\"functionAuthor\":\"iwan\",\"columns\":[{\"capJavaField\":\"FactoryId\",\"usableColumn\":false,\"columnId\":211,\"isIncrement\":\"0\",\"increment\":false,\"insert\":true,\"isList\":\"1\",\"dictType\":\"\",\"required\":false,\"superColumn\":false,\"updateBy\":\"\",\"isInsert\":\"1\",\"javaField\":\"factoryId\",\"htmlType\":\"input\",\"edit\":true,\"query\":true,\"columnComment\":\"工厂id\",\"isQuery\":\"1\",\"updateTime\":1650982601000,\"sort\":1,\"list\":true,\"params\":{},\"javaType\":\"Long\",\"queryType\":\"EQ\",\"columnType\":\"bigint\",\"createBy\":\"admin\",\"isPk\":\"1\",\"createTime\":1650972049000,\"isEdit\":\"1\",\"tableId\":26,\"pk\":true,\"columnName\":\"factory_id\"},{\"capJavaField\":\"DrugId\",\"usableColumn\":false,\"columnId\":212,\"isIncrement\":\"0\",\"increment\":false,\"insert\":true,\"isList\":\"1\",\"dictType\":\"\",\"required\":false,\"superColumn\":false,\"updateBy\":\"\",\"isInsert\":\"1\",\"javaField\":\"drugId\",\"htmlType\":\"input\",\"edit\":true,\"query\":true,\"columnComment\":\"药物id\",\"isQuery\":\"1\",\"updateTime\":1650982601000,\"sort\":2,\"list\":true,\"params\":{},\"javaType\":\"Long\",\"queryType\":\"EQ\",\"columnType\":\"bigint\",\"createBy\":\"admin\",\"isPk\":\"1\",\"createTime\":1650972049000,\"isEdit\":\"1\",\"tableId\":26,\"pk\":true,\"columnName\":\"drug_id\"}],\"businessName\":\"drug_factory\",\"moduleName\":\"illness\",\"className\":\"EpidemicDrugFactory\",\"tableName\":\"epidemic_drug_factory\",\"crud\":true,\"options\":\"{\\\"parentMenuId\\\":\\\"2001\\\"}\",\"genType\":\"0\",\"packageName\":\"zstu.epidemic.illness\",\"functionName\":\"工厂管理\",\"tree\":false,\"tableComment\":\"疾病工厂管理\",\"params\":{\"parentMenuId\":\"2001\"},\"tplCategory\":\"crud\",\"parentMenuId\":\"2001\",\"tableId\":26,\"genPath\":\"/\"}','{\"msg\":\"操作成功\",\"code\":200}',0,NULL,'2022-04-26 22:39:08'),
(271,'代码生成',2,'zstu.epidemic.generator.controller.GenController.editSave()','PUT',1,'admin',NULL,'/tool/gen','127.0.0.1','内网IP','{\"sub\":false,\"functionAuthor\":\"iwan\",\"columns\":[{\"capJavaField\":\"CompanyId\",\"usableColumn\":false,\"columnId\":209,\"isIncrement\":\"0\",\"increment\":false,\"insert\":true,\"isList\":\"1\",\"dictType\":\"\",\"required\":false,\"superColumn\":false,\"updateBy\":\"\",\"isInsert\":\"1\",\"javaField\":\"companyId\",\"htmlType\":\"input\",\"edit\":true,\"query\":true,\"columnComment\":\"公司id\",\"isQuery\":\"1\",\"updateTime\":1650982102000,\"sort\":1,\"list\":true,\"params\":{},\"javaType\":\"Long\",\"queryType\":\"EQ\",\"columnType\":\"bigint\",\"createBy\":\"admin\",\"isPk\":\"1\",\"createTime\":1650972049000,\"isEdit\":\"1\",\"tableId\":25,\"pk\":true,\"columnName\":\"company_id\"},{\"capJavaField\":\"DrugId\",\"usableColumn\":false,\"columnId\":210,\"isIncrement\":\"0\",\"increment\":false,\"insert\":true,\"isList\":\"1\",\"dictType\":\"\",\"required\":false,\"superColumn\":false,\"updateBy\":\"\",\"isInsert\":\"1\",\"javaField\":\"drugId\",\"htmlType\":\"input\",\"edit\":true,\"query\":true,\"columnComment\":\"药品id\",\"isQuery\":\"1\",\"updateTime\":1650982102000,\"sort\":2,\"list\":true,\"params\":{},\"javaType\":\"Long\",\"queryType\":\"EQ\",\"columnType\":\"bigint\",\"createBy\":\"admin\",\"isPk\":\"1\",\"createTime\":1650972049000,\"isEdit\":\"1\",\"tableId\":25,\"pk\":true,\"columnName\":\"drug_id\"}],\"businessName\":\"drug_company\",\"moduleName\":\"illness\",\"className\":\"EpidemicDrugCompany\",\"tableName\":\"epidemic_drug_company\",\"crud\":true,\"options\":\"{\\\"parentMenuId\\\":\\\"2001\\\"}\",\"genType\":\"0\",\"packageName\":\"zstu.epidemic.illness\",\"functionName\":\"公司药品管理\",\"tree\":false,\"tableComment\":\"药品公司管理\",\"params\":{\"parentMenuId\":\"2001\"},\"tplCategory\":\"crud\",\"parentMenuId\":\"2001\",\"tableId\":25,\"genPath\":\"/\"}','{\"msg\":\"操作成功\",\"code\":200}',0,NULL,'2022-04-26 22:39:15'),
(272,'代码生成',2,'zstu.epidemic.generator.controller.GenController.editSave()','PUT',1,'admin',NULL,'/tool/gen','127.0.0.1','内网IP','{\"sub\":false,\"functionAuthor\":\"iwan\",\"columns\":[{\"capJavaField\":\"PassageId\",\"usableColumn\":false,\"columnId\":190,\"isIncrement\":\"1\",\"increment\":true,\"insert\":true,\"isList\":\"1\",\"dictType\":\"\",\"required\":false,\"superColumn\":false,\"updateBy\":\"\",\"isInsert\":\"1\",\"javaField\":\"passageId\",\"htmlType\":\"input\",\"edit\":true,\"query\":true,\"columnComment\":\"文章id\",\"isQuery\":\"1\",\"updateTime\":1650981503000,\"sort\":1,\"list\":true,\"params\":{},\"javaType\":\"Long\",\"queryType\":\"EQ\",\"columnType\":\"bigint\",\"createBy\":\"admin\",\"isPk\":\"1\",\"createTime\":1650715677000,\"isEdit\":\"1\",\"tableId\":23,\"pk\":true,\"columnName\":\"passage_id\"},{\"capJavaField\":\"IllnessId\",\"usableColumn\":false,\"columnId\":191,\"isIncrement\":\"0\",\"increment\":false,\"insert\":true,\"isList\":\"1\",\"dictType\":\"\",\"required\":false,\"superColumn\":false,\"updateBy\":\"\",\"isInsert\":\"1\",\"javaField\":\"illnessId\",\"htmlType\":\"input\",\"edit\":true,\"query\":true,\"columnComment\":\"疾病id\",\"isQuery\":\"1\",\"updateTime\":1650981503000,\"sort\":2,\"list\":true,\"params\":{},\"javaType\":\"Long\",\"queryType\":\"EQ\",\"columnType\":\"bigint\",\"createBy\":\"admin\",\"isPk\":\"1\",\"createTime\":1650715677000,\"isEdit\":\"1\",\"tableId\":23,\"pk\":true,\"columnName\":\"illness_id\"}],\"businessName\":\"illness_passage\",\"moduleName\":\"illness\",\"className\":\"EpidemicPassageIllness\",\"tableName\":\"epidemic_passage_illness\",\"crud\":true,\"options\":\"{\\\"parentMenuId\\\":\\\"2001\\\"}\",\"genType\":\"0\",\"packageName\":\"zstu.epidemic.illness\",\"functionName\":\"文章疾病\",\"tree\":false,\"tableComment\":\"文章疾病\",\"params\":{\"parentMenuId\":\"2001\"},\"tplCategory\":\"crud\",\"parentMenuId\":\"2001\",\"tableId\":23,\"genPath\":\"/\"}','{\"msg\":\"操作成功\",\"code\":200}',0,NULL,'2022-04-26 22:39:23'),
(273,'代码生成',2,'zstu.epidemic.generator.controller.GenController.editSave()','PUT',1,'admin',NULL,'/tool/gen','127.0.0.1','内网IP','{\"sub\":false,\"functionAuthor\":\"iwan\",\"columns\":[{\"capJavaField\":\"DrugId\",\"usableColumn\":false,\"columnId\":217,\"isIncrement\":\"1\",\"increment\":true,\"insert\":true,\"isList\":\"1\",\"dictType\":\"\",\"required\":false,\"superColumn\":false,\"updateBy\":\"\",\"isInsert\":\"1\",\"javaField\":\"drugId\",\"htmlType\":\"input\",\"edit\":true,\"query\":true,\"columnComment\":\"药物id\",\"isQuery\":\"1\",\"updateTime\":1650982582000,\"sort\":1,\"list\":true,\"params\":{},\"javaType\":\"Long\",\"queryType\":\"EQ\",\"columnType\":\"bigint\",\"createBy\":\"admin\",\"isPk\":\"1\",\"createTime\":1650972455000,\"isEdit\":\"1\",\"tableId\":29,\"pk\":true,\"columnName\":\"drug_id\"},{\"capJavaField\":\"IllnessId\",\"usableColumn\":false,\"columnId\":218,\"isIncrement\":\"0\",\"increment\":false,\"insert\":true,\"isList\":\"1\",\"dictType\":\"\",\"required\":false,\"superColumn\":false,\"updateBy\":\"\",\"isInsert\":\"1\",\"javaField\":\"illnessId\",\"htmlType\":\"input\",\"edit\":true,\"query\":true,\"columnComment\":\"疾病id\",\"isQuery\":\"1\",\"updateTime\":1650982582000,\"sort\":2,\"list\":true,\"params\":{},\"javaType\":\"Long\",\"queryType\":\"EQ\",\"columnType\":\"bigint\",\"createBy\":\"admin\",\"isPk\":\"1\",\"createTime\":1650972455000,\"isEdit\":\"1\",\"tableId\":29,\"pk\":true,\"columnName\":\"illness_id\"}],\"businessName\":\"drug_illness\",\"moduleName\":\"illness\",\"className\":\"EpidemicDrugIllness\",\"tableName\":\"epidemic_drug_illness\",\"crud\":true,\"options\":\"{\\\"parentMenuId\\\":\\\"2001\\\"}\",\"genType\":\"0\",\"packageName\":\"zstu.epidemic.illness\",\"functionName\":\"疾病药品\",\"tree\":false,\"tableComment\":\"疾病药品\",\"params\":{\"parentMenuId\":\"2001\"},\"tplCategory\":\"crud\",\"parentMenuId\":\"2001\",\"tableId\":29,\"genPath\":\"/\"}','{\"msg\":\"操作成功\",\"code\":200}',0,NULL,'2022-04-26 22:39:31'),
(274,'代码生成',2,'zstu.epidemic.generator.controller.GenController.editSave()','PUT',1,'admin',NULL,'/tool/gen','127.0.0.1','内网IP','{\"sub\":false,\"functionAuthor\":\"iwan\",\"columns\":[{\"capJavaField\":\"PatientId\",\"usableColumn\":false,\"columnId\":215,\"isIncrement\":\"0\",\"increment\":false,\"insert\":true,\"isList\":\"1\",\"dictType\":\"\",\"required\":false,\"superColumn\":false,\"updateBy\":\"\",\"isInsert\":\"1\",\"javaField\":\"patientId\",\"htmlType\":\"input\",\"edit\":true,\"query\":true,\"columnComment\":\"病人id\",\"isQuery\":\"1\",\"updateTime\":1650981211000,\"sort\":1,\"list\":true,\"params\":{},\"javaType\":\"Long\",\"queryType\":\"EQ\",\"columnType\":\"bigint\",\"createBy\":\"admin\",\"isPk\":\"1\",\"createTime\":1650972271000,\"isEdit\":\"1\",\"tableId\":28,\"pk\":true,\"columnName\":\"patient_id\"},{\"capJavaField\":\"IllnessId\",\"usableColumn\":false,\"columnId\":216,\"isIncrement\":\"0\",\"increment\":false,\"insert\":true,\"isList\":\"1\",\"dictType\":\"\",\"required\":false,\"superColumn\":false,\"updateBy\":\"\",\"isInsert\":\"1\",\"javaField\":\"illnessId\",\"htmlType\":\"input\",\"edit\":true,\"query\":true,\"columnComment\":\"病id（病史未登记）\",\"isQuery\":\"1\",\"updateTime\":1650981211000,\"sort\":2,\"list\":true,\"params\":{},\"javaType\":\"Long\",\"queryType\":\"EQ\",\"columnType\":\"bigint\",\"createBy\":\"admin\",\"isPk\":\"1\",\"createTime\":1650972271000,\"isEdit\":\"1\",\"tableId\":28,\"pk\":true,\"columnName\":\"illness_id\"}],\"businessName\":\"history\",\"moduleName\":\"cases\",\"className\":\"EpidemicPatientHistory\",\"tableName\":\"epidemic_patient_history\",\"crud\":true,\"options\":\"{\\\"parentMenuId\\\":\\\"2000\\\"}\",\"genType\":\"0\",\"packageName\":\"zstu.epidemic.illness\",\"functionName\":\"病史管理\",\"tree\":false,\"tableComment\":\"病史管理\",\"params\":{\"parentMenuId\":\"2000\"},\"tplCategory\":\"crud\",\"parentMenuId\":\"2000\",\"tableId\":28,\"genPath\":\"/\"}','{\"msg\":\"操作成功\",\"code\":200}',0,NULL,'2022-04-26 22:39:38'),
(275,'代码生成',2,'zstu.epidemic.generator.controller.GenController.editSave()','PUT',1,'admin',NULL,'/tool/gen','127.0.0.1','内网IP','{\"sub\":false,\"functionAuthor\":\"iwan\",\"columns\":[{\"capJavaField\":\"TransId\",\"usableColumn\":false,\"columnId\":165,\"isIncrement\":\"1\",\"increment\":true,\"insert\":true,\"isList\":\"1\",\"required\":false,\"superColumn\":false,\"isInsert\":\"1\",\"javaField\":\"transId\",\"htmlType\":\"input\",\"edit\":true,\"query\":true,\"columnComment\":\"传播方式id\",\"isQuery\":\"1\",\"updateTime\":1650981688000,\"sort\":1,\"list\":true,\"params\":{},\"javaType\":\"Long\",\"queryType\":\"EQ\",\"columnType\":\"bigint\",\"createBy\":\"admin\",\"isPk\":\"1\",\"createTime\":1650715671000,\"isEdit\":\"1\",\"tableId\":18,\"pk\":true,\"columnName\":\"trans_id\"},{\"capJavaField\":\"IllnessId\",\"usableColumn\":false,\"columnId\":166,\"isIncrement\":\"0\",\"increment\":false,\"insert\":true,\"isList\":\"1\",\"required\":false,\"superColumn\":false,\"isInsert\":\"1\",\"javaField\":\"illnessId\",\"htmlType\":\"input\",\"edit\":true,\"query\":true,\"columnComment\":\"疾病id\",\"isQuery\":\"1\",\"updateTime\":1650981688000,\"sort\":2,\"list\":true,\"params\":{},\"javaType\":\"Long\",\"queryType\":\"EQ\",\"columnType\":\"bigint\",\"createBy\":\"admin\",\"isPk\":\"1\",\"createTime\":1650715671000,\"isEdit\":\"1\",\"tableId\":18,\"pk\":true,\"columnName\":\"illness_id\"}],\"businessName\":\"illness_trans\",\"moduleName\":\"illness\",\"className\":\"EpidemicIllnessTrans\",\"tableName\":\"epidemic_illness_trans\",\"crud\":true,\"options\":\"{\\\"parentMenuId\\\":\\\"2001\\\"}\",\"genType\":\"0\",\"packageName\":\"zstu.epidemic.illness\",\"functionName\":\"疾病传播方式\",\"tree\":false,\"tableComment\":\"疾病传播方式\",\"params\":{\"parentMenuId\":\"2001\"},\"tplCategory\":\"crud\",\"parentMenuId\":\"2001\",\"tableId\":18,\"genPath\":\"/\"}','{\"msg\":\"操作成功\",\"code\":200}',0,NULL,'2022-04-26 22:40:23'),
(276,'代码生成',8,'zstu.epidemic.generator.controller.GenController.batchGenCode()','GET',1,'admin',NULL,'/tool/gen/batchGenCode','127.0.0.1','内网IP','{}',NULL,0,NULL,'2022-04-26 22:41:33'),
(277,'代码生成',2,'zstu.epidemic.generator.controller.GenController.editSave()','PUT',1,'admin',NULL,'/tool/gen','127.0.0.1','内网IP','{\"sub\":false,\"functionAuthor\":\"iwan\",\"columns\":[{\"capJavaField\":\"TransId\",\"usableColumn\":false,\"columnId\":165,\"isIncrement\":\"1\",\"increment\":true,\"insert\":true,\"isList\":\"1\",\"required\":true,\"superColumn\":false,\"isInsert\":\"1\",\"isRequired\":\"1\",\"javaField\":\"transId\",\"htmlType\":\"input\",\"edit\":true,\"query\":true,\"columnComment\":\"传播方式id\",\"isQuery\":\"1\",\"updateTime\":1650984023000,\"sort\":1,\"list\":true,\"params\":{},\"javaType\":\"Long\",\"queryType\":\"EQ\",\"columnType\":\"bigint\",\"createBy\":\"admin\",\"isPk\":\"1\",\"createTime\":1650715671000,\"isEdit\":\"1\",\"tableId\":18,\"pk\":true,\"columnName\":\"trans_id\"},{\"capJavaField\":\"IllnessId\",\"usableColumn\":false,\"columnId\":166,\"isIncrement\":\"0\",\"increment\":false,\"insert\":true,\"isList\":\"1\",\"required\":true,\"superColumn\":false,\"isInsert\":\"1\",\"isRequired\":\"1\",\"javaField\":\"illnessId\",\"htmlType\":\"input\",\"edit\":true,\"query\":true,\"columnComment\":\"疾病id\",\"isQuery\":\"1\",\"updateTime\":1650984023000,\"sort\":2,\"list\":true,\"params\":{},\"javaType\":\"Long\",\"queryType\":\"EQ\",\"columnType\":\"bigint\",\"createBy\":\"admin\",\"isPk\":\"1\",\"createTime\":1650715671000,\"isEdit\":\"1\",\"tableId\":18,\"pk\":true,\"columnName\":\"illness_id\"}],\"businessName\":\"illness_trans\",\"moduleName\":\"illness\",\"className\":\"EpidemicIllnessTrans\",\"tableName\":\"epidemic_illness_trans\",\"crud\":true,\"options\":\"{\\\"parentMenuId\\\":\\\"2001\\\"}\",\"genType\":\"0\",\"packageName\":\"zstu.epidemic.illness\",\"functionName\":\"疾病传播方式\",\"tree\":false,\"tableComment\":\"疾病传播方式\",\"params\":{\"parentMenuId\":\"2001\"},\"tplCategory\":\"crud\",\"parentMenuId\":\"2001\",\"tableId\":18,\"genPath\":\"/\"}','{\"msg\":\"操作成功\",\"code\":200}',0,NULL,'2022-04-26 22:43:31'),
(278,'代码生成',2,'zstu.epidemic.generator.controller.GenController.synchDb()','GET',1,'admin',NULL,'/tool/gen/synchDb/epidemic_illness_trans','127.0.0.1','内网IP','{tableName=epidemic_illness_trans}','{\"msg\":\"操作成功\",\"code\":200}',0,NULL,'2022-04-26 22:46:00'),
(279,'代码生成',2,'zstu.epidemic.generator.controller.GenController.synchDb()','GET',1,'admin',NULL,'/tool/gen/synchDb/epidemic_drug_company','127.0.0.1','内网IP','{tableName=epidemic_drug_company}','{\"msg\":\"操作成功\",\"code\":200}',0,NULL,'2022-04-26 22:46:43'),
(280,'代码生成',2,'zstu.epidemic.generator.controller.GenController.synchDb()','GET',1,'admin',NULL,'/tool/gen/synchDb/epidemic_case','127.0.0.1','内网IP','{tableName=epidemic_case}','{\"msg\":\"操作成功\",\"code\":200}',0,NULL,'2022-04-26 22:46:47'),
(281,'代码生成',2,'zstu.epidemic.generator.controller.GenController.synchDb()','GET',1,'admin',NULL,'/tool/gen/synchDb/epidemic_case_hospital','127.0.0.1','内网IP','{tableName=epidemic_case_hospital}','{\"msg\":\"操作成功\",\"code\":200}',0,NULL,'2022-04-26 22:46:48'),
(282,'代码生成',2,'zstu.epidemic.generator.controller.GenController.synchDb()','GET',1,'admin',NULL,'/tool/gen/synchDb/epidemic_category','127.0.0.1','内网IP','{tableName=epidemic_category}','{\"msg\":\"操作成功\",\"code\":200}',0,NULL,'2022-04-26 22:46:51'),
(283,'代码生成',2,'zstu.epidemic.generator.controller.GenController.synchDb()','GET',1,'admin',NULL,'/tool/gen/synchDb/epidemic_company','127.0.0.1','内网IP','{tableName=epidemic_company}','{\"msg\":\"操作成功\",\"code\":200}',0,NULL,'2022-04-26 22:46:53'),
(284,'代码生成',2,'zstu.epidemic.generator.controller.GenController.synchDb()','GET',1,'admin',NULL,'/tool/gen/synchDb/epidemic_complication','127.0.0.1','内网IP','{tableName=epidemic_complication}','{\"msg\":\"操作成功\",\"code\":200}',0,NULL,'2022-04-26 22:46:55'),
(285,'代码生成',2,'zstu.epidemic.generator.controller.GenController.synchDb()','GET',1,'admin',NULL,'/tool/gen/synchDb/epidemic_drug','127.0.0.1','内网IP','{tableName=epidemic_drug}','{\"msg\":\"操作成功\",\"code\":200}',0,NULL,'2022-04-26 22:46:56'),
(286,'代码生成',2,'zstu.epidemic.generator.controller.GenController.synchDb()','GET',1,'admin',NULL,'/tool/gen/synchDb/epidemic_region','127.0.0.1','内网IP','{tableName=epidemic_region}','{\"msg\":\"操作成功\",\"code\":200}',0,NULL,'2022-04-26 22:46:58'),
(287,'代码生成',2,'zstu.epidemic.generator.controller.GenController.synchDb()','GET',1,'admin',NULL,'/tool/gen/synchDb/epidemic_sequelae','127.0.0.1','内网IP','{tableName=epidemic_sequelae}','{\"msg\":\"操作成功\",\"code\":200}',0,NULL,'2022-04-26 22:47:00'),
(288,'代码生成',2,'zstu.epidemic.generator.controller.GenController.synchDb()','GET',1,'admin',NULL,'/tool/gen/synchDb/epidemic_transmission','127.0.0.1','内网IP','{tableName=epidemic_transmission}','{\"msg\":\"操作成功\",\"code\":200}',0,NULL,'2022-04-26 22:47:02'),
(289,'代码生成',2,'zstu.epidemic.generator.controller.GenController.synchDb()','GET',1,'admin',NULL,'/tool/gen/synchDb/epidemic_transmission','127.0.0.1','内网IP','{tableName=epidemic_transmission}','{\"msg\":\"操作成功\",\"code\":200}',0,NULL,'2022-04-26 22:47:08'),
(290,'代码生成',2,'zstu.epidemic.generator.controller.GenController.synchDb()','GET',1,'admin',NULL,'/tool/gen/synchDb/epidemic_expert','127.0.0.1','内网IP','{tableName=epidemic_expert}','{\"msg\":\"操作成功\",\"code\":200}',0,NULL,'2022-04-26 22:47:10'),
(291,'代码生成',2,'zstu.epidemic.generator.controller.GenController.synchDb()','GET',1,'admin',NULL,'/tool/gen/synchDb/epidemic_factory','127.0.0.1','内网IP','{tableName=epidemic_factory}','{\"msg\":\"操作成功\",\"code\":200}',0,NULL,'2022-04-26 22:47:11'),
(292,'代码生成',2,'zstu.epidemic.generator.controller.GenController.synchDb()','GET',1,'admin',NULL,'/tool/gen/synchDb/epidemic_hospital','127.0.0.1','内网IP','{tableName=epidemic_hospital}','{\"msg\":\"操作成功\",\"code\":200}',0,NULL,'2022-04-26 22:47:13'),
(293,'代码生成',2,'zstu.epidemic.generator.controller.GenController.synchDb()','GET',1,'admin',NULL,'/tool/gen/synchDb/epidemic_illness','127.0.0.1','内网IP','{tableName=epidemic_illness}','{\"msg\":\"操作成功\",\"code\":200}',0,NULL,'2022-04-26 22:47:14'),
(294,'代码生成',2,'zstu.epidemic.generator.controller.GenController.synchDb()','GET',1,'admin',NULL,'/tool/gen/synchDb/epidemic_illness_trans','127.0.0.1','内网IP','{tableName=epidemic_illness_trans}','{\"msg\":\"操作成功\",\"code\":200}',0,NULL,'2022-04-26 22:47:16'),
(295,'代码生成',2,'zstu.epidemic.generator.controller.GenController.synchDb()','GET',1,'admin',NULL,'/tool/gen/synchDb/epidemic_passage','127.0.0.1','内网IP','{tableName=epidemic_passage}','{\"msg\":\"操作成功\",\"code\":200}',0,NULL,'2022-04-26 22:47:17'),
(296,'代码生成',2,'zstu.epidemic.generator.controller.GenController.synchDb()','GET',1,'admin',NULL,'/tool/gen/synchDb/epidemic_passage_content','127.0.0.1','内网IP','{tableName=epidemic_passage_content}','{\"msg\":\"操作成功\",\"code\":200}',0,NULL,'2022-04-26 22:47:19'),
(297,'代码生成',2,'zstu.epidemic.generator.controller.GenController.synchDb()','GET',1,'admin',NULL,'/tool/gen/synchDb/epidemic_passage_illness','127.0.0.1','内网IP','{tableName=epidemic_passage_illness}','{\"msg\":\"操作成功\",\"code\":200}',0,NULL,'2022-04-26 22:47:20'),
(298,'代码生成',2,'zstu.epidemic.generator.controller.GenController.synchDb()','GET',1,'admin',NULL,'/tool/gen/synchDb/epidemic_patient','127.0.0.1','内网IP','{tableName=epidemic_patient}','{\"msg\":\"操作成功\",\"code\":200}',0,NULL,'2022-04-26 22:47:22'),
(299,'代码生成',2,'zstu.epidemic.generator.controller.GenController.synchDb()','GET',1,'admin',NULL,'/tool/gen/synchDb/epidemic_drug_company','127.0.0.1','内网IP','{tableName=epidemic_drug_company}','{\"msg\":\"操作成功\",\"code\":200}',0,NULL,'2022-04-26 22:47:23'),
(300,'代码生成',2,'zstu.epidemic.generator.controller.GenController.synchDb()','GET',1,'admin',NULL,'/tool/gen/synchDb/epidemic_drug_factory','127.0.0.1','内网IP','{tableName=epidemic_drug_factory}','{\"msg\":\"操作成功\",\"code\":200}',0,NULL,'2022-04-26 22:47:26'),
(301,'代码生成',2,'zstu.epidemic.generator.controller.GenController.synchDb()','GET',1,'admin',NULL,'/tool/gen/synchDb/epidemic_patient_history','127.0.0.1','内网IP','{tableName=epidemic_patient_history}','{\"msg\":\"操作成功\",\"code\":200}',0,NULL,'2022-04-26 22:47:27'),
(302,'代码生成',2,'zstu.epidemic.generator.controller.GenController.synchDb()','GET',1,'admin',NULL,'/tool/gen/synchDb/epidemic_drug_illness','127.0.0.1','内网IP','{tableName=epidemic_drug_illness}','{\"msg\":\"操作成功\",\"code\":200}',0,NULL,'2022-04-26 22:47:29'),
(303,'代码生成',2,'zstu.epidemic.generator.controller.GenController.synchDb()','GET',1,'admin',NULL,'/tool/gen/synchDb/epidemic_case','127.0.0.1','内网IP','{tableName=epidemic_case}','{\"msg\":\"操作成功\",\"code\":200}',0,NULL,'2022-04-26 22:52:00'),
(304,'代码生成',2,'zstu.epidemic.generator.controller.GenController.synchDb()','GET',1,'admin',NULL,'/tool/gen/synchDb/epidemic_case','127.0.0.1','内网IP','{tableName=epidemic_case}','{\"msg\":\"操作成功\",\"code\":200}',0,NULL,'2022-04-26 22:52:02'),
(305,'代码生成',2,'zstu.epidemic.generator.controller.GenController.synchDb()','GET',1,'admin',NULL,'/tool/gen/synchDb/epidemic_case_hospital','127.0.0.1','内网IP','{tableName=epidemic_case_hospital}','{\"msg\":\"操作成功\",\"code\":200}',0,NULL,'2022-04-26 22:52:03'),
(306,'代码生成',2,'zstu.epidemic.generator.controller.GenController.synchDb()','GET',1,'admin',NULL,'/tool/gen/synchDb/epidemic_category','127.0.0.1','内网IP','{tableName=epidemic_category}','{\"msg\":\"操作成功\",\"code\":200}',0,NULL,'2022-04-26 22:52:04'),
(307,'代码生成',2,'zstu.epidemic.generator.controller.GenController.synchDb()','GET',1,'admin',NULL,'/tool/gen/synchDb/epidemic_category','127.0.0.1','内网IP','{tableName=epidemic_category}','{\"msg\":\"操作成功\",\"code\":200}',0,NULL,'2022-04-26 22:52:04'),
(308,'代码生成',2,'zstu.epidemic.generator.controller.GenController.synchDb()','GET',1,'admin',NULL,'/tool/gen/synchDb/epidemic_company','127.0.0.1','内网IP','{tableName=epidemic_company}','{\"msg\":\"操作成功\",\"code\":200}',0,NULL,'2022-04-26 22:52:05'),
(309,'代码生成',2,'zstu.epidemic.generator.controller.GenController.synchDb()','GET',1,'admin',NULL,'/tool/gen/synchDb/epidemic_complication','127.0.0.1','内网IP','{tableName=epidemic_complication}','{\"msg\":\"操作成功\",\"code\":200}',0,NULL,'2022-04-26 22:52:06'),
(310,'代码生成',2,'zstu.epidemic.generator.controller.GenController.synchDb()','GET',1,'admin',NULL,'/tool/gen/synchDb/epidemic_drug','127.0.0.1','内网IP','{tableName=epidemic_drug}','{\"msg\":\"操作成功\",\"code\":200}',0,NULL,'2022-04-26 22:52:07'),
(311,'代码生成',2,'zstu.epidemic.generator.controller.GenController.synchDb()','GET',1,'admin',NULL,'/tool/gen/synchDb/epidemic_region','127.0.0.1','内网IP','{tableName=epidemic_region}','{\"msg\":\"操作成功\",\"code\":200}',0,NULL,'2022-04-26 22:52:07'),
(312,'代码生成',2,'zstu.epidemic.generator.controller.GenController.synchDb()','GET',1,'admin',NULL,'/tool/gen/synchDb/epidemic_transmission','127.0.0.1','内网IP','{tableName=epidemic_transmission}','{\"msg\":\"操作成功\",\"code\":200}',0,NULL,'2022-04-26 22:52:09'),
(313,'代码生成',2,'zstu.epidemic.generator.controller.GenController.synchDb()','GET',1,'admin',NULL,'/tool/gen/synchDb/epidemic_sequelae','127.0.0.1','内网IP','{tableName=epidemic_sequelae}','{\"msg\":\"操作成功\",\"code\":200}',0,NULL,'2022-04-26 22:52:10'),
(314,'代码生成',2,'zstu.epidemic.generator.controller.GenController.synchDb()','GET',1,'admin',NULL,'/tool/gen/synchDb/epidemic_expert','127.0.0.1','内网IP','{tableName=epidemic_expert}','{\"msg\":\"操作成功\",\"code\":200}',0,NULL,'2022-04-26 22:52:12'),
(315,'代码生成',2,'zstu.epidemic.generator.controller.GenController.synchDb()','GET',1,'admin',NULL,'/tool/gen/synchDb/epidemic_factory','127.0.0.1','内网IP','{tableName=epidemic_factory}','{\"msg\":\"操作成功\",\"code\":200}',0,NULL,'2022-04-26 22:52:13'),
(316,'代码生成',2,'zstu.epidemic.generator.controller.GenController.synchDb()','GET',1,'admin',NULL,'/tool/gen/synchDb/epidemic_hospital','127.0.0.1','内网IP','{tableName=epidemic_hospital}','{\"msg\":\"操作成功\",\"code\":200}',0,NULL,'2022-04-26 22:52:14'),
(317,'代码生成',2,'zstu.epidemic.generator.controller.GenController.synchDb()','GET',1,'admin',NULL,'/tool/gen/synchDb/epidemic_illness','127.0.0.1','内网IP','{tableName=epidemic_illness}','{\"msg\":\"操作成功\",\"code\":200}',0,NULL,'2022-04-26 22:52:14'),
(318,'代码生成',2,'zstu.epidemic.generator.controller.GenController.synchDb()','GET',1,'admin',NULL,'/tool/gen/synchDb/epidemic_illness_trans','127.0.0.1','内网IP','{tableName=epidemic_illness_trans}','{\"msg\":\"操作成功\",\"code\":200}',0,NULL,'2022-04-26 22:52:15'),
(319,'代码生成',2,'zstu.epidemic.generator.controller.GenController.synchDb()','GET',1,'admin',NULL,'/tool/gen/synchDb/epidemic_passage','127.0.0.1','内网IP','{tableName=epidemic_passage}','{\"msg\":\"操作成功\",\"code\":200}',0,NULL,'2022-04-26 22:52:16'),
(320,'代码生成',2,'zstu.epidemic.generator.controller.GenController.synchDb()','GET',1,'admin',NULL,'/tool/gen/synchDb/epidemic_passage_content','127.0.0.1','内网IP','{tableName=epidemic_passage_content}','{\"msg\":\"操作成功\",\"code\":200}',0,NULL,'2022-04-26 22:52:17'),
(321,'代码生成',2,'zstu.epidemic.generator.controller.GenController.synchDb()','GET',1,'admin',NULL,'/tool/gen/synchDb/epidemic_passage_illness','127.0.0.1','内网IP','{tableName=epidemic_passage_illness}','{\"msg\":\"操作成功\",\"code\":200}',0,NULL,'2022-04-26 22:52:17'),
(322,'代码生成',2,'zstu.epidemic.generator.controller.GenController.synchDb()','GET',1,'admin',NULL,'/tool/gen/synchDb/epidemic_patient','127.0.0.1','内网IP','{tableName=epidemic_patient}','{\"msg\":\"操作成功\",\"code\":200}',0,NULL,'2022-04-26 22:52:18'),
(323,'代码生成',2,'zstu.epidemic.generator.controller.GenController.synchDb()','GET',1,'admin',NULL,'/tool/gen/synchDb/epidemic_drug_company','127.0.0.1','内网IP','{tableName=epidemic_drug_company}','{\"msg\":\"操作成功\",\"code\":200}',0,NULL,'2022-04-26 22:52:19'),
(324,'代码生成',2,'zstu.epidemic.generator.controller.GenController.synchDb()','GET',1,'admin',NULL,'/tool/gen/synchDb/epidemic_drug_factory','127.0.0.1','内网IP','{tableName=epidemic_drug_factory}','{\"msg\":\"操作成功\",\"code\":200}',0,NULL,'2022-04-26 22:52:21'),
(325,'代码生成',2,'zstu.epidemic.generator.controller.GenController.synchDb()','GET',1,'admin',NULL,'/tool/gen/synchDb/epidemic_patient_history','127.0.0.1','内网IP','{tableName=epidemic_patient_history}','{\"msg\":\"操作成功\",\"code\":200}',0,NULL,'2022-04-26 22:52:21'),
(326,'代码生成',2,'zstu.epidemic.generator.controller.GenController.synchDb()','GET',1,'admin',NULL,'/tool/gen/synchDb/epidemic_drug_illness','127.0.0.1','内网IP','{tableName=epidemic_drug_illness}','{\"msg\":\"操作成功\",\"code\":200}',0,NULL,'2022-04-26 22:52:22'),
(327,'代码生成',2,'zstu.epidemic.generator.controller.GenController.synchDb()','GET',1,'admin',NULL,'/tool/gen/synchDb/epidemic_drug_illness','127.0.0.1','内网IP','{tableName=epidemic_drug_illness}','{\"msg\":\"操作成功\",\"code\":200}',0,NULL,'2022-04-26 22:52:24'),
(328,'代码生成',2,'zstu.epidemic.generator.controller.GenController.synchDb()','GET',1,'admin',NULL,'/tool/gen/synchDb/epidemic_case','127.0.0.1','内网IP','{tableName=epidemic_case}','{\"msg\":\"操作成功\",\"code\":200}',0,NULL,'2022-05-03 08:59:33'),
(329,'代码生成',2,'zstu.epidemic.generator.controller.GenController.synchDb()','GET',1,'admin',NULL,'/tool/gen/synchDb/epidemic_case_hospital','127.0.0.1','内网IP','{tableName=epidemic_case_hospital}','{\"msg\":\"操作成功\",\"code\":200}',0,NULL,'2022-05-03 08:59:36'),
(330,'代码生成',2,'zstu.epidemic.generator.controller.GenController.synchDb()','GET',1,'admin',NULL,'/tool/gen/synchDb/epidemic_category','127.0.0.1','内网IP','{tableName=epidemic_category}','{\"msg\":\"操作成功\",\"code\":200}',0,NULL,'2022-05-03 08:59:38'),
(331,'代码生成',2,'zstu.epidemic.generator.controller.GenController.synchDb()','GET',1,'admin',NULL,'/tool/gen/synchDb/epidemic_company','127.0.0.1','内网IP','{tableName=epidemic_company}','{\"msg\":\"操作成功\",\"code\":200}',0,NULL,'2022-05-03 08:59:39'),
(332,'代码生成',2,'zstu.epidemic.generator.controller.GenController.synchDb()','GET',1,'admin',NULL,'/tool/gen/synchDb/epidemic_complication','127.0.0.1','内网IP','{tableName=epidemic_complication}','{\"msg\":\"操作成功\",\"code\":200}',0,NULL,'2022-05-03 08:59:41'),
(333,'代码生成',2,'zstu.epidemic.generator.controller.GenController.synchDb()','GET',1,'admin',NULL,'/tool/gen/synchDb/epidemic_drug','127.0.0.1','内网IP','{tableName=epidemic_drug}','{\"msg\":\"操作成功\",\"code\":200}',0,NULL,'2022-05-03 08:59:43'),
(334,'代码生成',2,'zstu.epidemic.generator.controller.GenController.synchDb()','GET',1,'admin',NULL,'/tool/gen/synchDb/epidemic_region','127.0.0.1','内网IP','{tableName=epidemic_region}','{\"msg\":\"操作成功\",\"code\":200}',0,NULL,'2022-05-03 08:59:44'),
(335,'代码生成',2,'zstu.epidemic.generator.controller.GenController.synchDb()','GET',1,'admin',NULL,'/tool/gen/synchDb/epidemic_sequelae','127.0.0.1','内网IP','{tableName=epidemic_sequelae}','{\"msg\":\"操作成功\",\"code\":200}',0,NULL,'2022-05-03 08:59:47'),
(336,'代码生成',2,'zstu.epidemic.generator.controller.GenController.synchDb()','GET',1,'admin',NULL,'/tool/gen/synchDb/epidemic_transmission','127.0.0.1','内网IP','{tableName=epidemic_transmission}','{\"msg\":\"操作成功\",\"code\":200}',0,NULL,'2022-05-03 08:59:49'),
(337,'代码生成',2,'zstu.epidemic.generator.controller.GenController.synchDb()','GET',1,'admin',NULL,'/tool/gen/synchDb/epidemic_expert','127.0.0.1','内网IP','{tableName=epidemic_expert}','{\"msg\":\"操作成功\",\"code\":200}',0,NULL,'2022-05-03 08:59:50'),
(338,'代码生成',2,'zstu.epidemic.generator.controller.GenController.synchDb()','GET',1,'admin',NULL,'/tool/gen/synchDb/epidemic_drug_illness','127.0.0.1','内网IP','{tableName=epidemic_drug_illness}','{\"msg\":\"操作成功\",\"code\":200}',0,NULL,'2022-05-03 09:00:38'),
(339,'代码生成',2,'zstu.epidemic.generator.controller.GenController.synchDb()','GET',1,'admin',NULL,'/tool/gen/synchDb/epidemic_drug','127.0.0.1','内网IP','{tableName=epidemic_drug}','{\"msg\":\"操作成功\",\"code\":200}',0,NULL,'2022-05-03 09:08:06'),
(340,'代码生成',2,'zstu.epidemic.generator.controller.GenController.synchDb()','GET',1,'admin',NULL,'/tool/gen/synchDb/epidemic_drug','127.0.0.1','内网IP','{tableName=epidemic_drug}','{\"msg\":\"操作成功\",\"code\":200}',0,NULL,'2022-05-03 09:12:00'),
(341,'菜单管理',1,'zstu.epidemic.web.controller.system.SysMenuController.add()','POST',1,'admin',NULL,'/system/menu','127.0.0.1','内网IP','{\"visible\":\"0\",\"icon\":\"date\",\"orderNum\":4,\"menuName\":\"数据分析\",\"params\":{},\"parentId\":0,\"isCache\":\"0\",\"path\":\"analysis\",\"createBy\":\"admin\",\"children\":[],\"isFrame\":\"1\",\"menuType\":\"M\",\"status\":\"0\"}','{\"msg\":\"操作成功\",\"code\":200}',0,NULL,'2022-05-03 09:45:01'),
(342,'菜单管理',1,'zstu.epidemic.web.controller.system.SysMenuController.add()','POST',1,'admin',NULL,'/system/menu','127.0.0.1','内网IP','{\"visible\":\"0\",\"icon\":\"bug\",\"orderNum\":1,\"menuName\":\"疾病总死亡率分析\",\"params\":{},\"parentId\":2398,\"isCache\":\"0\",\"path\":\"illness_death\",\"component\":\"/analysis/illness_death/index\",\"createBy\":\"admin\",\"children\":[],\"isFrame\":\"1\",\"menuType\":\"C\",\"status\":\"0\"}','{\"msg\":\"操作成功\",\"code\":200}',0,NULL,'2022-05-03 09:47:50'),
(343,'菜单管理',1,'zstu.epidemic.web.controller.system.SysMenuController.add()','POST',1,'admin',NULL,'/system/menu','127.0.0.1','内网IP','{\"visible\":\"0\",\"icon\":\"excel\",\"orderNum\":2,\"menuName\":\"疾病地区密度分析\",\"params\":{},\"parentId\":2398,\"isCache\":\"0\",\"path\":\"illness_region\",\"component\":\"/analysis/illness_region/index\",\"createBy\":\"admin\",\"children\":[],\"isFrame\":\"1\",\"menuType\":\"C\",\"status\":\"0\"}','{\"msg\":\"操作成功\",\"code\":200}',0,NULL,'2022-05-03 09:51:21'),
(344,'菜单管理',2,'zstu.epidemic.web.controller.system.SysMenuController.edit()','PUT',1,'admin',NULL,'/system/menu','127.0.0.1','内网IP','{\"visible\":\"0\",\"icon\":\"date\",\"orderNum\":3,\"menuName\":\"数据分析\",\"params\":{},\"parentId\":0,\"isCache\":\"0\",\"path\":\"analysis\",\"children\":[],\"createTime\":1651542301000,\"updateBy\":\"admin\",\"isFrame\":\"1\",\"menuId\":2398,\"menuType\":\"M\",\"perms\":\"\",\"status\":\"0\"}','{\"msg\":\"操作成功\",\"code\":200}',0,NULL,'2022-05-03 09:58:20'),
(345,'菜单管理',2,'zstu.epidemic.web.controller.system.SysMenuController.edit()','PUT',1,'admin',NULL,'/system/menu','127.0.0.1','内网IP','{\"visible\":\"0\",\"icon\":\"date\",\"orderNum\":2,\"menuName\":\"数据分析\",\"params\":{},\"parentId\":0,\"isCache\":\"0\",\"path\":\"analysis\",\"children\":[],\"createTime\":1651542301000,\"updateBy\":\"admin\",\"isFrame\":\"1\",\"menuId\":2398,\"menuType\":\"M\",\"perms\":\"\",\"status\":\"0\"}','{\"msg\":\"操作成功\",\"code\":200}',0,NULL,'2022-05-03 09:59:01'),
(346,'菜单管理',2,'zstu.epidemic.web.controller.system.SysMenuController.edit()','PUT',1,'admin',NULL,'/system/menu','127.0.0.1','内网IP','{\"visible\":\"0\",\"icon\":\"date\",\"orderNum\":1,\"menuName\":\"数据分析\",\"params\":{},\"parentId\":0,\"isCache\":\"0\",\"path\":\"analysis\",\"children\":[],\"createTime\":1651542301000,\"updateBy\":\"admin\",\"isFrame\":\"1\",\"menuId\":2398,\"menuType\":\"M\",\"perms\":\"\",\"status\":\"0\"}','{\"msg\":\"操作成功\",\"code\":200}',0,NULL,'2022-05-03 09:59:18'),
(347,'菜单管理',1,'zstu.epidemic.web.controller.system.SysMenuController.add()','POST',1,'admin',NULL,'/system/menu','127.0.0.1','内网IP','{\"visible\":\"0\",\"icon\":\"documentation\",\"orderNum\":3,\"menuName\":\"疾病患者身体数据分析\",\"params\":{},\"parentId\":2,\"isCache\":\"0\",\"path\":\"illness_patient\",\"component\":\"analysis/illness_patient/index\",\"createBy\":\"admin\",\"children\":[],\"isFrame\":\"1\",\"menuType\":\"C\",\"status\":\"0\"}','{\"msg\":\"操作成功\",\"code\":200}',0,NULL,'2022-05-03 10:08:03'),
(348,'菜单管理',1,'zstu.epidemic.web.controller.system.SysMenuController.add()','POST',1,'admin',NULL,'/system/menu','127.0.0.1','内网IP','{\"visible\":\"0\",\"icon\":\"number\",\"orderNum\":4,\"menuName\":\"疾病治愈时间分析\",\"params\":{},\"parentId\":2398,\"isCache\":\"0\",\"path\":\"illness_cureTime\",\"component\":\"analysis/illness_cureTime/index\",\"createBy\":\"admin\",\"children\":[],\"isFrame\":\"1\",\"menuType\":\"C\",\"status\":\"0\"}','{\"msg\":\"操作成功\",\"code\":200}',0,NULL,'2022-05-03 10:09:49'),
(349,'菜单管理',1,'zstu.epidemic.web.controller.system.SysMenuController.add()','POST',1,'admin',NULL,'/system/menu','127.0.0.1','内网IP','{\"visible\":\"0\",\"icon\":\"education\",\"orderNum\":3,\"menuName\":\"疾病患者身体状况分析\",\"params\":{},\"parentId\":2398,\"isCache\":\"0\",\"path\":\"illness_patient\",\"component\":\"analysis/illness_patient/index\",\"createBy\":\"admin\",\"children\":[],\"isFrame\":\"1\",\"menuType\":\"C\",\"status\":\"0\"}','{\"msg\":\"操作成功\",\"code\":200}',0,NULL,'2022-05-03 10:11:02'),
(350,'菜单管理',3,'zstu.epidemic.web.controller.system.SysMenuController.remove()','DELETE',1,'admin',NULL,'/system/menu/2401','127.0.0.1','内网IP','{menuId=2401}','{\"msg\":\"操作成功\",\"code\":200}',0,NULL,'2022-05-03 10:11:09'),
(351,'代码生成',2,'zstu.epidemic.generator.controller.GenController.synchDb()','GET',1,'admin',NULL,'/tool/gen/synchDb/epidemic_complication','127.0.0.1','内网IP','{tableName=epidemic_complication}','{\"msg\":\"操作成功\",\"code\":200}',0,NULL,'2022-05-04 07:05:04'),
(352,'代码生成',2,'zstu.epidemic.generator.controller.GenController.synchDb()','GET',1,'admin',NULL,'/tool/gen/synchDb/epidemic_complication','127.0.0.1','内网IP','{tableName=epidemic_complication}','{\"msg\":\"操作成功\",\"code\":200}',0,NULL,'2022-05-04 07:05:52'),
(353,'代码生成',2,'zstu.epidemic.generator.controller.GenController.synchDb()','GET',1,'admin',NULL,'/tool/gen/synchDb/epidemic_sequelae','127.0.0.1','内网IP','{tableName=epidemic_sequelae}','{\"msg\":\"操作成功\",\"code\":200}',0,NULL,'2022-05-04 07:06:57'),
(354,'代码生成',2,'zstu.epidemic.generator.controller.GenController.editSave()','PUT',1,'admin',NULL,'/tool/gen','127.0.0.1','内网IP','{\"sub\":false,\"subTableName\":\"\",\"functionAuthor\":\"iwan\",\"columns\":[{\"capJavaField\":\"InfectCompId\",\"usableColumn\":false,\"columnId\":222,\"isIncrement\":\"1\",\"increment\":true,\"insert\":true,\"required\":false,\"superColumn\":false,\"isInsert\":\"1\",\"javaField\":\"infectCompId\",\"htmlType\":\"input\",\"edit\":false,\"query\":false,\"columnComment\":\"传染病并发症关联id\",\"updateTime\":1651619152000,\"sort\":1,\"list\":false,\"params\":{},\"javaType\":\"Long\",\"queryType\":\"EQ\",\"columnType\":\"bigint\",\"createBy\":\"\",\"isPk\":\"1\",\"createTime\":1651619104000,\"tableId\":6,\"pk\":true,\"columnName\":\"infect_comp_id\"},{\"capJavaField\":\"InfectiousId\",\"usableColumn\":false,\"columnId\":54,\"isIncrement\":\"0\",\"increment\":false,\"insert\":true,\"isList\":\"1\",\"required\":true,\"superColumn\":false,\"isInsert\":\"1\",\"isRequired\":\"1\",\"javaField\":\"infectiousId\",\"htmlType\":\"input\",\"edit\":true,\"query\":true,\"columnComment\":\"传染病id（引发）\",\"isQuery\":\"1\",\"updateTime\":1651619152000,\"sort\":2,\"list\":true,\"params\":{},\"javaType\":\"Long\",\"queryType\":\"EQ\",\"columnType\":\"bigint\",\"createBy\":\"admin\",\"isPk\":\"0\",\"createTime\":1650715655000,\"isEdit\":\"1\",\"tableId\":6,\"pk\":false,\"columnName\":\"infectious_id\"},{\"capJavaField\":\"ComplicationId\",\"usableColumn\":false,\"columnId\":53,\"isIncrement\":\"0\",\"increment\":false,\"insert\":true,\"isList\":\"1\",\"required\":true,\"superColumn\":false,\"isInsert\":\"1\",\"isRequired\":\"1\",\"javaField\":\"complicationId\",\"htmlType\":\"input\",\"edit\":true,\"query\":true,\"columnComment\":\"并发症id\",\"isQuery\":\"1\",\"updateTime\":1651619152000,\"sort\":3,\"list\":true,\"params\":{},\"javaType\":\"Long\",\"queryType\":\"EQ\",\"columnType\":\"bigint\",\"createBy\":\"admin\",\"isPk\":\"1\",\"createTime\":1650715655000,\"isEdit\":\"1\",\"tableId\":6,\"pk\":true,\"columnName\":\"complication_id\"}],\"businessName\":\"complication\",\"moduleName\":\"illness\",\"className\":\"EpidemicComplication\",\"tableName\":\"epidemic_complication\",\"crud\":true,\"options\":\"{\\\"parentMenuId\\\":\\\"2001\\\"}\",\"subTableFkName\":\"\",\"genType\":\"0\",\"packageName\":\"zstu.epidemic.illness\",\"functionName\":\"并发症管理\",\"tree\":false,\"tableComment\":\"并发症管理\",\"params\":{\"parentMenuId\":\"2001\"}','{\"msg\":\"操作成功\",\"code\":200}',0,NULL,'2022-05-04 07:07:45'),
(355,'代码生成',2,'zstu.epidemic.generator.controller.GenController.synchDb()','GET',1,'admin',NULL,'/tool/gen/synchDb/epidemic_complication','127.0.0.1','内网IP','{tableName=epidemic_complication}','{\"msg\":\"操作成功\",\"code\":200}',0,NULL,'2022-05-04 07:12:32'),
(356,'代码生成',2,'zstu.epidemic.generator.controller.GenController.synchDb()','GET',1,'admin',NULL,'/tool/gen/synchDb/epidemic_case_hospital','127.0.0.1','内网IP','{tableName=epidemic_case_hospital}','{\"msg\":\"操作成功\",\"code\":200}',0,NULL,'2022-05-04 07:13:10'),
(357,'代码生成',2,'zstu.epidemic.generator.controller.GenController.synchDb()','GET',1,'admin',NULL,'/tool/gen/synchDb/epidemic_complication','127.0.0.1','内网IP','{tableName=epidemic_complication}','{\"msg\":\"操作成功\",\"code\":200}',0,NULL,'2022-05-04 07:13:15'),
(358,'代码生成',2,'zstu.epidemic.generator.controller.GenController.synchDb()','GET',1,'admin',NULL,'/tool/gen/synchDb/epidemic_complication','127.0.0.1','内网IP','{tableName=epidemic_complication}','{\"msg\":\"操作成功\",\"code\":200}',0,NULL,'2022-05-04 07:13:53'),
(359,'代码生成',2,'zstu.epidemic.generator.controller.GenController.synchDb()','GET',1,'admin',NULL,'/tool/gen/synchDb/epidemic_case','127.0.0.1','内网IP','{tableName=epidemic_case}','{\"msg\":\"操作成功\",\"code\":200}',0,NULL,'2022-05-04 07:18:24'),
(360,'代码生成',2,'zstu.epidemic.generator.controller.GenController.synchDb()','GET',1,'admin',NULL,'/tool/gen/synchDb/epidemic_case_hospital','127.0.0.1','内网IP','{tableName=epidemic_case_hospital}','{\"msg\":\"操作成功\",\"code\":200}',0,NULL,'2022-05-04 07:18:25'),
(361,'代码生成',2,'zstu.epidemic.generator.controller.GenController.synchDb()','GET',1,'admin',NULL,'/tool/gen/synchDb/epidemic_category','127.0.0.1','内网IP','{tableName=epidemic_category}','{\"msg\":\"操作成功\",\"code\":200}',0,NULL,'2022-05-04 07:18:27'),
(362,'代码生成',2,'zstu.epidemic.generator.controller.GenController.synchDb()','GET',1,'admin',NULL,'/tool/gen/synchDb/epidemic_company','127.0.0.1','内网IP','{tableName=epidemic_company}','{\"msg\":\"操作成功\",\"code\":200}',0,NULL,'2022-05-04 07:18:29'),
(363,'代码生成',2,'zstu.epidemic.generator.controller.GenController.synchDb()','GET',1,'admin',NULL,'/tool/gen/synchDb/epidemic_complication','127.0.0.1','内网IP','{tableName=epidemic_complication}','{\"msg\":\"操作成功\",\"code\":200}',0,NULL,'2022-05-04 07:18:31'),
(364,'代码生成',2,'zstu.epidemic.generator.controller.GenController.synchDb()','GET',1,'admin',NULL,'/tool/gen/synchDb/epidemic_drug','127.0.0.1','内网IP','{tableName=epidemic_drug}','{\"msg\":\"操作成功\",\"code\":200}',0,NULL,'2022-05-04 07:18:34'),
(365,'代码生成',2,'zstu.epidemic.generator.controller.GenController.synchDb()','GET',1,'admin',NULL,'/tool/gen/synchDb/epidemic_region','127.0.0.1','内网IP','{tableName=epidemic_region}','{\"msg\":\"操作成功\",\"code\":200}',0,NULL,'2022-05-04 07:18:36'),
(366,'代码生成',2,'zstu.epidemic.generator.controller.GenController.synchDb()','GET',1,'admin',NULL,'/tool/gen/synchDb/epidemic_sequelae','127.0.0.1','内网IP','{tableName=epidemic_sequelae}','{\"msg\":\"操作成功\",\"code\":200}',0,NULL,'2022-05-04 07:18:38'),
(367,'代码生成',2,'zstu.epidemic.generator.controller.GenController.synchDb()','GET',1,'admin',NULL,'/tool/gen/synchDb/epidemic_transmission','127.0.0.1','内网IP','{tableName=epidemic_transmission}','{\"msg\":\"操作成功\",\"code\":200}',0,NULL,'2022-05-04 07:18:39'),
(368,'代码生成',2,'zstu.epidemic.generator.controller.GenController.synchDb()','GET',1,'admin',NULL,'/tool/gen/synchDb/epidemic_expert','127.0.0.1','内网IP','{tableName=epidemic_expert}','{\"msg\":\"操作成功\",\"code\":200}',0,NULL,'2022-05-04 07:18:43'),
(369,'代码生成',2,'zstu.epidemic.generator.controller.GenController.synchDb()','GET',1,'admin',NULL,'/tool/gen/synchDb/epidemic_factory','127.0.0.1','内网IP','{tableName=epidemic_factory}','{\"msg\":\"操作成功\",\"code\":200}',0,NULL,'2022-05-04 07:18:45'),
(370,'代码生成',2,'zstu.epidemic.generator.controller.GenController.synchDb()','GET',1,'admin',NULL,'/tool/gen/synchDb/epidemic_hospital','127.0.0.1','内网IP','{tableName=epidemic_hospital}','{\"msg\":\"操作成功\",\"code\":200}',0,NULL,'2022-05-04 07:18:47'),
(371,'代码生成',2,'zstu.epidemic.generator.controller.GenController.synchDb()','GET',1,'admin',NULL,'/tool/gen/synchDb/epidemic_illness','127.0.0.1','内网IP','{tableName=epidemic_illness}','{\"msg\":\"操作成功\",\"code\":200}',0,NULL,'2022-05-04 07:18:49'),
(372,'代码生成',2,'zstu.epidemic.generator.controller.GenController.synchDb()','GET',1,'admin',NULL,'/tool/gen/synchDb/epidemic_illness_trans','127.0.0.1','内网IP','{tableName=epidemic_illness_trans}','{\"msg\":\"操作成功\",\"code\":200}',0,NULL,'2022-05-04 07:18:50'),
(373,'代码生成',2,'zstu.epidemic.generator.controller.GenController.synchDb()','GET',1,'admin',NULL,'/tool/gen/synchDb/epidemic_passage','127.0.0.1','内网IP','{tableName=epidemic_passage}','{\"msg\":\"操作成功\",\"code\":200}',0,NULL,'2022-05-04 07:18:52'),
(374,'代码生成',2,'zstu.epidemic.generator.controller.GenController.synchDb()','GET',1,'admin',NULL,'/tool/gen/synchDb/epidemic_passage_content','127.0.0.1','内网IP','{tableName=epidemic_passage_content}','{\"msg\":\"操作成功\",\"code\":200}',0,NULL,'2022-05-04 07:18:54'),
(375,'代码生成',2,'zstu.epidemic.generator.controller.GenController.synchDb()','GET',1,'admin',NULL,'/tool/gen/synchDb/epidemic_passage_illness','127.0.0.1','内网IP','{tableName=epidemic_passage_illness}','{\"msg\":\"操作成功\",\"code\":200}',0,NULL,'2022-05-04 07:18:56'),
(376,'代码生成',2,'zstu.epidemic.generator.controller.GenController.synchDb()','GET',1,'admin',NULL,'/tool/gen/synchDb/epidemic_patient','127.0.0.1','内网IP','{tableName=epidemic_patient}','{\"msg\":\"操作成功\",\"code\":200}',0,NULL,'2022-05-04 07:18:58'),
(377,'代码生成',2,'zstu.epidemic.generator.controller.GenController.synchDb()','GET',1,'admin',NULL,'/tool/gen/synchDb/epidemic_drug_company','127.0.0.1','内网IP','{tableName=epidemic_drug_company}','{\"msg\":\"操作成功\",\"code\":200}',0,NULL,'2022-05-04 07:19:03'),
(378,'代码生成',2,'zstu.epidemic.generator.controller.GenController.synchDb()','GET',1,'admin',NULL,'/tool/gen/synchDb/epidemic_drug_factory','127.0.0.1','内网IP','{tableName=epidemic_drug_factory}','{\"msg\":\"操作成功\",\"code\":200}',0,NULL,'2022-05-04 07:19:04'),
(379,'代码生成',2,'zstu.epidemic.generator.controller.GenController.synchDb()','GET',1,'admin',NULL,'/tool/gen/synchDb/epidemic_patient_history','127.0.0.1','内网IP','{tableName=epidemic_patient_history}','{\"msg\":\"操作成功\",\"code\":200}',0,NULL,'2022-05-04 07:19:08'),
(380,'代码生成',2,'zstu.epidemic.generator.controller.GenController.synchDb()','GET',1,'admin',NULL,'/tool/gen/synchDb/epidemic_drug_illness','127.0.0.1','内网IP','{tableName=epidemic_drug_illness}','{\"msg\":\"操作成功\",\"code\":200}',0,NULL,'2022-05-04 07:19:09'),
(381,'代码生成',2,'zstu.epidemic.generator.controller.GenController.editSave()','PUT',1,'admin',NULL,'/tool/gen','127.0.0.1','内网IP','{\"sub\":false,\"functionAuthor\":\"iwan\",\"columns\":[{\"capJavaField\":\"IllnessTransId\",\"usableColumn\":false,\"columnId\":227,\"isIncrement\":\"0\",\"increment\":false,\"insert\":true,\"dictType\":\"\",\"required\":false,\"superColumn\":false,\"updateBy\":\"\",\"isInsert\":\"1\",\"javaField\":\"illnessTransId\",\"htmlType\":\"input\",\"edit\":false,\"query\":false,\"columnComment\":\"疾病传染方式id\",\"sort\":1,\"list\":false,\"params\":{},\"javaType\":\"Long\",\"queryType\":\"EQ\",\"columnType\":\"bigint(20) unsigned zerofill\",\"createBy\":\"\",\"isPk\":\"1\",\"createTime\":1651619930000,\"tableId\":18,\"pk\":true,\"columnName\":\"illness_trans_id\"},{\"capJavaField\":\"TransId\",\"usableColumn\":false,\"columnId\":165,\"isIncrement\":\"1\",\"increment\":true,\"insert\":true,\"isList\":\"1\",\"required\":false,\"superColumn\":false,\"isInsert\":\"1\",\"javaField\":\"transId\",\"htmlType\":\"input\",\"edit\":true,\"query\":true,\"columnComment\":\"传播方式id\",\"isQuery\":\"1\",\"updateTime\":1651619930000,\"sort\":2,\"list\":true,\"params\":{},\"javaType\":\"Long\",\"queryType\":\"EQ\",\"columnType\":\"bigint\",\"createBy\":\"admin\",\"isPk\":\"1\",\"createTime\":1650715671000,\"isEdit\":\"1\",\"tableId\":18,\"pk\":true,\"columnName\":\"trans_id\"},{\"capJavaField\":\"IllId\",\"usableColumn\":false,\"columnId\":228,\"isIncrement\":\"0\",\"increment\":false,\"insert\":true,\"isList\":\"1\",\"dictType\":\"\",\"required\":false,\"superColumn\":false,\"updateBy\":\"\",\"isInsert\":\"1\",\"javaField\":\"illId\",\"htmlType\":\"input\",\"edit\":true,\"query\":true,\"columnComment\":\"疾病id\",\"isQuery\":\"1\",\"sort\":3,\"list\":true,\"params\":{},\"javaType\":\"Long\",\"queryType\":\"EQ\",\"columnType\":\"bigint\",\"createBy\":\"\",\"isPk\":\"1\",\"createTime\":1651619930000,\"isEdit\":\"1\",\"tableId\":18,\"pk\":true,\"columnName\":\"ill_id\"}],\"businessName\":\"illness_trans\",\"moduleName\":\"illness\",\"className\":\"EpidemicIllnessTrans\",\"tableName\":\"epidemic_illness_trans\",\"crud\":true,\"options\":\"{\\\"parentMenuId\\\":\\\"2001\\\"}\",\"genType\":\"0\",\"packageName\":\"zstu.epidemic.illness\",\"functionName\":\"疾病传播方式\",\"tree\":false,\"tableComment\":\"疾病传播方式\",\"params\":{\"parentMenuId\":\"2001\"},\"tplCategory\":\"crud\",\"parentMenuId\":\"2001\",\"tableId\":18,\"genPath\":\"/\"}','{\"msg\":\"操作成功\",\"code\":200}',0,NULL,'2022-05-04 07:21:04'),
(382,'代码生成',2,'zstu.epidemic.generator.controller.GenController.synchDb()','GET',1,'admin',NULL,'/tool/gen/synchDb/epidemic_illness_trans','127.0.0.1','内网IP','{tableName=epidemic_illness_trans}','{\"msg\":\"操作成功\",\"code\":200}',0,NULL,'2022-05-04 07:21:49'),
(383,'代码生成',2,'zstu.epidemic.generator.controller.GenController.synchDb()','GET',1,'admin',NULL,'/tool/gen/synchDb/epidemic_illness_trans','127.0.0.1','内网IP','{tableName=epidemic_illness_trans}','{\"msg\":\"操作成功\",\"code\":200}',0,NULL,'2022-05-04 07:22:41'),
(384,'代码生成',2,'zstu.epidemic.generator.controller.GenController.synchDb()','GET',1,'admin',NULL,'/tool/gen/synchDb/epidemic_illness_trans','127.0.0.1','内网IP','{tableName=epidemic_illness_trans}','{\"msg\":\"操作成功\",\"code\":200}',0,NULL,'2022-05-04 07:23:16'),
(385,'代码生成',2,'zstu.epidemic.generator.controller.GenController.editSave()','PUT',1,'admin',NULL,'/tool/gen','127.0.0.1','内网IP','{\"sub\":false,\"subTableName\":\"\",\"functionAuthor\":\"iwan\",\"columns\":[{\"capJavaField\":\"ContentId\",\"usableColumn\":false,\"columnId\":178,\"isIncrement\":\"1\",\"increment\":true,\"insert\":true,\"required\":false,\"superColumn\":false,\"isInsert\":\"1\",\"javaField\":\"contentId\",\"htmlType\":\"input\",\"edit\":false,\"query\":false,\"columnComment\":\"文章内容id\",\"updateTime\":1651619933000,\"sort\":1,\"list\":false,\"params\":{},\"javaType\":\"Long\",\"queryType\":\"EQ\",\"columnType\":\"bigint\",\"createBy\":\"admin\",\"isPk\":\"1\",\"createTime\":1650715671000,\"tableId\":20,\"pk\":true,\"columnName\":\"content_id\"},{\"capJavaField\":\"Content\",\"usableColumn\":false,\"columnId\":179,\"isIncrement\":\"0\",\"increment\":false,\"insert\":true,\"isList\":\"1\",\"dictType\":\"\",\"required\":true,\"superColumn\":false,\"isInsert\":\"1\",\"isRequired\":\"1\",\"javaField\":\"content\",\"htmlType\":\"editor\",\"edit\":true,\"query\":true,\"columnComment\":\"文章内容\",\"isQuery\":\"1\",\"updateTime\":1651619933000,\"sort\":2,\"list\":true,\"params\":{},\"javaType\":\"String\",\"queryType\":\"EQ\",\"columnType\":\"text\",\"createBy\":\"admin\",\"isPk\":\"0\",\"createTime\":1650715671000,\"isEdit\":\"1\",\"tableId\":20,\"pk\":false,\"columnName\":\"content\"},{\"capJavaField\":\"IsDelete\",\"usableColumn\":false,\"columnId\":180,\"isIncrement\":\"0\",\"increment\":false,\"insert\":true,\"isList\":\"1\",\"dictType\":\"\",\"required\":false,\"superColumn\":false,\"isInsert\":\"1\",\"javaField\":\"isDelete\",\"htmlType\":\"input\",\"edit\":true,\"query\":true,\"columnComment\":\"删除标志（0代表存在 1代表删除）\",\"isQuery\":\"1\",\"updateTime\":1651619933000,\"sort\":3,\"list\":true,\"params\":{},\"javaType\":\"Long\",\"queryType\":\"EQ\",\"columnType\":\"tinyint\",\"createBy\":\"admin\",\"isPk\":\"0\",\"createTime\":1650715671000,\"isEdit\":\"1\",\"tableId\":20,\"pk\":false,\"columnName\":\"is_delete\"},{\"capJavaField\":\"CreateTime\",\"usableColumn\":false,\"columnId\":181,\"isIncrement\":\"0\",\"increment\":false,\"insert\":true,\"required\":false,\"superColumn\":true,\"isInsert\":\"1\",\"javaField\":\"createTime\",\"htmlType\":\"datetime\",\"edit\":false,\"query\":false,\"columnComment\":\"创建日期\",\"updateTime\":1651619933000,\"sort\":4,\"list\":false,\"params\":{},\"javaType\":\"Date\",\"queryType\":\"E','{\"msg\":\"操作成功\",\"code\":200}',0,NULL,'2022-05-04 07:24:12'),
(386,'代码生成',2,'zstu.epidemic.generator.controller.GenController.synchDb()','GET',1,'admin',NULL,'/tool/gen/synchDb/epidemic_passage_illness','127.0.0.1','内网IP','{tableName=epidemic_passage_illness}','{\"msg\":\"操作成功\",\"code\":200}',0,NULL,'2022-05-04 07:24:53'),
(387,'代码生成',2,'zstu.epidemic.generator.controller.GenController.synchDb()','GET',1,'admin',NULL,'/tool/gen/synchDb/epidemic_drug_company','127.0.0.1','内网IP','{tableName=epidemic_drug_company}','{\"msg\":\"操作成功\",\"code\":200}',0,NULL,'2022-05-04 07:26:36'),
(388,'代码生成',2,'zstu.epidemic.generator.controller.GenController.synchDb()','GET',1,'admin',NULL,'/tool/gen/synchDb/epidemic_drug_factory','127.0.0.1','内网IP','{tableName=epidemic_drug_factory}','{\"msg\":\"操作成功\",\"code\":200}',0,NULL,'2022-05-04 07:26:37'),
(389,'代码生成',2,'zstu.epidemic.generator.controller.GenController.synchDb()','GET',1,'admin',NULL,'/tool/gen/synchDb/epidemic_drug_illness','127.0.0.1','内网IP','{tableName=epidemic_drug_illness}','{\"msg\":\"操作成功\",\"code\":200}',0,NULL,'2022-05-04 07:26:40'),
(390,'代码生成',2,'zstu.epidemic.generator.controller.GenController.synchDb()','GET',1,'admin',NULL,'/tool/gen/synchDb/epidemic_drug_illness','127.0.0.1','内网IP','{tableName=epidemic_drug_illness}','{\"msg\":\"操作成功\",\"code\":200}',0,NULL,'2022-05-04 07:27:22'),
(391,'代码生成',2,'zstu.epidemic.generator.controller.GenController.editSave()','PUT',1,'admin',NULL,'/tool/gen','127.0.0.1','内网IP','{\"sub\":false,\"functionAuthor\":\"iwan\",\"columns\":[{\"capJavaField\":\"DrugIllnessId\",\"usableColumn\":false,\"columnId\":237,\"isIncrement\":\"1\",\"increment\":true,\"insert\":true,\"required\":false,\"superColumn\":false,\"isInsert\":\"1\",\"javaField\":\"drugIllnessId\",\"htmlType\":\"input\",\"edit\":false,\"query\":false,\"columnComment\":\"药品疾病id\",\"updateTime\":1651620442000,\"sort\":1,\"list\":false,\"params\":{},\"javaType\":\"Long\",\"queryType\":\"EQ\",\"columnType\":\"bigint\",\"createBy\":\"\",\"isPk\":\"1\",\"createTime\":1651619949000,\"tableId\":29,\"pk\":true,\"columnName\":\"drug_illness_id\"},{\"capJavaField\":\"MedicineId\",\"usableColumn\":false,\"columnId\":238,\"isIncrement\":\"0\",\"increment\":false,\"insert\":true,\"isList\":\"1\",\"required\":false,\"superColumn\":false,\"isInsert\":\"1\",\"javaField\":\"medicineId\",\"htmlType\":\"input\",\"edit\":true,\"query\":true,\"columnComment\":\"药物id\",\"isQuery\":\"1\",\"updateTime\":1651620442000,\"sort\":2,\"list\":true,\"params\":{},\"javaType\":\"Long\",\"queryType\":\"EQ\",\"columnType\":\"bigint\",\"createBy\":\"\",\"isPk\":\"1\",\"createTime\":1651619949000,\"isEdit\":\"1\",\"tableId\":29,\"pk\":true,\"columnName\":\"medicine_id\"},{\"capJavaField\":\"InfectId\",\"usableColumn\":false,\"columnId\":244,\"isIncrement\":\"0\",\"increment\":false,\"insert\":true,\"isList\":\"1\",\"required\":false,\"superColumn\":false,\"isInsert\":\"1\",\"javaField\":\"infectId\",\"htmlType\":\"input\",\"edit\":true,\"query\":true,\"columnComment\":\"疾病id\",\"isQuery\":\"1\",\"updateTime\":1651620442000,\"sort\":3,\"list\":true,\"params\":{},\"javaType\":\"Long\",\"queryType\":\"EQ\",\"columnType\":\"bigint\",\"createBy\":\"\",\"isPk\":\"1\",\"createTime\":1651620400000,\"isEdit\":\"1\",\"tableId\":29,\"pk\":true,\"columnName\":\"infect_id\"}],\"businessName\":\"drug_illness\",\"moduleName\":\"illness\",\"className\":\"EpidemicDrugIllness\",\"tableName\":\"epidemic_drug_illness\",\"crud\":true,\"options\":\"{\\\"parentMenuId\\\":\\\"2001\\\"}\",\"genType\":\"0\",\"packageName\":\"zstu.epidemic.illness\",\"functionName\":\"疾病药品\",\"tree\":false,\"tableComment\":\"疾病药品\",\"params\":{\"parentMenuId\":\"2001\"},\"tplCategory\":\"crud\",\"parentMenuId\":\"2001\",\"tableId\":29,\"genPath\":\"/\"}','{\"msg\":\"操作成功\",\"code\":200}',0,NULL,'2022-05-04 07:27:41'),
(392,'代码生成',2,'zstu.epidemic.generator.controller.GenController.synchDb()','GET',1,'admin',NULL,'/tool/gen/synchDb/epidemic_patient_history','127.0.0.1','内网IP','{tableName=epidemic_patient_history}','{\"msg\":\"操作成功\",\"code\":200}',0,NULL,'2022-05-04 07:28:56'),
(393,'代码生成',8,'zstu.epidemic.generator.controller.GenController.batchGenCode()','GET',1,'admin',NULL,'/tool/gen/batchGenCode','127.0.0.1','内网IP','{}',NULL,0,NULL,'2022-05-04 07:29:48'),
(394,'代码生成',8,'zstu.epidemic.generator.controller.GenController.batchGenCode()','GET',1,'admin',NULL,'/tool/gen/batchGenCode','127.0.0.1','内网IP','{}',NULL,0,NULL,'2022-05-04 07:37:52'),
(395,'代码生成',2,'zstu.epidemic.generator.controller.GenController.editSave()','PUT',1,'admin',NULL,'/tool/gen','127.0.0.1','内网IP','{\"sub\":false,\"functionAuthor\":\"iwan\",\"columns\":[{\"capJavaField\":\"PatientHistoryId\",\"usableColumn\":false,\"columnId\":235,\"isIncrement\":\"1\",\"increment\":true,\"insert\":true,\"required\":false,\"superColumn\":false,\"isInsert\":\"1\",\"javaField\":\"patientHistoryId\",\"htmlType\":\"input\",\"edit\":false,\"query\":false,\"columnComment\":\"病史id\",\"updateTime\":1651620536000,\"sort\":1,\"list\":false,\"params\":{},\"javaType\":\"Long\",\"queryType\":\"EQ\",\"columnType\":\"bigint\",\"createBy\":\"\",\"isPk\":\"1\",\"createTime\":1651619947000,\"tableId\":28,\"pk\":true,\"columnName\":\"patient_history_id\"},{\"capJavaField\":\"PatId\",\"usableColumn\":false,\"columnId\":236,\"isIncrement\":\"0\",\"increment\":false,\"insert\":true,\"isList\":\"1\",\"dictType\":\"\",\"required\":true,\"superColumn\":false,\"isInsert\":\"1\",\"isRequired\":\"1\",\"javaField\":\"patId\",\"htmlType\":\"input\",\"edit\":true,\"query\":true,\"columnComment\":\"病人id\",\"isQuery\":\"1\",\"updateTime\":1651620536000,\"sort\":2,\"list\":true,\"params\":{},\"javaType\":\"Long\",\"queryType\":\"EQ\",\"columnType\":\"bigint\",\"createBy\":\"\",\"isPk\":\"0\",\"createTime\":1651619947000,\"isEdit\":\"1\",\"tableId\":28,\"pk\":false,\"columnName\":\"pat_id\"},{\"capJavaField\":\"DiseaseId\",\"usableColumn\":false,\"columnId\":245,\"isIncrement\":\"0\",\"increment\":false,\"insert\":true,\"isList\":\"1\",\"dictType\":\"\",\"required\":true,\"superColumn\":false,\"updateBy\":\"\",\"isInsert\":\"1\",\"isRequired\":\"1\",\"javaField\":\"diseaseId\",\"htmlType\":\"input\",\"edit\":true,\"query\":true,\"columnComment\":\"病id（病史未登记）\",\"isQuery\":\"1\",\"sort\":3,\"list\":true,\"params\":{},\"javaType\":\"Long\",\"queryType\":\"EQ\",\"columnType\":\"bigint\",\"createBy\":\"\",\"isPk\":\"0\",\"createTime\":1651620536000,\"isEdit\":\"1\",\"tableId\":28,\"pk\":false,\"columnName\":\"disease_id\"}],\"businessName\":\"history\",\"moduleName\":\"cases\",\"className\":\"EpidemicPatientHistory\",\"tableName\":\"epidemic_patient_history\",\"crud\":true,\"options\":\"{\\\"parentMenuId\\\":\\\"2000\\\"}\",\"genType\":\"0\",\"packageName\":\"zstu.epidemic.cases\",\"functionName\":\"病史管理\",\"tree\":false,\"tableComment\":\"病史管理\",\"params\":{\"parentMenuId\":\"2000\"},\"tplCategory\":\"crud\",\"parentMenuId\":\"2000\",\"tableId\":28,\"genPa','{\"msg\":\"操作成功\",\"code\":200}',0,NULL,'2022-05-04 07:42:38'),
(396,'代码生成',2,'zstu.epidemic.generator.controller.GenController.synchDb()','GET',1,'admin',NULL,'/tool/gen/synchDb/epidemic_patient_history','127.0.0.1','内网IP','{tableName=epidemic_patient_history}','{\"msg\":\"操作成功\",\"code\":200}',0,NULL,'2022-05-04 07:42:42'),
(397,'代码生成',8,'zstu.epidemic.generator.controller.GenController.batchGenCode()','GET',1,'admin',NULL,'/tool/gen/batchGenCode','127.0.0.1','内网IP','{}',NULL,0,NULL,'2022-05-04 07:42:43'),
(398,'代码生成',2,'zstu.epidemic.generator.controller.GenController.synchDb()','GET',1,'admin',NULL,'/tool/gen/synchDb/epidemic_drug_illness','127.0.0.1','内网IP','{tableName=epidemic_drug_illness}','{\"msg\":\"操作成功\",\"code\":200}',0,NULL,'2022-05-04 07:46:57'),
(399,'代码生成',2,'zstu.epidemic.generator.controller.GenController.synchDb()','GET',1,'admin',NULL,'/tool/gen/synchDb/epidemic_drug_illness','127.0.0.1','内网IP','{tableName=epidemic_drug_illness}','{\"msg\":\"操作成功\",\"code\":200}',0,NULL,'2022-05-04 07:47:28'),
(400,'代码生成',2,'zstu.epidemic.generator.controller.GenController.synchDb()','GET',1,'admin',NULL,'/tool/gen/synchDb/epidemic_drug_illness','127.0.0.1','内网IP','{tableName=epidemic_drug_illness}','{\"msg\":\"操作成功\",\"code\":200}',0,NULL,'2022-05-04 07:47:59'),
(401,'代码生成',2,'zstu.epidemic.generator.controller.GenController.synchDb()','GET',1,'admin',NULL,'/tool/gen/synchDb/epidemic_drug_illness','127.0.0.1','内网IP','{tableName=epidemic_drug_illness}','{\"msg\":\"操作成功\",\"code\":200}',0,NULL,'2022-05-04 07:49:02'),
(402,'代码生成',2,'zstu.epidemic.generator.controller.GenController.editSave()','PUT',1,'admin',NULL,'/tool/gen','127.0.0.1','内网IP','{\"sub\":false,\"functionAuthor\":\"iwan\",\"columns\":[{\"capJavaField\":\"DrugIllnessId\",\"usableColumn\":false,\"columnId\":237,\"isIncrement\":\"1\",\"increment\":true,\"insert\":true,\"required\":false,\"superColumn\":false,\"isInsert\":\"1\",\"javaField\":\"drugIllnessId\",\"htmlType\":\"input\",\"edit\":false,\"query\":false,\"columnComment\":\"药品疾病id\",\"updateTime\":1651621742000,\"sort\":1,\"list\":false,\"params\":{},\"javaType\":\"Long\",\"queryType\":\"EQ\",\"columnType\":\"bigint\",\"createBy\":\"\",\"isPk\":\"1\",\"createTime\":1651619949000,\"tableId\":29,\"pk\":true,\"columnName\":\"drug_illness_id\"},{\"capJavaField\":\"InfectId\",\"usableColumn\":false,\"columnId\":244,\"isIncrement\":\"0\",\"increment\":false,\"insert\":true,\"isList\":\"1\",\"required\":true,\"superColumn\":false,\"isInsert\":\"1\",\"isRequired\":\"1\",\"javaField\":\"infectId\",\"htmlType\":\"input\",\"edit\":true,\"query\":true,\"columnComment\":\"疾病id\",\"isQuery\":\"1\",\"updateTime\":1651621742000,\"sort\":2,\"list\":true,\"params\":{},\"javaType\":\"Long\",\"queryType\":\"EQ\",\"columnType\":\"bigint\",\"createBy\":\"\",\"isPk\":\"1\",\"createTime\":1651620400000,\"isEdit\":\"1\",\"tableId\":29,\"pk\":true,\"columnName\":\"infect_id\"},{\"capJavaField\":\"MedicineId\",\"usableColumn\":false,\"columnId\":238,\"isIncrement\":\"0\",\"increment\":false,\"insert\":true,\"isList\":\"1\",\"required\":true,\"superColumn\":false,\"isInsert\":\"1\",\"isRequired\":\"1\",\"javaField\":\"medicineId\",\"htmlType\":\"input\",\"edit\":true,\"query\":true,\"columnComment\":\"药物id\",\"isQuery\":\"1\",\"updateTime\":1651621742000,\"sort\":3,\"list\":true,\"params\":{},\"javaType\":\"Long\",\"queryType\":\"EQ\",\"columnType\":\"bigint\",\"createBy\":\"\",\"isPk\":\"1\",\"createTime\":1651619949000,\"isEdit\":\"1\",\"tableId\":29,\"pk\":true,\"columnName\":\"medicine_id\"}],\"businessName\":\"drug_illness\",\"moduleName\":\"illness\",\"className\":\"EpidemicDrugIllness\",\"tableName\":\"epidemic_drug_illness\",\"crud\":true,\"options\":\"{\\\"parentMenuId\\\":2001}\",\"genType\":\"0\",\"packageName\":\"zstu.epidemic.illness\",\"functionName\":\"疾病药品\",\"tree\":false,\"tableComment\":\"疾病药品\",\"params\":{\"parentMenuId\":2001},\"tplCategory\":\"crud\",\"parentMenuId\":\"2001\",\"tableId\":29,\"genPath\":\"/\"}','{\"msg\":\"操作成功\",\"code\":200}',0,NULL,'2022-05-04 07:53:56'),
(403,'代码生成',2,'zstu.epidemic.generator.controller.GenController.synchDb()','GET',1,'admin',NULL,'/tool/gen/synchDb/epidemic_drug_illness','127.0.0.1','内网IP','{tableName=epidemic_drug_illness}','{\"msg\":\"操作成功\",\"code\":200}',0,NULL,'2022-05-04 07:55:06'),
(404,'代码生成',2,'zstu.epidemic.generator.controller.GenController.editSave()','PUT',1,'admin',NULL,'/tool/gen','127.0.0.1','内网IP','{\"sub\":false,\"functionAuthor\":\"iwan\",\"columns\":[{\"capJavaField\":\"DrugIllnessId\",\"usableColumn\":false,\"columnId\":237,\"isIncrement\":\"1\",\"increment\":true,\"insert\":true,\"required\":false,\"superColumn\":false,\"isInsert\":\"1\",\"javaField\":\"drugIllnessId\",\"htmlType\":\"input\",\"edit\":false,\"query\":false,\"columnComment\":\"药品疾病id\",\"updateTime\":1651622106000,\"sort\":1,\"list\":false,\"params\":{},\"javaType\":\"Long\",\"queryType\":\"EQ\",\"columnType\":\"bigint\",\"createBy\":\"\",\"isPk\":\"1\",\"createTime\":1651619949000,\"tableId\":29,\"pk\":true,\"columnName\":\"drug_illness_id\"},{\"capJavaField\":\"DiseaseId\",\"usableColumn\":false,\"columnId\":246,\"isIncrement\":\"0\",\"increment\":false,\"insert\":true,\"isList\":\"1\",\"dictType\":\"\",\"required\":false,\"superColumn\":false,\"updateBy\":\"\",\"isInsert\":\"1\",\"javaField\":\"diseaseId\",\"htmlType\":\"input\",\"edit\":true,\"query\":true,\"columnComment\":\"疾病id\",\"isQuery\":\"1\",\"sort\":2,\"list\":true,\"params\":{},\"javaType\":\"Long\",\"queryType\":\"EQ\",\"columnType\":\"bigint\",\"createBy\":\"\",\"isPk\":\"0\",\"createTime\":1651622106000,\"isEdit\":\"1\",\"tableId\":29,\"pk\":false,\"columnName\":\"disease_id\"},{\"capJavaField\":\"MedicineId\",\"usableColumn\":false,\"columnId\":238,\"isIncrement\":\"0\",\"increment\":false,\"insert\":true,\"isList\":\"1\",\"required\":true,\"superColumn\":false,\"isInsert\":\"1\",\"isRequired\":\"1\",\"javaField\":\"medicineId\",\"htmlType\":\"input\",\"edit\":true,\"query\":true,\"columnComment\":\"药物id\",\"isQuery\":\"1\",\"updateTime\":1651622106000,\"sort\":3,\"list\":true,\"params\":{},\"javaType\":\"Long\",\"queryType\":\"EQ\",\"columnType\":\"bigint\",\"createBy\":\"\",\"isPk\":\"1\",\"createTime\":1651619949000,\"isEdit\":\"1\",\"tableId\":29,\"pk\":true,\"columnName\":\"medicine_id\"}],\"businessName\":\"drug_illness\",\"moduleName\":\"illness\",\"className\":\"EpidemicDrugIllness\",\"tableName\":\"epidemic_drug_illness\",\"crud\":true,\"options\":\"{\\\"parentMenuId\\\":\\\"2001\\\"}\",\"genType\":\"0\",\"packageName\":\"zstu.epidemic.illness\",\"functionName\":\"疾病药品\",\"tree\":false,\"tableComment\":\"疾病药品\",\"params\":{\"parentMenuId\":\"2001\"},\"tplCategory\":\"crud\",\"parentMenuId\":\"2001\",\"tableId\":29,\"genPath\":\"/\"}','{\"msg\":\"操作成功\",\"code\":200}',0,NULL,'2022-05-04 07:55:14'),
(405,'代码生成',2,'zstu.epidemic.generator.controller.GenController.synchDb()','GET',1,'admin',NULL,'/tool/gen/synchDb/epidemic_drug_illness','127.0.0.1','内网IP','{tableName=epidemic_drug_illness}','{\"msg\":\"操作成功\",\"code\":200}',0,NULL,'2022-05-04 07:55:50'),
(406,'代码生成',8,'zstu.epidemic.generator.controller.GenController.batchGenCode()','GET',1,'admin',NULL,'/tool/gen/batchGenCode','127.0.0.1','内网IP','{}',NULL,0,NULL,'2022-05-04 07:56:10'),
(407,'菜单管理',1,'zstu.epidemic.web.controller.system.SysMenuController.add()','POST',1,'admin',NULL,'/system/menu','127.0.0.1','内网IP','{\"visible\":\"0\",\"icon\":\"log\",\"orderNum\":5,\"menuName\":\"疾病药品查询\",\"params\":{},\"parentId\":2398,\"isCache\":\"0\",\"path\":\"drug\",\"createBy\":\"admin\",\"children\":[],\"isFrame\":\"1\",\"menuType\":\"M\",\"status\":\"0\"}','{\"msg\":\"操作成功\",\"code\":200}',0,NULL,'2022-05-04 08:02:34'),
(408,'菜单管理',2,'zstu.epidemic.web.controller.system.SysMenuController.edit()','PUT',1,'admin',NULL,'/system/menu','127.0.0.1','内网IP','{\"visible\":\"0\",\"icon\":\"log\",\"orderNum\":5,\"menuName\":\"疾病药品查询\",\"params\":{},\"parentId\":2398,\"isCache\":\"0\",\"path\":\"drug_illness\",\"children\":[],\"createTime\":1651622553000,\"updateBy\":\"admin\",\"isFrame\":\"1\",\"menuId\":2404,\"menuType\":\"C\",\"perms\":\"\",\"status\":\"0\"}','{\"msg\":\"操作成功\",\"code\":200}',0,NULL,'2022-05-04 08:02:58'),
(409,'菜单管理',2,'zstu.epidemic.web.controller.system.SysMenuController.edit()','PUT',1,'admin',NULL,'/system/menu','127.0.0.1','内网IP','{\"visible\":\"0\",\"icon\":\"log\",\"orderNum\":5,\"menuName\":\"疾病药品查询\",\"params\":{},\"parentId\":2398,\"isCache\":\"0\",\"path\":\"drug_illness\",\"component\":\"analysis/drug_illness/index\",\"children\":[],\"createTime\":1651622553000,\"updateBy\":\"admin\",\"isFrame\":\"1\",\"menuId\":2404,\"menuType\":\"C\",\"perms\":\"\",\"status\":\"0\"}','{\"msg\":\"操作成功\",\"code\":200}',0,NULL,'2022-05-04 08:03:15'),
(410,'菜单管理',1,'zstu.epidemic.web.controller.system.SysMenuController.add()','POST',1,'admin',NULL,'/system/menu','127.0.0.1','内网IP','{\"visible\":\"0\",\"icon\":\"drag\",\"orderNum\":6,\"menuName\":\"后遗并发查询\",\"params\":{},\"parentId\":2398,\"isCache\":\"0\",\"path\":\"seq_comp\",\"createBy\":\"admin\",\"children\":[],\"isFrame\":\"1\",\"menuType\":\"C\",\"status\":\"0\"}','{\"msg\":\"操作成功\",\"code\":200}',0,NULL,'2022-05-04 08:04:51'),
(411,'菜单管理',2,'zstu.epidemic.web.controller.system.SysMenuController.edit()','PUT',1,'admin',NULL,'/system/menu','127.0.0.1','内网IP','{\"visible\":\"0\",\"icon\":\"drag\",\"orderNum\":6,\"menuName\":\"后遗并发查询\",\"params\":{},\"parentId\":2398,\"isCache\":\"0\",\"path\":\"seq_comp\",\"component\":\"analysis/seq_comp/index\",\"children\":[],\"createTime\":1651622691000,\"updateBy\":\"admin\",\"isFrame\":\"1\",\"menuId\":2405,\"menuType\":\"C\",\"perms\":\"\",\"status\":\"0\"}','{\"msg\":\"操作成功\",\"code\":200}',0,NULL,'2022-05-04 08:05:15'),
(412,'菜单管理',1,'zstu.epidemic.web.controller.system.SysMenuController.add()','POST',1,'admin',NULL,'/system/menu','127.0.0.1','内网IP','{\"visible\":\"0\",\"icon\":\"job\",\"orderNum\":7,\"menuName\":\"患者病史查询\",\"params\":{},\"parentId\":2398,\"isCache\":\"0\",\"path\":\"pat_historty\",\"component\":\"analysis/pat_histortyindex\",\"createBy\":\"admin\",\"children\":[],\"isFrame\":\"1\",\"menuType\":\"C\",\"status\":\"0\"}','{\"msg\":\"操作成功\",\"code\":200}',0,NULL,'2022-05-04 08:07:19'),
(413,'菜单管理',2,'zstu.epidemic.web.controller.system.SysMenuController.edit()','PUT',1,'admin',NULL,'/system/menu','127.0.0.1','内网IP','{\"visible\":\"0\",\"icon\":\"job\",\"orderNum\":7,\"menuName\":\"患者病史查询\",\"params\":{},\"parentId\":2398,\"isCache\":\"0\",\"path\":\"pat_historty\",\"component\":\"analysis/pat_historty/index\",\"children\":[],\"createTime\":1651622839000,\"updateBy\":\"admin\",\"isFrame\":\"1\",\"menuId\":2406,\"menuType\":\"C\",\"perms\":\"\",\"status\":\"0\"}','{\"msg\":\"操作成功\",\"code\":200}',0,NULL,'2022-05-04 09:59:51');

/*Table structure for table `sys_post` */

DROP TABLE IF EXISTS `sys_post`;

CREATE TABLE `sys_post` (
  `post_id` bigint NOT NULL AUTO_INCREMENT COMMENT '岗位ID',
  `post_code` varchar(64) NOT NULL COMMENT '岗位编码',
  `post_name` varchar(50) NOT NULL COMMENT '岗位名称',
  `post_sort` int NOT NULL COMMENT '显示顺序',
  `status` char(1) NOT NULL COMMENT '状态（0正常 1停用）',
  `create_by` varchar(64) DEFAULT '' COMMENT '创建者',
  `create_time` datetime DEFAULT NULL COMMENT '创建时间',
  `update_by` varchar(64) DEFAULT '' COMMENT '更新者',
  `update_time` datetime DEFAULT NULL COMMENT '更新时间',
  `remark` varchar(500) DEFAULT NULL COMMENT '备注',
  PRIMARY KEY (`post_id`)
) ENGINE=InnoDB AUTO_INCREMENT=5 DEFAULT CHARSET=utf8mb4 COLLATE=utf8mb4_0900_ai_ci COMMENT='岗位信息表';

/*Data for the table `sys_post` */

insert  into `sys_post`(`post_id`,`post_code`,`post_name`,`post_sort`,`status`,`create_by`,`create_time`,`update_by`,`update_time`,`remark`) values 
(1,'ceo','董事长',1,'0','admin','2022-03-31 22:59:02','',NULL,''),
(2,'se','项目经理',2,'0','admin','2022-03-31 22:59:02','',NULL,''),
(3,'hr','人力资源',3,'0','admin','2022-03-31 22:59:02','',NULL,''),
(4,'user','普通员工',4,'0','admin','2022-03-31 22:59:02','',NULL,'');

/*Table structure for table `sys_role` */

DROP TABLE IF EXISTS `sys_role`;

CREATE TABLE `sys_role` (
  `role_id` bigint NOT NULL AUTO_INCREMENT COMMENT '角色ID',
  `role_name` varchar(30) NOT NULL COMMENT '角色名称',
  `role_key` varchar(100) NOT NULL COMMENT '角色权限字符串',
  `role_sort` int NOT NULL COMMENT '显示顺序',
  `data_scope` char(1) DEFAULT '1' COMMENT '数据范围（1：全部数据权限 2：自定数据权限 3：本部门数据权限 4：本部门及以下数据权限）',
  `menu_check_strictly` tinyint(1) DEFAULT '1' COMMENT '菜单树选择项是否关联显示',
  `dept_check_strictly` tinyint(1) DEFAULT '1' COMMENT '部门树选择项是否关联显示',
  `status` char(1) NOT NULL COMMENT '角色状态（0正常 1停用）',
  `del_flag` char(1) DEFAULT '0' COMMENT '删除标志（0代表存在 2代表删除）',
  `create_by` varchar(64) DEFAULT '' COMMENT '创建者',
  `create_time` datetime DEFAULT NULL COMMENT '创建时间',
  `update_by` varchar(64) DEFAULT '' COMMENT '更新者',
  `update_time` datetime DEFAULT NULL COMMENT '更新时间',
  `remark` varchar(500) DEFAULT NULL COMMENT '备注',
  PRIMARY KEY (`role_id`)
) ENGINE=InnoDB AUTO_INCREMENT=100 DEFAULT CHARSET=utf8mb4 COLLATE=utf8mb4_0900_ai_ci COMMENT='角色信息表';

/*Data for the table `sys_role` */

insert  into `sys_role`(`role_id`,`role_name`,`role_key`,`role_sort`,`data_scope`,`menu_check_strictly`,`dept_check_strictly`,`status`,`del_flag`,`create_by`,`create_time`,`update_by`,`update_time`,`remark`) values 
(1,'超级管理员','admin',1,'1',1,1,'0','0','admin','2022-03-31 22:59:02','',NULL,'超级管理员'),
(2,'普通角色','common',2,'2',1,1,'0','0','admin','2022-03-31 22:59:02','',NULL,'普通角色');

/*Table structure for table `sys_role_dept` */

DROP TABLE IF EXISTS `sys_role_dept`;

CREATE TABLE `sys_role_dept` (
  `role_id` bigint NOT NULL COMMENT '角色ID',
  `dept_id` bigint NOT NULL COMMENT '部门ID',
  PRIMARY KEY (`role_id`,`dept_id`)
) ENGINE=InnoDB DEFAULT CHARSET=utf8mb4 COLLATE=utf8mb4_0900_ai_ci COMMENT='角色和部门关联表';

/*Data for the table `sys_role_dept` */

insert  into `sys_role_dept`(`role_id`,`dept_id`) values 
(2,100),
(2,101),
(2,105);

/*Table structure for table `sys_role_menu` */

DROP TABLE IF EXISTS `sys_role_menu`;

CREATE TABLE `sys_role_menu` (
  `role_id` bigint NOT NULL COMMENT '角色ID',
  `menu_id` bigint NOT NULL COMMENT '菜单ID',
  PRIMARY KEY (`role_id`,`menu_id`)
) ENGINE=InnoDB DEFAULT CHARSET=utf8mb4 COLLATE=utf8mb4_0900_ai_ci COMMENT='角色和菜单关联表';

/*Data for the table `sys_role_menu` */

insert  into `sys_role_menu`(`role_id`,`menu_id`) values 
(2,1),
(2,2),
(2,3),
(2,4),
(2,100),
(2,101),
(2,102),
(2,103),
(2,104),
(2,105),
(2,106),
(2,107),
(2,108),
(2,109),
(2,110),
(2,111),
(2,112),
(2,113),
(2,114),
(2,115),
(2,116),
(2,500),
(2,501),
(2,1000),
(2,1001),
(2,1002),
(2,1003),
(2,1004),
(2,1005),
(2,1006),
(2,1007),
(2,1008),
(2,1009),
(2,1010),
(2,1011),
(2,1012),
(2,1013),
(2,1014),
(2,1015),
(2,1016),
(2,1017),
(2,1018),
(2,1019),
(2,1020),
(2,1021),
(2,1022),
(2,1023),
(2,1024),
(2,1025),
(2,1026),
(2,1027),
(2,1028),
(2,1029),
(2,1030),
(2,1031),
(2,1032),
(2,1033),
(2,1034),
(2,1035),
(2,1036),
(2,1037),
(2,1038),
(2,1039),
(2,1040),
(2,1041),
(2,1042),
(2,1043),
(2,1044),
(2,1045),
(2,1046),
(2,1047),
(2,1048),
(2,1049),
(2,1050),
(2,1051),
(2,1052),
(2,1053),
(2,1054),
(2,1055),
(2,1056),
(2,1057),
(2,1058),
(2,1059),
(2,1060);

/*Table structure for table `sys_user` */

DROP TABLE IF EXISTS `sys_user`;

CREATE TABLE `sys_user` (
  `user_id` bigint NOT NULL AUTO_INCREMENT COMMENT '用户ID',
  `dept_id` bigint DEFAULT NULL COMMENT '部门ID',
  `user_name` varchar(30) NOT NULL COMMENT '用户账号',
  `nick_name` varchar(30) NOT NULL COMMENT '用户昵称',
  `user_type` varchar(2) DEFAULT '00' COMMENT '用户类型（00系统用户）',
  `email` varchar(50) DEFAULT '' COMMENT '用户邮箱',
  `phonenumber` varchar(11) DEFAULT '' COMMENT '手机号码',
  `sex` char(1) DEFAULT '0' COMMENT '用户性别（0男 1女 2未知）',
  `avatar` varchar(100) DEFAULT '' COMMENT '头像地址',
  `password` varchar(100) DEFAULT '' COMMENT '密码',
  `status` char(1) DEFAULT '0' COMMENT '帐号状态（0正常 1停用）',
  `del_flag` char(1) DEFAULT '0' COMMENT '删除标志（0代表存在 2代表删除）',
  `login_ip` varchar(128) DEFAULT '' COMMENT '最后登录IP',
  `login_date` datetime DEFAULT NULL COMMENT '最后登录时间',
  `create_by` varchar(64) DEFAULT '' COMMENT '创建者',
  `create_time` datetime DEFAULT NULL COMMENT '创建时间',
  `update_by` varchar(64) DEFAULT '' COMMENT '更新者',
  `update_time` datetime DEFAULT NULL COMMENT '更新时间',
  `remark` varchar(500) DEFAULT NULL COMMENT '备注',
  PRIMARY KEY (`user_id`)
) ENGINE=InnoDB AUTO_INCREMENT=100 DEFAULT CHARSET=utf8mb4 COLLATE=utf8mb4_0900_ai_ci COMMENT='用户信息表';

/*Data for the table `sys_user` */

insert  into `sys_user`(`user_id`,`dept_id`,`user_name`,`nick_name`,`user_type`,`email`,`phonenumber`,`sex`,`avatar`,`password`,`status`,`del_flag`,`login_ip`,`login_date`,`create_by`,`create_time`,`update_by`,`update_time`,`remark`) values 
(1,103,'admin','熊猫圈里的老鼠屎','00','123@163.com','15888888888','0','','$2a$10$7JB720yubVSZvUI0rEqK/.VqGOZTH.ulu33dHOiBE8ByOhJIrdAu2','0','0','127.0.0.1','2022-05-04 11:10:00','admin','2022-03-31 22:59:02','','2022-05-04 11:09:59','管理员'),
(2,105,'ry','若依','00','ry@qq.com','15666666666','1','','$2a$10$7JB720yubVSZvUI0rEqK/.VqGOZTH.ulu33dHOiBE8ByOhJIrdAu2','0','0','127.0.0.1','2022-03-31 22:59:02','admin','2022-03-31 22:59:02','',NULL,'测试员');

/*Table structure for table `sys_user_post` */

DROP TABLE IF EXISTS `sys_user_post`;

CREATE TABLE `sys_user_post` (
  `user_id` bigint NOT NULL COMMENT '用户ID',
  `post_id` bigint NOT NULL COMMENT '岗位ID',
  PRIMARY KEY (`user_id`,`post_id`)
) ENGINE=InnoDB DEFAULT CHARSET=utf8mb4 COLLATE=utf8mb4_0900_ai_ci COMMENT='用户与岗位关联表';

/*Data for the table `sys_user_post` */

insert  into `sys_user_post`(`user_id`,`post_id`) values 
(1,1),
(2,2);

/*Table structure for table `sys_user_role` */

DROP TABLE IF EXISTS `sys_user_role`;

CREATE TABLE `sys_user_role` (
  `user_id` bigint NOT NULL COMMENT '用户ID',
  `role_id` bigint NOT NULL COMMENT '角色ID',
  PRIMARY KEY (`user_id`,`role_id`)
) ENGINE=InnoDB DEFAULT CHARSET=utf8mb4 COLLATE=utf8mb4_0900_ai_ci COMMENT='用户和角色关联表';

/*Data for the table `sys_user_role` */

insert  into `sys_user_role`(`user_id`,`role_id`) values 
(1,1),
(2,2);

/*!40101 SET SQL_MODE=@OLD_SQL_MODE */;
/*!40014 SET FOREIGN_KEY_CHECKS=@OLD_FOREIGN_KEY_CHECKS */;
/*!40014 SET UNIQUE_CHECKS=@OLD_UNIQUE_CHECKS */;
/*!40111 SET SQL_NOTES=@OLD_SQL_NOTES */;
